run_id,setup,model,image_id,annotation_id,prompt_id,prompt_type,noise_level,trial,iou,seconds,encode_seconds,predicted_score,status,error,seed,mask_path,device,started_at_utc
sam_vit_b:ann100384_box_n00_t0,"setup1,setup2",sam_vit_b,92091,100384,ann100384_box_n00_t0,box,0.0,0,0.4284711935760505,0.10141249996377155,11.653572499984875,0.6596020460128784,ok,,2026,results/duong/masks/sam_vit_b/ann100384_box_n00_t0.png,cpu,2026-10-05T16:19:40.105754+00:00
sam_vit_b:ann100384_box_n10_t1,setup3,sam_vit_b,92091,100384,ann100384_box_n10_t1,box,0.1,1,0.19104760401042079,0.09721699997317046,11.653572499984875,0.6230262517929077,ok,,2026,results/duong/masks/sam_vit_b/ann100384_box_n10_t1.png,cpu,2026-10-05T16:19:40.338589+00:00
sam_vit_b:ann100384_box_n10_t2,setup3,sam_vit_b,92091,100384,ann100384_box_n10_t2,box,0.1,2,0.028246396483743778,0.10728170000948012,11.653572499984875,0.7563636302947998,ok,,2026,results/duong/masks/sam_vit_b/ann100384_box_n10_t2.png,cpu,2026-10-05T16:19:40.578263+00:00
sam_vit_b:ann100384_box_n10_t3,setup3,sam_vit_b,92091,100384,ann100384_box_n10_t3,box,0.1,3,0.20691276745826476,0.09457600000314415,11.653572499984875,0.7424024939537048,ok,,2026,results/duong/masks/sam_vit_b/ann100384_box_n10_t3.png,cpu,2026-10-05T16:19:40.820158+00:00
sam_vit_b:ann100384_box_n20_t1,setup3,sam_vit_b,92091,100384,ann100384_box_n20_t1,box,0.2,1,0.04809457147301291,0.09915389999514446,11.653572499984875,0.7608556151390076,ok,,2026,results/duong/masks/sam_vit_b/ann100384_box_n20_t1.png,cpu,2026-10-05T16:19:41.053253+00:00
sam_vit_b:ann100384_box_n20_t2,setup3,sam_vit_b,92091,100384,ann100384_box_n20_t2,box,0.2,2,0.0052860404741797255,0.10391760000493377,11.653572499984875,0.624103307723999,ok,,2026,results/duong/masks/sam_vit_b/ann100384_box_n20_t2.png,cpu,2026-10-05T16:19:41.278483+00:00
sam_vit_b:ann100384_box_n20_t3,setup3,sam_vit_b,92091,100384,ann100384_box_n20_t3,box,0.2,3,0.051353362842257826,0.09925570001360029,11.653572499984875,0.7063724994659424,ok,,2026,results/duong/masks/sam_vit_b/ann100384_box_n20_t3.png,cpu,2026-10-05T16:19:41.518658+00:00
sam_vit_b:ann100384_point_n00_t0,"setup1,setup2",sam_vit_b,92091,100384,ann100384_point_n00_t0,point,0.0,0,0.13249148919325468,0.09522779996041209,11.653572499984875,0.8299350142478943,ok,,2026,results/duong/masks/sam_vit_b/ann100384_point_n00_t0.png,cpu,2026-10-05T16:19:39.997497+00:00
sam_vit_b:ann100384_point_n10_t1,setup3,sam_vit_b,92091,100384,ann100384_point_n10_t1,point,0.1,1,0.05075217735550277,0.10550810000859201,11.653572499984875,0.8171557784080505,ok,,2026,results/duong/masks/sam_vit_b/ann100384_point_n10_t1.png,cpu,2026-10-05T16:19:40.220632+00:00
sam_vit_b:ann100384_point_n10_t2,setup3,sam_vit_b,92091,100384,ann100384_point_n10_t2,point,0.1,2,0.05588340132282467,0.11205579998204485,11.653572499984875,0.804877519607544,ok,,2026,results/duong/masks/sam_vit_b/ann100384_point_n10_t2.png,cpu,2026-10-05T16:19:40.448446+00:00
sam_vit_b:ann100384_point_n10_t3,setup3,sam_vit_b,92091,100384,ann100384_point_n10_t3,point,0.1,3,0.24050958220133636,0.1057577999890782,11.653572499984875,0.5776059031486511,ok,,2026,results/duong/masks/sam_vit_b/ann100384_point_n10_t3.png,cpu,2026-10-05T16:19:40.702028+00:00
sam_vit_b:ann100384_point_n20_t1,setup3,sam_vit_b,92091,100384,ann100384_point_n20_t1,point,0.2,1,0.06886049914962623,0.09999720001360402,11.653572499984875,0.7568106055259705,ok,,2026,results/duong/masks/sam_vit_b/ann100384_point_n20_t1.png,cpu,2026-10-05T16:19:40.929479+00:00
sam_vit_b:ann100384_point_n20_t2,setup3,sam_vit_b,92091,100384,ann100384_point_n20_t2,point,0.2,2,0.0006193868070610096,0.10003169998526573,11.653572499984875,0.635972797870636,ok,,2026,results/duong/masks/sam_vit_b/ann100384_point_n20_t2.png,cpu,2026-10-05T16:19:41.168287+00:00
sam_vit_b:ann100384_point_n20_t3,setup3,sam_vit_b,92091,100384,ann100384_point_n20_t3,point,0.2,3,0.0012496373820096848,0.09861829999135807,11.653572499984875,0.7618499994277954,ok,,2026,results/duong/masks/sam_vit_b/ann100384_point_n20_t3.png,cpu,2026-10-05T16:19:41.397461+00:00
sam_vit_b:ann1042325_box_n00_t0,"setup1,setup2",sam_vit_b,474854,1042325,ann1042325_box_n00_t0,box,0.0,0,0.7798058252427185,0.10278050001943484,12.311561100010294,0.8704348206520081,ok,,2026,results/duong/masks/sam_vit_b/ann1042325_box_n00_t0.png,cpu,2026-10-05T16:17:10.086386+00:00
sam_vit_b:ann1042325_box_n10_t1,setup3,sam_vit_b,474854,1042325,ann1042325_box_n10_t1,box,0.1,1,0.7769607843137255,0.10340869997162372,12.311561100010294,0.9064719676971436,ok,,2026,results/duong/masks/sam_vit_b/ann1042325_box_n10_t1.png,cpu,2026-10-05T16:17:10.314595+00:00
sam_vit_b:ann1042325_box_n10_t2,setup3,sam_vit_b,474854,1042325,ann1042325_box_n10_t2,box,0.1,2,0.7627934978928357,0.10326010000426322,12.311561100010294,0.6867944002151489,ok,,2026,results/duong/masks/sam_vit_b/ann1042325_box_n10_t2.png,cpu,2026-10-05T16:17:10.542159+00:00
sam_vit_b:ann1042325_box_n10_t3,setup3,sam_vit_b,474854,1042325,ann1042325_box_n10_t3,box,0.1,3,0.7795334838224228,0.10297710000304505,12.311561100010294,0.9121913313865662,ok,,2026,results/duong/masks/sam_vit_b/ann1042325_box_n10_t3.png,cpu,2026-10-05T16:17:10.799244+00:00
sam_vit_b:ann1042325_box_n20_t1,setup3,sam_vit_b,474854,1042325,ann1042325_box_n20_t1,box,0.2,1,0.5093901258470475,0.10614669998176396,12.311561100010294,0.8089578747749329,ok,,2026,results/duong/masks/sam_vit_b/ann1042325_box_n20_t1.png,cpu,2026-10-05T16:17:11.029723+00:00
sam_vit_b:ann1042325_box_n20_t2,setup3,sam_vit_b,474854,1042325,ann1042325_box_n20_t2,box,0.2,2,0.32354715463502914,0.09293280000565574,12.311561100010294,0.4950273334980011,ok,,2026,results/duong/masks/sam_vit_b/ann1042325_box_n20_t2.png,cpu,2026-10-05T16:17:11.259847+00:00
sam_vit_b:ann1042325_box_n20_t3,setup3,sam_vit_b,474854,1042325,ann1042325_box_n20_t3,box,0.2,3,0.6426285068725287,0.10166769998613745,12.311561100010294,0.9249455332756042,ok,,2026,results/duong/masks/sam_vit_b/ann1042325_box_n20_t3.png,cpu,2026-10-05T16:17:11.469631+00:00
sam_vit_b:ann1042325_point_n00_t0,"setup1,setup2",sam_vit_b,474854,1042325,ann1042325_point_n00_t0,point,0.0,0,0.796796423915068,0.0945946000283584,12.311561100010294,0.8982974886894226,ok,,2026,results/duong/masks/sam_vit_b/ann1042325_point_n00_t0.png,cpu,2026-10-05T16:17:09.978638+00:00
sam_vit_b:ann1042325_point_n10_t1,setup3,sam_vit_b,474854,1042325,ann1042325_point_n10_t1,point,0.1,1,0.7905241559410557,0.10107560001779348,12.311561100010294,0.9086050987243652,ok,,2026,results/duong/masks/sam_vit_b/ann1042325_point_n10_t1.png,cpu,2026-10-05T16:17:10.201872+00:00
sam_vit_b:ann1042325_point_n10_t2,setup3,sam_vit_b,474854,1042325,ann1042325_point_n10_t2,point,0.1,2,0.7943131462333826,0.10114169999724254,12.311561100010294,0.828968346118927,ok,,2026,results/duong/masks/sam_vit_b/ann1042325_point_n10_t2.png,cpu,2026-10-05T16:17:10.430289+00:00
sam_vit_b:ann1042325_point_n10_t3,setup3,sam_vit_b,474854,1042325,ann1042325_point_n10_t3,point,0.1,3,0.794106676613204,0.1252791999722831,12.311561100010294,0.8994316458702087,ok,,2026,results/duong/masks/sam_vit_b/ann1042325_point_n10_t3.png,cpu,2026-10-05T16:17:10.659813+00:00
sam_vit_b:ann1042325_point_n20_t1,setup3,sam_vit_b,474854,1042325,ann1042325_point_n20_t1,point,0.2,1,0.0028573327131370856,0.10594570002285764,12.311561100010294,0.8142712116241455,ok,,2026,results/duong/masks/sam_vit_b/ann1042325_point_n20_t1.png,cpu,2026-10-05T16:17:10.915719+00:00
sam_vit_b:ann1042325_point_n20_t2,setup3,sam_vit_b,474854,1042325,ann1042325_point_n20_t2,point,0.2,2,0.004937125495822432,0.09327399998437613,12.311561100010294,0.5412351489067078,ok,,2026,results/duong/masks/sam_vit_b/ann1042325_point_n20_t2.png,cpu,2026-10-05T16:17:11.153847+00:00
sam_vit_b:ann1042325_point_n20_t3,setup3,sam_vit_b,474854,1042325,ann1042325_point_n20_t3,point,0.2,3,0.7872142724400669,0.09802739997394383,12.311561100010294,0.7651365399360657,ok,,2026,results/duong/masks/sam_vit_b/ann1042325_point_n20_t3.png,cpu,2026-10-05T16:17:11.363584+00:00
sam_vit_b:ann1044692_box_n00_t0,"setup1,setup2",sam_vit_b,352618,1044692,ann1044692_box_n00_t0,box,0.0,0,0.7419116560791845,0.1077621000004001,11.685322899953462,0.9898819327354431,ok,,2026,results/duong/masks/sam_vit_b/ann1044692_box_n00_t0.png,cpu,2026-10-05T16:24:13.725190+00:00
sam_vit_b:ann1044692_box_n10_t1,setup3,sam_vit_b,352618,1044692,ann1044692_box_n10_t1,box,0.1,1,0.7424264814541156,0.11226669995812699,11.685322899953462,0.9900563359260559,ok,,2026,results/duong/masks/sam_vit_b/ann1044692_box_n10_t1.png,cpu,2026-10-05T16:24:13.986200+00:00
sam_vit_b:ann1044692_box_n10_t2,setup3,sam_vit_b,352618,1044692,ann1044692_box_n10_t2,box,0.1,2,0.7420259893679858,0.11050390003947541,11.685322899953462,0.9866219758987427,ok,,2026,results/duong/masks/sam_vit_b/ann1044692_box_n10_t2.png,cpu,2026-10-05T16:24:14.267582+00:00
sam_vit_b:ann1044692_box_n10_t3,setup3,sam_vit_b,352618,1044692,ann1044692_box_n10_t3,box,0.1,3,0.7383798140770252,0.11528760002693161,11.685322899953462,0.9272729754447937,ok,,2026,results/duong/masks/sam_vit_b/ann1044692_box_n10_t3.png,cpu,2026-10-05T16:24:14.587634+00:00
sam_vit_b:ann1044692_box_n20_t1,setup3,sam_vit_b,352618,1044692,ann1044692_box_n20_t1,box,0.2,1,0.6113100566994927,0.101953900011722,11.685322899953462,0.844636082649231,ok,,2026,results/duong/masks/sam_vit_b/ann1044692_box_n20_t1.png,cpu,2026-10-05T16:24:14.844737+00:00
sam_vit_b:ann1044692_box_n20_t2,setup3,sam_vit_b,352618,1044692,ann1044692_box_n20_t2,box,0.2,2,0.6876316581402347,0.09374310000566766,11.685322899953462,0.8341965675354004,ok,,2026,results/duong/masks/sam_vit_b/ann1044692_box_n20_t2.png,cpu,2026-10-05T16:24:15.091391+00:00
sam_vit_b:ann1044692_box_n20_t3,setup3,sam_vit_b,352618,1044692,ann1044692_box_n20_t3,box,0.2,3,0.02728613569321534,0.09674759994959459,11.685322899953462,0.5178533792495728,ok,,2026,results/duong/masks/sam_vit_b/ann1044692_box_n20_t3.png,cpu,2026-10-05T16:24:15.318428+00:00
sam_vit_b:ann1044692_point_n00_t0,"setup1,setup2",sam_vit_b,352618,1044692,ann1044692_point_n00_t0,point,0.0,0,0.7403347652199674,0.10784479998983443,11.685322899953462,0.9083119630813599,ok,,2026,results/duong/masks/sam_vit_b/ann1044692_point_n00_t0.png,cpu,2026-10-05T16:24:13.597466+00:00
sam_vit_b:ann1044692_point_n10_t1,setup3,sam_vit_b,352618,1044692,ann1044692_point_n10_t1,point,0.1,1,0.01783406565003877,0.1104367999942042,11.685322899953462,0.9475710988044739,ok,,2026,results/duong/masks/sam_vit_b/ann1044692_point_n10_t1.png,cpu,2026-10-05T16:24:13.854095+00:00
sam_vit_b:ann1044692_point_n10_t2,setup3,sam_vit_b,352618,1044692,ann1044692_point_n10_t2,point,0.1,2,0.7407078335554569,0.11723479995271191,11.685322899953462,0.9070139527320862,ok,,2026,results/duong/masks/sam_vit_b/ann1044692_point_n10_t2.png,cpu,2026-10-05T16:24:14.125548+00:00
sam_vit_b:ann1044692_point_n10_t3,setup3,sam_vit_b,352618,1044692,ann1044692_point_n10_t3,point,0.1,3,0.7458579881656805,0.15638709999620914,11.685322899953462,0.9265835881233215,ok,,2026,results/duong/masks/sam_vit_b/ann1044692_point_n10_t3.png,cpu,2026-10-05T16:24:14.410570+00:00
sam_vit_b:ann1044692_point_n20_t1,setup3,sam_vit_b,352618,1044692,ann1044692_point_n20_t1,point,0.2,1,0.017584690974915957,0.09986930002924055,11.685322899953462,0.9668211340904236,ok,,2026,results/duong/masks/sam_vit_b/ann1044692_point_n20_t1.png,cpu,2026-10-05T16:24:14.724140+00:00
sam_vit_b:ann1044692_point_n20_t2,setup3,sam_vit_b,352618,1044692,ann1044692_point_n20_t2,point,0.2,2,0.040736372061673264,0.09841999999480322,11.685322899953462,0.5116064548492432,ok,,2026,results/duong/masks/sam_vit_b/ann1044692_point_n20_t2.png,cpu,2026-10-05T16:24:14.974579+00:00
sam_vit_b:ann1044692_point_n20_t3,setup3,sam_vit_b,352618,1044692,ann1044692_point_n20_t3,point,0.2,3,0.014644128113879003,0.09647499996935949,11.685322899953462,0.9675964117050171,ok,,2026,results/duong/masks/sam_vit_b/ann1044692_point_n20_t3.png,cpu,2026-10-05T16:24:15.203768+00:00
sam_vit_b:ann1050658_box_n00_t0,"setup1,setup2",sam_vit_b,402783,1050658,ann1050658_box_n00_t0,box,0.0,0,0.9605223015437183,0.11557090003043413,20.594113300030585,0.9847105741500854,ok,,2026,results/duong/masks/sam_vit_b/ann1050658_box_n00_t0.png,cpu,2026-10-05T16:26:03.014095+00:00
sam_vit_b:ann1050658_box_n10_t1,setup3,sam_vit_b,402783,1050658,ann1050658_box_n10_t1,box,0.1,1,0.9478122708384258,0.11248569999588653,20.594113300030585,0.9524973630905151,ok,,2026,results/duong/masks/sam_vit_b/ann1050658_box_n10_t1.png,cpu,2026-10-05T16:26:03.313496+00:00
sam_vit_b:ann1050658_box_n10_t2,setup3,sam_vit_b,402783,1050658,ann1050658_box_n10_t2,box,0.1,2,0.9396214896214896,0.12448509997921064,20.594113300030585,0.959030270576477,ok,,2026,results/duong/masks/sam_vit_b/ann1050658_box_n10_t2.png,cpu,2026-10-05T16:26:03.600924+00:00
sam_vit_b:ann1050658_box_n10_t3,setup3,sam_vit_b,402783,1050658,ann1050658_box_n10_t3,box,0.1,3,0.7145563431923735,0.11565049999626353,20.594113300030585,0.9363883137702942,ok,,2026,results/duong/masks/sam_vit_b/ann1050658_box_n10_t3.png,cpu,2026-10-05T16:26:03.892179+00:00
sam_vit_b:ann1050658_box_n20_t1,setup3,sam_vit_b,402783,1050658,ann1050658_box_n20_t1,box,0.2,1,0.4357919302339864,0.11388309998437762,20.594113300030585,0.8320741057395935,ok,,2026,results/duong/masks/sam_vit_b/ann1050658_box_n20_t1.png,cpu,2026-10-05T16:26:04.177671+00:00
sam_vit_b:ann1050658_box_n20_t2,setup3,sam_vit_b,402783,1050658,ann1050658_box_n20_t2,box,0.2,2,0.44254744211754593,0.12736050004605204,20.594113300030585,0.7889134883880615,ok,,2026,results/duong/masks/sam_vit_b/ann1050658_box_n20_t2.png,cpu,2026-10-05T16:26:04.465934+00:00
sam_vit_b:ann1050658_box_n20_t3,setup3,sam_vit_b,402783,1050658,ann1050658_box_n20_t3,box,0.2,3,0.2006625360407337,0.1137106999522075,20.594113300030585,0.7569029331207275,ok,,2026,results/duong/masks/sam_vit_b/ann1050658_box_n20_t3.png,cpu,2026-10-05T16:26:04.780307+00:00
sam_vit_b:ann1050658_point_n00_t0,"setup1,setup2",sam_vit_b,402783,1050658,ann1050658_point_n00_t0,point,0.0,0,0.367377018976847,0.11598840000806376,20.594113300030585,0.9028283357620239,ok,,2026,results/duong/masks/sam_vit_b/ann1050658_point_n00_t0.png,cpu,2026-10-05T16:26:02.872278+00:00
sam_vit_b:ann1050658_point_n10_t1,setup3,sam_vit_b,402783,1050658,ann1050658_point_n10_t1,point,0.1,1,0.3684824663759749,0.1324476000154391,20.594113300030585,0.9229534268379211,ok,,2026,results/duong/masks/sam_vit_b/ann1050658_point_n10_t1.png,cpu,2026-10-05T16:26:03.154824+00:00
sam_vit_b:ann1050658_point_n10_t2,setup3,sam_vit_b,402783,1050658,ann1050658_point_n10_t2,point,0.1,2,0.368236811398391,0.11931989999720827,20.594113300030585,0.8821468949317932,ok,,2026,results/duong/masks/sam_vit_b/ann1050658_point_n10_t2.png,cpu,2026-10-05T16:26:03.448246+00:00
sam_vit_b:ann1050658_point_n10_t3,setup3,sam_vit_b,402783,1050658,ann1050658_point_n10_t3,point,0.1,3,0.14761144541323837,0.12025679997168481,20.594113300030585,0.8733983039855957,ok,,2026,results/duong/masks/sam_vit_b/ann1050658_point_n10_t3.png,cpu,2026-10-05T16:26:03.748517+00:00
sam_vit_b:ann1050658_point_n20_t1,setup3,sam_vit_b,402783,1050658,ann1050658_point_n20_t1,point,0.2,1,0.3733341521832586,0.1087682000361383,20.594113300030585,0.9243488311767578,ok,,2026,results/duong/masks/sam_vit_b/ann1050658_point_n20_t1.png,cpu,2026-10-05T16:26:04.035151+00:00
sam_vit_b:ann1050658_point_n20_t2,setup3,sam_vit_b,402783,1050658,ann1050658_point_n20_t2,point,0.2,2,0.37253577350611067,0.12469780002720654,20.594113300030585,0.8704621195793152,ok,,2026,results/duong/masks/sam_vit_b/ann1050658_point_n20_t2.png,cpu,2026-10-05T16:26:04.316101+00:00
sam_vit_b:ann1050658_point_n20_t3,setup3,sam_vit_b,402783,1050658,ann1050658_point_n20_t3,point,0.2,3,0.4506508586445028,0.1356554999947548,20.594113300030585,0.7488299608230591,ok,,2026,results/duong/masks/sam_vit_b/ann1050658_point_n20_t3.png,cpu,2026-10-05T16:26:04.617263+00:00
sam_vit_b:ann1070882_box_n00_t0,"setup1,setup2",sam_vit_b,248400,1070882,ann1070882_box_n00_t0,box,0.0,0,0.8709136630343671,0.09697210002923384,12.242667399987113,0.9760987162590027,ok,,2026,results/duong/masks/sam_vit_b/ann1070882_box_n00_t0.png,cpu,2026-10-05T16:22:19.918651+00:00
sam_vit_b:ann1070882_box_n10_t1,setup3,sam_vit_b,248400,1070882,ann1070882_box_n10_t1,box,0.1,1,0.12910244786944697,0.09812480001710355,12.242667399987113,0.6075764298439026,ok,,2026,results/duong/masks/sam_vit_b/ann1070882_box_n10_t1.png,cpu,2026-10-05T16:22:20.159676+00:00
sam_vit_b:ann1070882_box_n10_t2,setup3,sam_vit_b,248400,1070882,ann1070882_box_n10_t2,box,0.1,2,0.2875980349909506,0.10315750003792346,12.242667399987113,0.4471780061721802,ok,,2026,results/duong/masks/sam_vit_b/ann1070882_box_n10_t2.png,cpu,2026-10-05T16:22:20.388220+00:00
sam_vit_b:ann1070882_box_n10_t3,setup3,sam_vit_b,248400,1070882,ann1070882_box_n10_t3,box,0.1,3,0.812346146563151,0.10163170000305399,12.242667399987113,0.6409985423088074,ok,,2026,results/duong/masks/sam_vit_b/ann1070882_box_n10_t3.png,cpu,2026-10-05T16:22:20.633821+00:00
sam_vit_b:ann1070882_box_n20_t1,setup3,sam_vit_b,248400,1070882,ann1070882_box_n20_t1,box,0.2,1,0.04072150860890954,0.10189990000799298,12.242667399987113,0.4744337797164917,ok,,2026,results/duong/masks/sam_vit_b/ann1070882_box_n20_t1.png,cpu,2026-10-05T16:22:20.871883+00:00
sam_vit_b:ann1070882_box_n20_t2,setup3,sam_vit_b,248400,1070882,ann1070882_box_n20_t2,box,0.2,2,0.009743452221328327,0.10015479999128729,12.242667399987113,0.8565653562545776,ok,,2026,results/duong/masks/sam_vit_b/ann1070882_box_n20_t2.png,cpu,2026-10-05T16:22:21.108321+00:00
sam_vit_b:ann1070882_box_n20_t3,setup3,sam_vit_b,248400,1070882,ann1070882_box_n20_t3,box,0.2,3,0.018940609951845908,0.09576600004220381,12.242667399987113,0.9459472894668579,ok,,2026,results/duong/masks/sam_vit_b/ann1070882_box_n20_t3.png,cpu,2026-10-05T16:22:21.338307+00:00
sam_vit_b:ann1070882_point_n00_t0,"setup1,setup2",sam_vit_b,248400,1070882,ann1070882_point_n00_t0,point,0.0,0,0.41816934535476286,0.08561270002974197,12.242667399987113,0.8073625564575195,ok,,2026,results/duong/masks/sam_vit_b/ann1070882_point_n00_t0.png,cpu,2026-10-05T16:22:19.818407+00:00
sam_vit_b:ann1070882_point_n10_t1,setup3,sam_vit_b,248400,1070882,ann1070882_point_n10_t1,point,0.1,1,0.41564552494853446,0.11187289998633787,12.242667399987113,0.8243157863616943,ok,,2026,results/duong/masks/sam_vit_b/ann1070882_point_n10_t1.png,cpu,2026-10-05T16:22:20.034668+00:00
sam_vit_b:ann1070882_point_n10_t2,setup3,sam_vit_b,248400,1070882,ann1070882_point_n10_t2,point,0.1,2,0.4149593177139496,0.09724599996116012,12.242667399987113,0.8325019478797913,ok,,2026,results/duong/masks/sam_vit_b/ann1070882_point_n10_t2.png,cpu,2026-10-05T16:22:20.278211+00:00
sam_vit_b:ann1070882_point_n10_t3,setup3,sam_vit_b,248400,1070882,ann1070882_point_n10_t3,point,0.1,3,0.41914935319482555,0.09796179999830201,12.242667399987113,0.8103455305099487,ok,,2026,results/duong/masks/sam_vit_b/ann1070882_point_n10_t3.png,cpu,2026-10-05T16:22:20.518218+00:00
sam_vit_b:ann1070882_point_n20_t1,setup3,sam_vit_b,248400,1070882,ann1070882_point_n20_t1,point,0.2,1,0.7787386032521854,0.10425819997908548,12.242667399987113,0.7601103782653809,ok,,2026,results/duong/masks/sam_vit_b/ann1070882_point_n20_t1.png,cpu,2026-10-05T16:22:20.749629+00:00
sam_vit_b:ann1070882_point_n20_t2,setup3,sam_vit_b,248400,1070882,ann1070882_point_n20_t2,point,0.2,2,0.505175983436853,0.09485200000926852,12.242667399987113,0.7858116626739502,ok,,2026,results/duong/masks/sam_vit_b/ann1070882_point_n20_t2.png,cpu,2026-10-05T16:22:20.998685+00:00
sam_vit_b:ann1070882_point_n20_t3,setup3,sam_vit_b,248400,1070882,ann1070882_point_n20_t3,point,0.2,3,0.4186114924494999,0.10074620001250878,12.242667399987113,0.8162955641746521,ok,,2026,results/duong/masks/sam_vit_b/ann1070882_point_n20_t3.png,cpu,2026-10-05T16:22:21.222669+00:00
sam_vit_b:ann1152444_box_n00_t0,"setup1,setup2",sam_vit_b,521282,1152444,ann1152444_box_n00_t0,box,0.0,0,0.8847619047619047,0.10898259998066351,12.295219100022223,0.9981521368026733,ok,,2026,results/duong/masks/sam_vit_b/ann1152444_box_n00_t0.png,cpu,2026-10-05T16:17:24.013625+00:00
sam_vit_b:ann1152444_box_n10_t1,setup3,sam_vit_b,521282,1152444,ann1152444_box_n10_t1,box,0.1,1,0.15346016449281383,0.10759590001543984,12.295219100022223,0.8337668776512146,ok,,2026,results/duong/masks/sam_vit_b/ann1152444_box_n10_t1.png,cpu,2026-10-05T16:17:24.268452+00:00
sam_vit_b:ann1152444_box_n10_t2,setup3,sam_vit_b,521282,1152444,ann1152444_box_n10_t2,box,0.1,2,0.7410070774625024,0.11983989999862388,12.295219100022223,0.9497700333595276,ok,,2026,results/duong/masks/sam_vit_b/ann1152444_box_n10_t2.png,cpu,2026-10-05T16:17:24.512732+00:00
sam_vit_b:ann1152444_box_n10_t3,setup3,sam_vit_b,521282,1152444,ann1152444_box_n10_t3,box,0.1,3,0.6826762323686474,0.11141220002900809,12.295219100022223,0.940210223197937,ok,,2026,results/duong/masks/sam_vit_b/ann1152444_box_n10_t3.png,cpu,2026-10-05T16:17:24.784070+00:00
sam_vit_b:ann1152444_box_n20_t1,setup3,sam_vit_b,521282,1152444,ann1152444_box_n20_t1,box,0.2,1,0.0779931774690074,0.11279919999651611,12.295219100022223,0.683523416519165,ok,,2026,results/duong/masks/sam_vit_b/ann1152444_box_n20_t1.png,cpu,2026-10-05T16:17:25.082183+00:00
sam_vit_b:ann1152444_box_n20_t2,setup3,sam_vit_b,521282,1152444,ann1152444_box_n20_t2,box,0.2,2,0.5701226017167523,0.107793600007426,12.295219100022223,0.9169613122940063,ok,,2026,results/duong/masks/sam_vit_b/ann1152444_box_n20_t2.png,cpu,2026-10-05T16:17:25.321830+00:00
sam_vit_b:ann1152444_box_n20_t3,setup3,sam_vit_b,521282,1152444,ann1152444_box_n20_t3,box,0.2,3,0.6215130369719741,0.11285340000176802,12.295219100022223,0.9820875525474548,ok,,2026,results/duong/masks/sam_vit_b/ann1152444_box_n20_t3.png,cpu,2026-10-05T16:17:25.564570+00:00
sam_vit_b:ann1152444_point_n00_t0,"setup1,setup2",sam_vit_b,521282,1152444,ann1152444_point_n00_t0,point,0.0,0,0.1412286997012534,0.10942679998697713,12.295219100022223,0.7340503334999084,ok,,2026,results/duong/masks/sam_vit_b/ann1152444_point_n00_t0.png,cpu,2026-10-05T16:17:23.888553+00:00
sam_vit_b:ann1152444_point_n10_t1,setup3,sam_vit_b,521282,1152444,ann1152444_point_n10_t1,point,0.1,1,0.5424285973867222,0.11804510001093149,12.295219100022223,0.6231455206871033,ok,,2026,results/duong/masks/sam_vit_b/ann1152444_point_n10_t1.png,cpu,2026-10-05T16:17:24.134366+00:00
sam_vit_b:ann1152444_point_n10_t2,setup3,sam_vit_b,521282,1152444,ann1152444_point_n10_t2,point,0.1,2,0.004525113545284531,0.1080159000121057,12.295219100022223,0.8319758176803589,ok,,2026,results/duong/masks/sam_vit_b/ann1152444_point_n10_t2.png,cpu,2026-10-05T16:17:24.388473+00:00
sam_vit_b:ann1152444_point_n10_t3,setup3,sam_vit_b,521282,1152444,ann1152444_point_n10_t3,point,0.1,3,0.7010750239888106,0.11337560001993552,12.295219100022223,0.899799108505249,ok,,2026,results/duong/masks/sam_vit_b/ann1152444_point_n10_t3.png,cpu,2026-10-05T16:17:24.651860+00:00
sam_vit_b:ann1152444_point_n20_t1,setup3,sam_vit_b,521282,1152444,ann1152444_point_n20_t1,point,0.2,1,0.017649612610205718,0.1604933000053279,12.295219100022223,0.5501435399055481,ok,,2026,results/duong/masks/sam_vit_b/ann1152444_point_n20_t1.png,cpu,2026-10-05T16:17:24.911833+00:00
sam_vit_b:ann1152444_point_n20_t2,setup3,sam_vit_b,521282,1152444,ann1152444_point_n20_t2,point,0.2,2,0.7112766337244211,0.09406150004360825,12.295219100022223,0.9127411842346191,ok,,2026,results/duong/masks/sam_vit_b/ann1152444_point_n20_t2.png,cpu,2026-10-05T16:17:25.213123+00:00
sam_vit_b:ann1152444_point_n20_t3,setup3,sam_vit_b,521282,1152444,ann1152444_point_n20_t3,point,0.2,3,0.58386366618554,0.10395229997811839,12.295219100022223,0.821598470211029,ok,,2026,results/duong/masks/sam_vit_b/ann1152444_point_n20_t3.png,cpu,2026-10-05T16:17:25.444697+00:00
sam_vit_b:ann1152662_box_n00_t0,"setup1,setup2",sam_vit_b,213224,1152662,ann1152662_box_n00_t0,box,0.0,0,0.7936133596787558,0.10661400004755706,11.554545200022403,0.9460946321487427,ok,,2026,results/duong/masks/sam_vit_b/ann1152662_box_n00_t0.png,cpu,2026-10-05T16:21:39.617536+00:00
sam_vit_b:ann1152662_box_n10_t1,setup3,sam_vit_b,213224,1152662,ann1152662_box_n10_t1,box,0.1,1,0.4171732036598631,0.09263349999673665,11.554545200022403,0.8891884684562683,ok,,2026,results/duong/masks/sam_vit_b/ann1152662_box_n10_t1.png,cpu,2026-10-05T16:21:39.858212+00:00
sam_vit_b:ann1152662_box_n10_t2,setup3,sam_vit_b,213224,1152662,ann1152662_box_n10_t2,box,0.1,2,0.643072,0.10766669997246936,11.554545200022403,0.9408856630325317,ok,,2026,results/duong/masks/sam_vit_b/ann1152662_box_n10_t2.png,cpu,2026-10-05T16:21:40.104799+00:00
sam_vit_b:ann1152662_box_n10_t3,setup3,sam_vit_b,213224,1152662,ann1152662_box_n10_t3,box,0.1,3,0.0032514450867052024,0.1002096000011079,11.554545200022403,0.6472548246383667,ok,,2026,results/duong/masks/sam_vit_b/ann1152662_box_n10_t3.png,cpu,2026-10-05T16:21:40.344238+00:00
sam_vit_b:ann1152662_box_n20_t1,setup3,sam_vit_b,213224,1152662,ann1152662_box_n20_t1,box,0.2,1,0.21941847060330472,0.10443820001091808,11.554545200022403,0.8188844919204712,ok,,2026,results/duong/masks/sam_vit_b/ann1152662_box_n20_t1.png,cpu,2026-10-05T16:21:40.573766+00:00
sam_vit_b:ann1152662_box_n20_t2,setup3,sam_vit_b,213224,1152662,ann1152662_box_n20_t2,box,0.2,2,0.613217837664421,0.1001976000261493,11.554545200022403,0.8130443692207336,ok,,2026,results/duong/masks/sam_vit_b/ann1152662_box_n20_t2.png,cpu,2026-10-05T16:21:40.805467+00:00
sam_vit_b:ann1152662_box_n20_t3,setup3,sam_vit_b,213224,1152662,ann1152662_box_n20_t3,box,0.2,3,0.000708753100794816,0.0970828999998048,11.554545200022403,0.9192019701004028,ok,,2026,results/duong/masks/sam_vit_b/ann1152662_box_n20_t3.png,cpu,2026-10-05T16:21:41.047531+00:00
sam_vit_b:ann1152662_point_n00_t0,"setup1,setup2",sam_vit_b,213224,1152662,ann1152662_point_n00_t0,point,0.0,0,0.9042113955408753,0.10195139999268577,11.554545200022403,0.9285355806350708,ok,,2026,results/duong/masks/sam_vit_b/ann1152662_point_n00_t0.png,cpu,2026-10-05T16:21:39.498273+00:00
sam_vit_b:ann1152662_point_n10_t1,setup3,sam_vit_b,213224,1152662,ann1152662_point_n10_t1,point,0.1,1,0.8635958773380837,0.10157539998181164,11.554545200022403,0.9176759123802185,ok,,2026,results/duong/masks/sam_vit_b/ann1152662_point_n10_t1.png,cpu,2026-10-05T16:21:39.740056+00:00
sam_vit_b:ann1152662_point_n10_t2,setup3,sam_vit_b,213224,1152662,ann1152662_point_n10_t2,point,0.1,2,0.5278027481700269,0.10968679998768494,11.554545200022403,0.638733983039856,ok,,2026,results/duong/masks/sam_vit_b/ann1152662_point_n10_t2.png,cpu,2026-10-05T16:21:39.958948+00:00
sam_vit_b:ann1152662_point_n10_t3,setup3,sam_vit_b,213224,1152662,ann1152662_point_n10_t3,point,0.1,3,0.8169418063611448,0.0998247999814339,11.554545200022403,0.8870636820793152,ok,,2026,results/duong/masks/sam_vit_b/ann1152662_point_n10_t3.png,cpu,2026-10-05T16:21:40.229841+00:00
sam_vit_b:ann1152662_point_n20_t1,setup3,sam_vit_b,213224,1152662,ann1152662_point_n20_t1,point,0.2,1,0.8866891590807817,0.0980120999738574,11.554545200022403,0.9356139302253723,ok,,2026,results/duong/masks/sam_vit_b/ann1152662_point_n20_t1.png,cpu,2026-10-05T16:21:40.459765+00:00
sam_vit_b:ann1152662_point_n20_t2,setup3,sam_vit_b,213224,1152662,ann1152662_point_n20_t2,point,0.2,2,0.9200558340206839,0.09505429997807369,11.554545200022403,0.891046404838562,ok,,2026,results/duong/masks/sam_vit_b/ann1152662_point_n20_t2.png,cpu,2026-10-05T16:21:40.692840+00:00
sam_vit_b:ann1152662_point_n20_t3,setup3,sam_vit_b,213224,1152662,ann1152662_point_n20_t3,point,0.2,3,0.7837405654343098,0.09946050000144169,11.554545200022403,0.7406625747680664,ok,,2026,results/duong/masks/sam_vit_b/ann1152662_point_n20_t3.png,cpu,2026-10-05T16:21:40.922584+00:00
sam_vit_b:ann1161337_box_n00_t0,"setup1,setup2",sam_vit_b,220310,1161337,ann1161337_box_n00_t0,box,0.0,0,0.6814872934920012,0.10201349999988452,16.87752730003558,0.8588457107543945,ok,,2026,results/duong/masks/sam_vit_b/ann1161337_box_n00_t0.png,cpu,2026-10-05T16:16:02.129510+00:00
sam_vit_b:ann1161337_box_n10_t1,setup3,sam_vit_b,220310,1161337,ann1161337_box_n10_t1,box,0.1,1,0.6138246596032962,0.09233810001751408,16.87752730003558,0.9548454284667969,ok,,2026,results/duong/masks/sam_vit_b/ann1161337_box_n10_t1.png,cpu,2026-10-05T16:16:02.349810+00:00
sam_vit_b:ann1161337_box_n10_t2,setup3,sam_vit_b,220310,1161337,ann1161337_box_n10_t2,box,0.1,2,0.2071583035438457,0.09494320000521839,16.87752730003558,0.710463285446167,ok,,2026,results/duong/masks/sam_vit_b/ann1161337_box_n10_t2.png,cpu,2026-10-05T16:16:02.548590+00:00
sam_vit_b:ann1161337_box_n10_t3,setup3,sam_vit_b,220310,1161337,ann1161337_box_n10_t3,box,0.1,3,0.07468784524628437,0.09666979999747127,16.87752730003558,0.6563259363174438,ok,,2026,results/duong/masks/sam_vit_b/ann1161337_box_n10_t3.png,cpu,2026-10-05T16:16:02.762131+00:00
sam_vit_b:ann1161337_box_n20_t1,setup3,sam_vit_b,220310,1161337,ann1161337_box_n20_t1,box,0.2,1,0.6227863832053615,0.09344679996138439,16.87752730003558,0.7835281491279602,ok,,2026,results/duong/masks/sam_vit_b/ann1161337_box_n20_t1.png,cpu,2026-10-05T16:16:02.984083+00:00
sam_vit_b:ann1161337_box_n20_t2,setup3,sam_vit_b,220310,1161337,ann1161337_box_n20_t2,box,0.2,2,0.00439625472914421,0.0876682999660261,16.87752730003558,0.7832443118095398,ok,,2026,results/duong/masks/sam_vit_b/ann1161337_box_n20_t2.png,cpu,2026-10-05T16:16:03.195809+00:00
sam_vit_b:ann1161337_box_n20_t3,setup3,sam_vit_b,220310,1161337,ann1161337_box_n20_t3,box,0.2,3,0.011209045758819026,0.08432470000116155,16.87752730003558,0.7413371205329895,ok,,2026,results/duong/masks/sam_vit_b/ann1161337_box_n20_t3.png,cpu,2026-10-05T16:16:03.388701+00:00
sam_vit_b:ann1161337_point_n00_t0,"setup1,setup2",sam_vit_b,220310,1161337,ann1161337_point_n00_t0,point,0.0,0,0.45046190922479584,0.09577399998670444,16.87752730003558,0.9184480905532837,ok,,2026,results/duong/masks/sam_vit_b/ann1161337_point_n00_t0.png,cpu,2026-10-05T16:16:02.024698+00:00
sam_vit_b:ann1161337_point_n10_t1,setup3,sam_vit_b,220310,1161337,ann1161337_point_n10_t1,point,0.1,1,0.4144604669851333,0.09756510000443086,16.87752730003558,0.8316620588302612,ok,,2026,results/duong/masks/sam_vit_b/ann1161337_point_n10_t1.png,cpu,2026-10-05T16:16:02.239937+00:00
sam_vit_b:ann1161337_point_n10_t2,setup3,sam_vit_b,220310,1161337,ann1161337_point_n10_t2,point,0.1,2,0.18004218004218003,0.09244609996676445,16.87752730003558,1.0117356777191162,ok,,2026,results/duong/masks/sam_vit_b/ann1161337_point_n10_t2.png,cpu,2026-10-05T16:16:02.448243+00:00
sam_vit_b:ann1161337_point_n10_t3,setup3,sam_vit_b,220310,1161337,ann1161337_point_n10_t3,point,0.1,3,0.2558139534883721,0.09499509999295697,16.87752730003558,0.977173924446106,ok,,2026,results/duong/masks/sam_vit_b/ann1161337_point_n10_t3.png,cpu,2026-10-05T16:16:02.658612+00:00
sam_vit_b:ann1161337_point_n20_t1,setup3,sam_vit_b,220310,1161337,ann1161337_point_n20_t1,point,0.2,1,0.4528192426980833,0.0935701999696903,16.87752730003558,0.9438844919204712,ok,,2026,results/duong/masks/sam_vit_b/ann1161337_point_n20_t1.png,cpu,2026-10-05T16:16:02.879963+00:00
sam_vit_b:ann1161337_point_n20_t2,setup3,sam_vit_b,220310,1161337,ann1161337_point_n20_t2,point,0.2,2,0.17982066761363635,0.0980752999894321,16.87752730003558,1.0099536180496216,ok,,2026,results/duong/masks/sam_vit_b/ann1161337_point_n20_t2.png,cpu,2026-10-05T16:16:03.088544+00:00
sam_vit_b:ann1161337_point_n20_t3,setup3,sam_vit_b,220310,1161337,ann1161337_point_n20_t3,point,0.2,3,0.25609061431951624,0.09189169999444857,16.87752730003558,0.982050895690918,ok,,2026,results/duong/masks/sam_vit_b/ann1161337_point_n20_t3.png,cpu,2026-10-05T16:16:03.293704+00:00
sam_vit_b:ann1216289_box_n00_t0,"setup1,setup2",sam_vit_b,257169,1216289,ann1216289_box_n00_t0,box,0.0,0,0.6068900976779552,0.2429312000167556,14.707496999995783,0.878643810749054,ok,,2026,results/duong/masks/sam_vit_b/ann1216289_box_n00_t0.png,cpu,2026-10-05T16:22:36.446214+00:00
sam_vit_b:ann1216289_box_n10_t1,setup3,sam_vit_b,257169,1216289,ann1216289_box_n10_t1,box,0.1,1,0.006793478260869565,0.22009999997681007,14.707496999995783,0.6052460074424744,ok,,2026,results/duong/masks/sam_vit_b/ann1216289_box_n10_t1.png,cpu,2026-10-05T16:22:36.994704+00:00
sam_vit_b:ann1216289_box_n10_t2,setup3,sam_vit_b,257169,1216289,ann1216289_box_n10_t2,box,0.1,2,0.01680533362719709,0.23451549996389076,14.707496999995783,0.8816207647323608,ok,,2026,results/duong/masks/sam_vit_b/ann1216289_box_n10_t2.png,cpu,2026-10-05T16:22:37.512385+00:00
sam_vit_b:ann1216289_box_n10_t3,setup3,sam_vit_b,257169,1216289,ann1216289_box_n10_t3,box,0.1,3,0.04149238748536055,0.2412305999896489,14.707496999995783,0.5909541845321655,ok,,2026,results/duong/masks/sam_vit_b/ann1216289_box_n10_t3.png,cpu,2026-10-05T16:22:38.038224+00:00
sam_vit_b:ann1216289_box_n20_t1,setup3,sam_vit_b,257169,1216289,ann1216289_box_n20_t1,box,0.2,1,0.5698546289211935,0.2474692999967374,14.707496999995783,0.8190475702285767,ok,,2026,results/duong/masks/sam_vit_b/ann1216289_box_n20_t1.png,cpu,2026-10-05T16:22:38.608337+00:00
sam_vit_b:ann1216289_box_n20_t2,setup3,sam_vit_b,257169,1216289,ann1216289_box_n20_t2,box,0.2,2,0.013853200759691655,0.2545826999703422,14.707496999995783,0.9304138422012329,ok,,2026,results/duong/masks/sam_vit_b/ann1216289_box_n20_t2.png,cpu,2026-10-05T16:22:39.363677+00:00
sam_vit_b:ann1216289_box_n20_t3,setup3,sam_vit_b,257169,1216289,ann1216289_box_n20_t3,box,0.2,3,0.6338303961439976,0.2966247000149451,14.707496999995783,0.6727627515792847,ok,,2026,results/duong/masks/sam_vit_b/ann1216289_box_n20_t3.png,cpu,2026-10-05T16:22:39.943202+00:00
sam_vit_b:ann1216289_point_n00_t0,"setup1,setup2",sam_vit_b,257169,1216289,ann1216289_point_n00_t0,point,0.0,0,0.8622490858891128,0.23806870001135394,14.707496999995783,0.8296541571617126,ok,,2026,results/duong/masks/sam_vit_b/ann1216289_point_n00_t0.png,cpu,2026-10-05T16:22:36.167159+00:00
sam_vit_b:ann1216289_point_n10_t1,setup3,sam_vit_b,257169,1216289,ann1216289_point_n10_t1,point,0.1,1,0.8614660390047074,0.2312971000210382,14.707496999995783,0.8969191908836365,ok,,2026,results/duong/masks/sam_vit_b/ann1216289_point_n10_t1.png,cpu,2026-10-05T16:22:36.731347+00:00
sam_vit_b:ann1216289_point_n10_t2,setup3,sam_vit_b,257169,1216289,ann1216289_point_n10_t2,point,0.1,2,0.8700366409930457,0.22141429997282103,14.707496999995783,0.7151820659637451,ok,,2026,results/duong/masks/sam_vit_b/ann1216289_point_n10_t2.png,cpu,2026-10-05T16:22:37.258521+00:00
sam_vit_b:ann1216289_point_n10_t3,setup3,sam_vit_b,257169,1216289,ann1216289_point_n10_t3,point,0.1,3,0.8625851358431255,0.22200120001798496,14.707496999995783,0.7933881878852844,ok,,2026,results/duong/masks/sam_vit_b/ann1216289_point_n10_t3.png,cpu,2026-10-05T16:22:37.781306+00:00
sam_vit_b:ann1216289_point_n20_t1,setup3,sam_vit_b,257169,1216289,ann1216289_point_n20_t1,point,0.2,1,0.0002147766323024055,0.23142009996809065,14.707496999995783,0.8138784170150757,ok,,2026,results/duong/masks/sam_vit_b/ann1216289_point_n20_t1.png,cpu,2026-10-05T16:22:38.343683+00:00
sam_vit_b:ann1216289_point_n20_t2,setup3,sam_vit_b,257169,1216289,ann1216289_point_n20_t2,point,0.2,2,0.0011816838995568684,0.4425747999921441,14.707496999995783,0.9040331244468689,ok,,2026,results/duong/masks/sam_vit_b/ann1216289_point_n20_t2.png,cpu,2026-10-05T16:22:38.895381+00:00
sam_vit_b:ann1216289_point_n20_t3,setup3,sam_vit_b,257169,1216289,ann1216289_point_n20_t3,point,0.2,3,0.02374394006170119,0.23252510000020266,14.707496999995783,0.7701698541641235,ok,,2026,results/duong/masks/sam_vit_b/ann1216289_point_n20_t3.png,cpu,2026-10-05T16:22:39.672559+00:00
sam_vit_b:ann1266826_box_n00_t0,"setup1,setup2",sam_vit_b,448410,1266826,ann1266826_box_n00_t0,box,0.0,0,0.37047353760445684,0.21402539999689907,25.81925699999556,0.7863257527351379,ok,,2026,results/duong/masks/sam_vit_b/ann1266826_box_n00_t0.png,cpu,2026-10-05T16:27:38.547603+00:00
sam_vit_b:ann1266826_box_n10_t1,setup3,sam_vit_b,448410,1266826,ann1266826_box_n10_t1,box,0.1,1,0.3282336578581363,0.21952849999070168,25.81925699999556,0.7755126953125,ok,,2026,results/duong/masks/sam_vit_b/ann1266826_box_n10_t1.png,cpu,2026-10-05T16:27:39.089387+00:00
sam_vit_b:ann1266826_box_n10_t2,setup3,sam_vit_b,448410,1266826,ann1266826_box_n10_t2,box,0.1,2,0.2894898586355255,0.2159770000143908,25.81925699999556,0.7831652760505676,ok,,2026,results/duong/masks/sam_vit_b/ann1266826_box_n10_t2.png,cpu,2026-10-05T16:27:39.605707+00:00
sam_vit_b:ann1266826_box_n10_t3,setup3,sam_vit_b,448410,1266826,ann1266826_box_n10_t3,box,0.1,3,0.5840500390930414,0.2678542000357993,25.81925699999556,0.8517979383468628,ok,,2026,results/duong/masks/sam_vit_b/ann1266826_box_n10_t3.png,cpu,2026-10-05T16:27:40.110665+00:00
sam_vit_b:ann1266826_box_n20_t1,setup3,sam_vit_b,448410,1266826,ann1266826_box_n20_t1,box,0.2,1,0.272608125819135,0.2096645999699831,25.81925699999556,0.7869840264320374,ok,,2026,results/duong/masks/sam_vit_b/ann1266826_box_n20_t1.png,cpu,2026-10-05T16:27:40.706451+00:00
sam_vit_b:ann1266826_box_n20_t2,setup3,sam_vit_b,448410,1266826,ann1266826_box_n20_t2,box,0.2,2,0.10489157841654059,0.20585789997130632,25.81925699999556,0.8314549326896667,ok,,2026,results/duong/masks/sam_vit_b/ann1266826_box_n20_t2.png,cpu,2026-10-05T16:27:41.223804+00:00
sam_vit_b:ann1266826_box_n20_t3,setup3,sam_vit_b,448410,1266826,ann1266826_box_n20_t3,box,0.2,3,0.3731459797033568,0.22873339999932796,25.81925699999556,0.7881692051887512,ok,,2026,results/duong/masks/sam_vit_b/ann1266826_box_n20_t3.png,cpu,2026-10-05T16:27:41.741267+00:00
sam_vit_b:ann1266826_point_n00_t0,"setup1,setup2",sam_vit_b,448410,1266826,ann1266826_point_n00_t0,point,0.0,0,0.16455696202531644,0.20819530001608655,25.81925699999556,0.7929866909980774,ok,,2026,results/duong/masks/sam_vit_b/ann1266826_point_n00_t0.png,cpu,2026-10-05T16:27:38.300365+00:00
sam_vit_b:ann1266826_point_n10_t1,setup3,sam_vit_b,448410,1266826,ann1266826_point_n10_t1,point,0.1,1,0.0002492522432701894,0.22956130001693964,25.81925699999556,0.3297521770000458,ok,,2026,results/duong/masks/sam_vit_b/ann1266826_point_n10_t1.png,cpu,2026-10-05T16:27:38.809935+00:00
sam_vit_b:ann1266826_point_n10_t2,setup3,sam_vit_b,448410,1266826,ann1266826_point_n10_t2,point,0.1,2,0.30482977038796516,0.21092569996835664,25.81925699999556,0.6018350124359131,ok,,2026,results/duong/masks/sam_vit_b/ann1266826_point_n10_t2.png,cpu,2026-10-05T16:27:39.348272+00:00
sam_vit_b:ann1266826_point_n10_t3,setup3,sam_vit_b,448410,1266826,ann1266826_point_n10_t3,point,0.1,3,0.0003661662394727206,0.21391970000695437,25.81925699999556,0.5975154042243958,ok,,2026,results/duong/masks/sam_vit_b/ann1266826_point_n10_t3.png,cpu,2026-10-05T16:27:39.858846+00:00
sam_vit_b:ann1266826_point_n20_t1,setup3,sam_vit_b,448410,1266826,ann1266826_point_n20_t1,point,0.2,1,0.00048123195380173246,0.23588719998952,25.81925699999556,0.6327446699142456,ok,,2026,results/duong/masks/sam_vit_b/ann1266826_point_n20_t1.png,cpu,2026-10-05T16:27:40.427187+00:00
sam_vit_b:ann1266826_point_n20_t2,setup3,sam_vit_b,448410,1266826,ann1266826_point_n20_t2,point,0.2,2,0.0248790601243953,0.20651730004465207,25.81925699999556,0.7667323350906372,ok,,2026,results/duong/masks/sam_vit_b/ann1266826_point_n20_t2.png,cpu,2026-10-05T16:27:40.971977+00:00
sam_vit_b:ann1266826_point_n20_t3,setup3,sam_vit_b,448410,1266826,ann1266826_point_n20_t3,point,0.2,3,0.00010766580534022394,0.2100741000031121,25.81925699999556,0.7777067422866821,ok,,2026,results/duong/masks/sam_vit_b/ann1266826_point_n20_t3.png,cpu,2026-10-05T16:27:41.475818+00:00
sam_vit_b:ann1372916_box_n00_t0,"setup1,setup2",sam_vit_b,124277,1372916,ann1372916_box_n00_t0,box,0.0,0,0.9315589353612167,0.11148749996209517,11.56918399996357,0.9096303582191467,ok,,2026,results/duong/masks/sam_vit_b/ann1372916_box_n00_t0.png,cpu,2026-10-05T16:20:32.789764+00:00
sam_vit_b:ann1372916_box_n10_t1,setup3,sam_vit_b,124277,1372916,ann1372916_box_n10_t1,box,0.1,1,0.9128787878787878,0.10412069997983053,11.56918399996357,0.9081598520278931,ok,,2026,results/duong/masks/sam_vit_b/ann1372916_box_n10_t1.png,cpu,2026-10-05T16:20:33.041297+00:00
sam_vit_b:ann1372916_box_n10_t2,setup3,sam_vit_b,124277,1372916,ann1372916_box_n10_t2,box,0.1,2,0.9067164179104478,0.10041040001669899,11.56918399996357,0.923338770866394,ok,,2026,results/duong/masks/sam_vit_b/ann1372916_box_n10_t2.png,cpu,2026-10-05T16:20:33.279871+00:00
sam_vit_b:ann1372916_box_n10_t3,setup3,sam_vit_b,124277,1372916,ann1372916_box_n10_t3,box,0.1,3,0.9318181818181818,0.08822710003005341,11.56918399996357,0.8942186832427979,ok,,2026,results/duong/masks/sam_vit_b/ann1372916_box_n10_t3.png,cpu,2026-10-05T16:20:33.499800+00:00
sam_vit_b:ann1372916_box_n20_t1,setup3,sam_vit_b,124277,1372916,ann1372916_box_n20_t1,box,0.2,1,0.8053435114503816,0.10134940000716597,11.56918399996357,0.8883598446846008,ok,,2026,results/duong/masks/sam_vit_b/ann1372916_box_n20_t1.png,cpu,2026-10-05T16:20:33.717653+00:00
sam_vit_b:ann1372916_box_n20_t2,setup3,sam_vit_b,124277,1372916,ann1372916_box_n20_t2,box,0.2,2,0.8805970149253731,0.10084610001649708,11.56918399996357,0.897602379322052,ok,,2026,results/duong/masks/sam_vit_b/ann1372916_box_n20_t2.png,cpu,2026-10-05T16:20:33.947750+00:00
sam_vit_b:ann1372916_box_n20_t3,setup3,sam_vit_b,124277,1372916,ann1372916_box_n20_t3,box,0.2,3,0.908745247148289,0.10284269996918738,11.56918399996357,0.884814441204071,ok,,2026,results/duong/masks/sam_vit_b/ann1372916_box_n20_t3.png,cpu,2026-10-05T16:20:34.201336+00:00
sam_vit_b:ann1372916_point_n00_t0,"setup1,setup2",sam_vit_b,124277,1372916,ann1372916_point_n00_t0,point,0.0,0,0.8015267175572519,0.10822530003497377,11.56918399996357,0.7942253351211548,ok,,2026,results/duong/masks/sam_vit_b/ann1372916_point_n00_t0.png,cpu,2026-10-05T16:20:32.666168+00:00
sam_vit_b:ann1372916_point_n10_t1,setup3,sam_vit_b,124277,1372916,ann1372916_point_n10_t1,point,0.1,1,0.8320610687022901,0.1107829999527894,11.56918399996357,0.8024160861968994,ok,,2026,results/duong/masks/sam_vit_b/ann1372916_point_n10_t1.png,cpu,2026-10-05T16:20:32.918477+00:00
sam_vit_b:ann1372916_point_n10_t2,setup3,sam_vit_b,124277,1372916,ann1372916_point_n10_t2,point,0.1,2,0.9132075471698113,0.1000550999888219,11.56918399996357,0.7276504635810852,ok,,2026,results/duong/masks/sam_vit_b/ann1372916_point_n10_t2.png,cpu,2026-10-05T16:20:33.159972+00:00
sam_vit_b:ann1372916_point_n10_t3,setup3,sam_vit_b,124277,1372916,ann1372916_point_n10_t3,point,0.1,3,0.8053435114503816,0.09664940001675859,11.56918399996357,0.7913942337036133,ok,,2026,results/duong/masks/sam_vit_b/ann1372916_point_n10_t3.png,cpu,2026-10-05T16:20:33.392039+00:00
sam_vit_b:ann1372916_point_n20_t1,setup3,sam_vit_b,124277,1372916,ann1372916_point_n20_t1,point,0.2,1,0.9198473282442748,0.09655789996031672,11.56918399996357,0.815971851348877,ok,,2026,results/duong/masks/sam_vit_b/ann1372916_point_n20_t1.png,cpu,2026-10-05T16:20:33.605303+00:00
sam_vit_b:ann1372916_point_n20_t2,setup3,sam_vit_b,124277,1372916,ann1372916_point_n20_t2,point,0.2,2,0.19318181818181818,0.10144030000083148,11.56918399996357,0.7686333656311035,ok,,2026,results/duong/masks/sam_vit_b/ann1372916_point_n20_t2.png,cpu,2026-10-05T16:20:33.828628+00:00
sam_vit_b:ann1372916_point_n20_t3,setup3,sam_vit_b,124277,1372916,ann1372916_point_n20_t3,point,0.2,3,0.8015267175572519,0.11249420000240207,11.56918399996357,0.7751893401145935,ok,,2026,results/duong/masks/sam_vit_b/ann1372916_point_n20_t3.png,cpu,2026-10-05T16:20:34.061133+00:00
sam_vit_b:ann141868_box_n00_t0,"setup1,setup2",sam_vit_b,382111,141868,ann141868_box_n00_t0,box,0.0,0,0.2940630797773655,0.09807740000542253,11.815411000046879,0.7697157859802246,ok,,2026,results/duong/masks/sam_vit_b/ann141868_box_n00_t0.png,cpu,2026-10-05T16:25:08.152397+00:00
sam_vit_b:ann141868_box_n10_t1,setup3,sam_vit_b,382111,141868,ann141868_box_n10_t1,box,0.1,1,0.31137724550898205,0.09491839999100193,11.815411000046879,0.790330708026886,ok,,2026,results/duong/masks/sam_vit_b/ann141868_box_n10_t1.png,cpu,2026-10-05T16:25:08.379820+00:00
sam_vit_b:ann141868_box_n10_t2,setup3,sam_vit_b,382111,141868,ann141868_box_n10_t2,box,0.1,2,0.5041208791208791,0.09354390000225976,11.815411000046879,0.6991695165634155,ok,,2026,results/duong/masks/sam_vit_b/ann141868_box_n10_t2.png,cpu,2026-10-05T16:25:08.609782+00:00
sam_vit_b:ann141868_box_n10_t3,setup3,sam_vit_b,382111,141868,ann141868_box_n10_t3,box,0.1,3,0.1855166802278275,0.09465250000357628,11.815411000046879,0.6352513432502747,ok,,2026,results/duong/masks/sam_vit_b/ann141868_box_n10_t3.png,cpu,2026-10-05T16:25:08.853359+00:00
sam_vit_b:ann141868_box_n20_t1,setup3,sam_vit_b,382111,141868,ann141868_box_n20_t1,box,0.2,1,0.3888888888888889,0.09243840002454817,11.815411000046879,0.8137546181678772,ok,,2026,results/duong/masks/sam_vit_b/ann141868_box_n20_t1.png,cpu,2026-10-05T16:25:09.085547+00:00
sam_vit_b:ann141868_box_n20_t2,setup3,sam_vit_b,382111,141868,ann141868_box_n20_t2,box,0.2,2,0.14652317880794702,0.12962969997897744,11.815411000046879,0.36649289727211,ok,,2026,results/duong/masks/sam_vit_b/ann141868_box_n20_t2.png,cpu,2026-10-05T16:25:09.310800+00:00
sam_vit_b:ann141868_box_n20_t3,setup3,sam_vit_b,382111,141868,ann141868_box_n20_t3,box,0.2,3,0.01208865010073875,0.15458139998372644,11.815411000046879,0.7424136996269226,ok,,2026,results/duong/masks/sam_vit_b/ann141868_box_n20_t3.png,cpu,2026-10-05T16:25:09.767145+00:00
sam_vit_b:ann141868_point_n00_t0,"setup1,setup2",sam_vit_b,382111,141868,ann141868_point_n00_t0,point,0.0,0,0.300148588410104,0.10422720003407449,11.815411000046879,0.7240940928459167,ok,,2026,results/duong/masks/sam_vit_b/ann141868_point_n00_t0.png,cpu,2026-10-05T16:25:08.027537+00:00
sam_vit_b:ann141868_point_n10_t1,setup3,sam_vit_b,382111,141868,ann141868_point_n10_t1,point,0.1,1,0.3308714918759232,0.09318199998233467,11.815411000046879,0.7134093642234802,ok,,2026,results/duong/masks/sam_vit_b/ann141868_point_n10_t1.png,cpu,2026-10-05T16:25:08.267573+00:00
sam_vit_b:ann141868_point_n10_t2,setup3,sam_vit_b,382111,141868,ann141868_point_n10_t2,point,0.1,2,0.016333938294010888,0.0993354000383988,11.815411000046879,0.8319076299667358,ok,,2026,results/duong/masks/sam_vit_b/ann141868_point_n10_t2.png,cpu,2026-10-05T16:25:08.493331+00:00
sam_vit_b:ann141868_point_n10_t3,setup3,sam_vit_b,382111,141868,ann141868_point_n10_t3,point,0.1,3,0.34416543574593794,0.10139910003636032,11.815411000046879,0.7146924734115601,ok,,2026,results/duong/masks/sam_vit_b/ann141868_point_n10_t3.png,cpu,2026-10-05T16:25:08.731755+00:00
sam_vit_b:ann141868_point_n20_t1,setup3,sam_vit_b,382111,141868,ann141868_point_n20_t1,point,0.2,1,0.39500734214390604,0.09966310003073886,11.815411000046879,0.7586135268211365,ok,,2026,results/duong/masks/sam_vit_b/ann141868_point_n20_t1.png,cpu,2026-10-05T16:25:08.968473+00:00
sam_vit_b:ann141868_point_n20_t2,setup3,sam_vit_b,382111,141868,ann141868_point_n20_t2,point,0.2,2,0.01125703564727955,0.09457460005069152,11.815411000046879,0.8076500296592712,ok,,2026,results/duong/masks/sam_vit_b/ann141868_point_n20_t2.png,cpu,2026-10-05T16:25:09.195223+00:00
sam_vit_b:ann141868_point_n20_t3,setup3,sam_vit_b,382111,141868,ann141868_point_n20_t3,point,0.2,3,0.40927152317880794,0.23199729999760166,11.815411000046879,0.777233898639679,ok,,2026,results/duong/masks/sam_vit_b/ann141868_point_n20_t3.png,cpu,2026-10-05T16:25:09.490301+00:00
sam_vit_b:ann1444448_box_n00_t0,"setup1,setup2",sam_vit_b,329080,1444448,ann1444448_box_n00_t0,box,0.0,0,0.9250398724082934,0.11021230003098026,11.932233100000303,0.9473752379417419,ok,,2026,results/duong/masks/sam_vit_b/ann1444448_box_n00_t0.png,cpu,2026-10-05T16:23:33.392800+00:00
sam_vit_b:ann1444448_box_n10_t1,setup3,sam_vit_b,329080,1444448,ann1444448_box_n10_t1,box,0.1,1,0.9105431309904153,0.106749199971091,11.932233100000303,0.9460552930831909,ok,,2026,results/duong/masks/sam_vit_b/ann1444448_box_n10_t1.png,cpu,2026-10-05T16:23:33.645508+00:00
sam_vit_b:ann1444448_box_n10_t2,setup3,sam_vit_b,329080,1444448,ann1444448_box_n10_t2,box,0.1,2,0.9201277955271565,0.09725819999584928,11.932233100000303,0.9473300576210022,ok,,2026,results/duong/masks/sam_vit_b/ann1444448_box_n10_t2.png,cpu,2026-10-05T16:23:33.897807+00:00
sam_vit_b:ann1444448_box_n10_t3,setup3,sam_vit_b,329080,1444448,ann1444448_box_n10_t3,box,0.1,3,0.9186602870813397,0.10087750002276152,11.932233100000303,0.9474481344223022,ok,,2026,results/duong/masks/sam_vit_b/ann1444448_box_n10_t3.png,cpu,2026-10-05T16:23:34.129810+00:00
sam_vit_b:ann1444448_box_n20_t1,setup3,sam_vit_b,329080,1444448,ann1444448_box_n20_t1,box,0.2,1,0.7699680511182109,0.10172709997277707,11.932233100000303,0.9234858155250549,ok,,2026,results/duong/masks/sam_vit_b/ann1444448_box_n20_t1.png,cpu,2026-10-05T16:23:34.359599+00:00
sam_vit_b:ann1444448_box_n20_t2,setup3,sam_vit_b,329080,1444448,ann1444448_box_n20_t2,box,0.2,2,0.8833865814696485,0.09019380004610866,11.932233100000303,0.9437763690948486,ok,,2026,results/duong/masks/sam_vit_b/ann1444448_box_n20_t2.png,cpu,2026-10-05T16:23:34.608545+00:00
sam_vit_b:ann1444448_box_n20_t3,setup3,sam_vit_b,329080,1444448,ann1444448_box_n20_t3,box,0.2,3,0.8514376996805112,0.0883324999595061,11.932233100000303,0.9035927653312683,ok,,2026,results/duong/masks/sam_vit_b/ann1444448_box_n20_t3.png,cpu,2026-10-05T16:23:34.829992+00:00
sam_vit_b:ann1444448_point_n00_t0,"setup1,setup2",sam_vit_b,329080,1444448,ann1444448_point_n00_t0,point,0.0,0,0.7532051282051282,0.10528120002709329,11.932233100000303,0.6204163432121277,ok,,2026,results/duong/masks/sam_vit_b/ann1444448_point_n00_t0.png,cpu,2026-10-05T16:23:33.270430+00:00
sam_vit_b:ann1444448_point_n10_t1,setup3,sam_vit_b,329080,1444448,ann1444448_point_n10_t1,point,0.1,1,0.8961661341853036,0.10511449998011813,11.932233100000303,0.8845219016075134,ok,,2026,results/duong/masks/sam_vit_b/ann1444448_point_n10_t1.png,cpu,2026-10-05T16:23:33.518463+00:00
sam_vit_b:ann1444448_point_n10_t2,setup3,sam_vit_b,329080,1444448,ann1444448_point_n10_t2,point,0.1,2,0.8976,0.10761129995808005,11.932233100000303,0.8822084665298462,ok,,2026,results/duong/masks/sam_vit_b/ann1444448_point_n10_t2.png,cpu,2026-10-05T16:23:33.773000+00:00
sam_vit_b:ann1444448_point_n10_t3,setup3,sam_vit_b,329080,1444448,ann1444448_point_n10_t3,point,0.1,3,0.1875,0.10349419998237863,11.932233100000303,0.7463261485099792,ok,,2026,results/duong/masks/sam_vit_b/ann1444448_point_n10_t3.png,cpu,2026-10-05T16:23:34.008391+00:00
sam_vit_b:ann1444448_point_n20_t1,setup3,sam_vit_b,329080,1444448,ann1444448_point_n20_t1,point,0.2,1,0.9057507987220448,0.09655129996826872,11.932233100000303,0.8857067823410034,ok,,2026,results/duong/masks/sam_vit_b/ann1444448_point_n20_t1.png,cpu,2026-10-05T16:23:34.248409+00:00
sam_vit_b:ann1444448_point_n20_t2,setup3,sam_vit_b,329080,1444448,ann1444448_point_n20_t2,point,0.2,2,0.9089456869009584,0.09923049999633804,11.932233100000303,0.8802922368049622,ok,,2026,results/duong/masks/sam_vit_b/ann1444448_point_n20_t2.png,cpu,2026-10-05T16:23:34.490072+00:00
sam_vit_b:ann1444448_point_n20_t3,setup3,sam_vit_b,329080,1444448,ann1444448_point_n20_t3,point,0.2,3,0.18269230769230768,0.10135390004143119,11.932233100000303,0.726073145866394,ok,,2026,results/duong/masks/sam_vit_b/ann1444448_point_n20_t3.png,cpu,2026-10-05T16:23:34.708581+00:00
sam_vit_b:ann1445867_box_n00_t0,"setup1,setup2",sam_vit_b,360097,1445867,ann1445867_box_n00_t0,box,0.0,0,0.8616944243301955,0.08569249999709427,11.911028300004546,0.9649757742881775,ok,,2026,results/duong/masks/sam_vit_b/ann1445867_box_n00_t0.png,cpu,2026-10-05T16:24:41.239726+00:00
sam_vit_b:ann1445867_box_n10_t1,setup3,sam_vit_b,360097,1445867,ann1445867_box_n10_t1,box,0.1,1,0.8638667632150615,0.08820629998808727,11.911028300004546,0.9620721340179443,ok,,2026,results/duong/masks/sam_vit_b/ann1445867_box_n10_t1.png,cpu,2026-10-05T16:24:41.455530+00:00
sam_vit_b:ann1445867_box_n10_t2,setup3,sam_vit_b,360097,1445867,ann1445867_box_n10_t2,box,0.1,2,0.8602461984069515,0.09427090000826865,11.911028300004546,0.9559758901596069,ok,,2026,results/duong/masks/sam_vit_b/ann1445867_box_n10_t2.png,cpu,2026-10-05T16:24:41.689803+00:00
sam_vit_b:ann1445867_box_n10_t3,setup3,sam_vit_b,360097,1445867,ann1445867_box_n10_t3,box,0.1,3,0.8493845039826213,0.09718689997680485,11.911028300004546,0.966558575630188,ok,,2026,results/duong/masks/sam_vit_b/ann1445867_box_n10_t3.png,cpu,2026-10-05T16:24:41.919824+00:00
sam_vit_b:ann1445867_box_n20_t1,setup3,sam_vit_b,360097,1445867,ann1445867_box_n20_t1,box,0.2,1,0.5989847715736041,0.0977155000437051,11.911028300004546,0.5997443795204163,ok,,2026,results/duong/masks/sam_vit_b/ann1445867_box_n20_t1.png,cpu,2026-10-05T16:24:42.164002+00:00
sam_vit_b:ann1445867_box_n20_t2,setup3,sam_vit_b,360097,1445867,ann1445867_box_n20_t2,box,0.2,2,0.7494569152787834,0.09616820001974702,11.911028300004546,0.9204578399658203,ok,,2026,results/duong/masks/sam_vit_b/ann1445867_box_n20_t2.png,cpu,2026-10-05T16:24:42.395844+00:00
sam_vit_b:ann1445867_box_n20_t3,setup3,sam_vit_b,360097,1445867,ann1445867_box_n20_t3,box,0.2,3,0.7364228819695873,0.09213079995242879,11.911028300004546,0.9304404258728027,ok,,2026,results/duong/masks/sam_vit_b/ann1445867_box_n20_t3.png,cpu,2026-10-05T16:24:42.624562+00:00
sam_vit_b:ann1445867_point_n00_t0,"setup1,setup2",sam_vit_b,360097,1445867,ann1445867_point_n00_t0,point,0.0,0,0.043509789702683106,0.0918637000140734,11.911028300004546,0.49238622188568115,ok,,2026,results/duong/masks/sam_vit_b/ann1445867_point_n00_t0.png,cpu,2026-10-05T16:24:41.130352+00:00
sam_vit_b:ann1445867_point_n10_t1,setup3,sam_vit_b,360097,1445867,ann1445867_point_n10_t1,point,0.1,1,0.8493845039826213,0.09383319999324158,11.911028300004546,0.9159735441207886,ok,,2026,results/duong/masks/sam_vit_b/ann1445867_point_n10_t1.png,cpu,2026-10-05T16:24:41.342160+00:00
sam_vit_b:ann1445867_point_n10_t2,setup3,sam_vit_b,360097,1445867,ann1445867_point_n10_t2,point,0.1,2,0.03553299492385787,0.09902650001458824,11.911028300004546,0.6894234418869019,ok,,2026,results/duong/masks/sam_vit_b/ann1445867_point_n10_t2.png,cpu,2026-10-05T16:24:41.568560+00:00
sam_vit_b:ann1445867_point_n10_t3,setup3,sam_vit_b,360097,1445867,ann1445867_point_n10_t3,point,0.1,3,0.8478260869565217,0.09868689998984337,11.911028300004546,0.8056018352508545,ok,,2026,results/duong/masks/sam_vit_b/ann1445867_point_n10_t3.png,cpu,2026-10-05T16:24:41.803879+00:00
sam_vit_b:ann1445867_point_n20_t1,setup3,sam_vit_b,360097,1445867,ann1445867_point_n20_t1,point,0.2,1,0.8587979724837075,0.10745899996254593,11.911028300004546,0.8427277207374573,ok,,2026,results/duong/masks/sam_vit_b/ann1445867_point_n20_t1.png,cpu,2026-10-05T16:24:42.038615+00:00
sam_vit_b:ann1445867_point_n20_t2,setup3,sam_vit_b,360097,1445867,ann1445867_point_n20_t2,point,0.2,2,0.8514492753623188,0.09829559997888282,11.911028300004546,0.8435347676277161,ok,,2026,results/duong/masks/sam_vit_b/ann1445867_point_n20_t2.png,cpu,2026-10-05T16:24:42.280789+00:00
sam_vit_b:ann1445867_point_n20_t3,setup3,sam_vit_b,360097,1445867,ann1445867_point_n20_t3,point,0.2,3,0.8420289855072464,0.08881240000482649,11.911028300004546,0.7154036164283752,ok,,2026,results/duong/masks/sam_vit_b/ann1445867_point_n20_t3.png,cpu,2026-10-05T16:24:42.519508+00:00
sam_vit_b:ann144786_box_n00_t0,"setup1,setup2",sam_vit_b,260925,144786,ann144786_box_n00_t0,box,0.0,0,0.923620753537705,0.09699180000461638,12.583238199993502,0.9920696020126343,ok,,2026,results/duong/masks/sam_vit_b/ann144786_box_n00_t0.png,cpu,2026-10-05T16:16:16.191132+00:00
sam_vit_b:ann144786_box_n10_t1,setup3,sam_vit_b,260925,144786,ann144786_box_n10_t1,box,0.1,1,0.16840880078095669,0.10002929996699095,12.583238199993502,0.5323045253753662,ok,,2026,results/duong/masks/sam_vit_b/ann144786_box_n10_t1.png,cpu,2026-10-05T16:16:16.420636+00:00
sam_vit_b:ann144786_box_n10_t2,setup3,sam_vit_b,260925,144786,ann144786_box_n10_t2,box,0.1,2,0.44455135004091034,0.09987089998321608,12.583238199993502,0.7996991276741028,ok,,2026,results/duong/masks/sam_vit_b/ann144786_box_n10_t2.png,cpu,2026-10-05T16:16:16.639632+00:00
sam_vit_b:ann144786_box_n10_t3,setup3,sam_vit_b,260925,144786,ann144786_box_n10_t3,box,0.1,3,0.29490033827543355,0.09650200000032783,12.583238199993502,0.7461668252944946,ok,,2026,results/duong/masks/sam_vit_b/ann144786_box_n10_t3.png,cpu,2026-10-05T16:16:16.868196+00:00
sam_vit_b:ann144786_box_n20_t1,setup3,sam_vit_b,260925,144786,ann144786_box_n20_t1,box,0.2,1,0.13332600987908724,0.08945129998028278,12.583238199993502,0.6018287539482117,ok,,2026,results/duong/masks/sam_vit_b/ann144786_box_n20_t1.png,cpu,2026-10-05T16:16:17.088549+00:00
sam_vit_b:ann144786_box_n20_t2,setup3,sam_vit_b,260925,144786,ann144786_box_n20_t2,box,0.2,2,0.2626895287720202,0.0986224000225775,12.583238199993502,0.7968125939369202,ok,,2026,results/duong/masks/sam_vit_b/ann144786_box_n20_t2.png,cpu,2026-10-05T16:16:17.302392+00:00
sam_vit_b:ann144786_box_n20_t3,setup3,sam_vit_b,260925,144786,ann144786_box_n20_t3,box,0.2,3,0.17192339391019973,0.09759080002550036,12.583238199993502,0.6522278189659119,ok,,2026,results/duong/masks/sam_vit_b/ann144786_box_n20_t3.png,cpu,2026-10-05T16:16:17.523471+00:00
sam_vit_b:ann144786_point_n00_t0,"setup1,setup2",sam_vit_b,260925,144786,ann144786_point_n00_t0,point,0.0,0,0.001893996787781448,0.10361920000286773,12.583238199993502,0.8223856687545776,ok,,2026,results/duong/masks/sam_vit_b/ann144786_point_n00_t0.png,cpu,2026-10-05T16:16:16.079709+00:00
sam_vit_b:ann144786_point_n10_t1,setup3,sam_vit_b,260925,144786,ann144786_point_n10_t1,point,0.1,1,0.10096896875662899,0.10332569997990504,12.583238199993502,0.9081792831420898,ok,,2026,results/duong/masks/sam_vit_b/ann144786_point_n10_t1.png,cpu,2026-10-05T16:16:16.305575+00:00
sam_vit_b:ann144786_point_n10_t2,setup3,sam_vit_b,260925,144786,ann144786_point_n10_t2,point,0.1,2,0.028705415315615625,0.09557400003541261,12.583238199993502,0.7043136358261108,ok,,2026,results/duong/masks/sam_vit_b/ann144786_point_n10_t2.png,cpu,2026-10-05T16:16:16.532602+00:00
sam_vit_b:ann144786_point_n10_t3,setup3,sam_vit_b,260925,144786,ann144786_point_n10_t3,point,0.1,3,0.11511333676778084,0.09730949997901917,12.583238199993502,0.8432273864746094,ok,,2026,results/duong/masks/sam_vit_b/ann144786_point_n10_t3.png,cpu,2026-10-05T16:16:16.762394+00:00
sam_vit_b:ann144786_point_n20_t1,setup3,sam_vit_b,260925,144786,ann144786_point_n20_t1,point,0.2,1,0.10918512682202491,0.09744530002353713,12.583238199993502,0.8717831373214722,ok,,2026,results/duong/masks/sam_vit_b/ann144786_point_n20_t1.png,cpu,2026-10-05T16:16:16.979937+00:00
sam_vit_b:ann144786_point_n20_t2,setup3,sam_vit_b,260925,144786,ann144786_point_n20_t2,point,0.2,2,0.03648974211339737,0.10184410004876554,12.583238199993502,0.8245435953140259,ok,,2026,results/duong/masks/sam_vit_b/ann144786_point_n20_t2.png,cpu,2026-10-05T16:16:17.190357+00:00
sam_vit_b:ann144786_point_n20_t3,setup3,sam_vit_b,260925,144786,ann144786_point_n20_t3,point,0.2,3,0.030122124912876146,0.1004520999849774,12.583238199993502,0.8024859428405762,ok,,2026,results/duong/masks/sam_vit_b/ann144786_point_n20_t3.png,cpu,2026-10-05T16:16:17.413514+00:00
sam_vit_b:ann1505901_box_n00_t0,"setup1,setup2",sam_vit_b,356432,1505901,ann1505901_box_n00_t0,box,0.0,0,0.8012048192771084,0.10148989997105673,12.056650599988643,0.9404721856117249,ok,,2026,results/duong/masks/sam_vit_b/ann1505901_box_n00_t0.png,cpu,2026-10-05T16:24:27.609988+00:00
sam_vit_b:ann1505901_box_n10_t1,setup3,sam_vit_b,356432,1505901,ann1505901_box_n10_t1,box,0.1,1,0.7738095238095238,0.10785790003137663,12.056650599988643,0.9260271191596985,ok,,2026,results/duong/masks/sam_vit_b/ann1505901_box_n10_t1.png,cpu,2026-10-05T16:24:27.850195+00:00
sam_vit_b:ann1505901_box_n10_t2,setup3,sam_vit_b,356432,1505901,ann1505901_box_n10_t2,box,0.1,2,0.8109756097560976,0.1035361000103876,12.056650599988643,0.9287897348403931,ok,,2026,results/duong/masks/sam_vit_b/ann1505901_box_n10_t2.png,cpu,2026-10-05T16:24:28.120579+00:00
sam_vit_b:ann1505901_box_n10_t3,setup3,sam_vit_b,356432,1505901,ann1505901_box_n10_t3,box,0.1,3,0.7831325301204819,0.09976460004691035,12.056650599988643,0.9378292560577393,ok,,2026,results/duong/masks/sam_vit_b/ann1505901_box_n10_t3.png,cpu,2026-10-05T16:24:28.364011+00:00
sam_vit_b:ann1505901_box_n20_t1,setup3,sam_vit_b,356432,1505901,ann1505901_box_n20_t1,box,0.2,1,0.7678571428571429,0.1022007999708876,12.056650599988643,0.896094799041748,ok,,2026,results/duong/masks/sam_vit_b/ann1505901_box_n20_t1.png,cpu,2026-10-05T16:24:28.598185+00:00
sam_vit_b:ann1505901_box_n20_t2,setup3,sam_vit_b,356432,1505901,ann1505901_box_n20_t2,box,0.2,2,0.806060606060606,0.10854329995345324,12.056650599988643,0.8997769951820374,ok,,2026,results/duong/masks/sam_vit_b/ann1505901_box_n20_t2.png,cpu,2026-10-05T16:24:28.833586+00:00
sam_vit_b:ann1505901_box_n20_t3,setup3,sam_vit_b,356432,1505901,ann1505901_box_n20_t3,box,0.2,3,0.7710843373493976,0.10299049998866394,12.056650599988643,0.9304777979850769,ok,,2026,results/duong/masks/sam_vit_b/ann1505901_box_n20_t3.png,cpu,2026-10-05T16:24:29.091148+00:00
sam_vit_b:ann1505901_point_n00_t0,"setup1,setup2",sam_vit_b,356432,1505901,ann1505901_point_n00_t0,point,0.0,0,0.806060606060606,0.09144049999304116,12.056650599988643,0.8852580785751343,ok,,2026,results/duong/masks/sam_vit_b/ann1505901_point_n00_t0.png,cpu,2026-10-05T16:24:27.508228+00:00
sam_vit_b:ann1505901_point_n10_t1,setup3,sam_vit_b,356432,1505901,ann1505901_point_n10_t1,point,0.1,1,0.8109756097560976,0.09945489995880052,12.056650599988643,0.8773729205131531,ok,,2026,results/duong/masks/sam_vit_b/ann1505901_point_n10_t1.png,cpu,2026-10-05T16:24:27.733298+00:00
sam_vit_b:ann1505901_point_n10_t2,setup3,sam_vit_b,356432,1505901,ann1505901_point_n10_t2,point,0.1,2,0.806060606060606,0.11150469997664914,12.056650599988643,0.8852622509002686,ok,,2026,results/duong/masks/sam_vit_b/ann1505901_point_n10_t2.png,cpu,2026-10-05T16:24:27.976184+00:00
sam_vit_b:ann1505901_point_n10_t3,setup3,sam_vit_b,356432,1505901,ann1505901_point_n10_t3,point,0.1,3,0.8012048192771084,0.10118629998760298,12.056650599988643,0.889657735824585,ok,,2026,results/duong/masks/sam_vit_b/ann1505901_point_n10_t3.png,cpu,2026-10-05T16:24:28.240512+00:00
sam_vit_b:ann1505901_point_n20_t1,setup3,sam_vit_b,356432,1505901,ann1505901_point_n20_t1,point,0.2,1,0.8109756097560976,0.09909269999479875,12.056650599988643,0.8623727560043335,ok,,2026,results/duong/masks/sam_vit_b/ann1505901_point_n20_t1.png,cpu,2026-10-05T16:24:28.482027+00:00
sam_vit_b:ann1505901_point_n20_t2,setup3,sam_vit_b,356432,1505901,ann1505901_point_n20_t2,point,0.2,2,0.806060606060606,0.09759189997566864,12.056650599988643,0.8841511607170105,ok,,2026,results/duong/masks/sam_vit_b/ann1505901_point_n20_t2.png,cpu,2026-10-05T16:24:28.720137+00:00
sam_vit_b:ann1505901_point_n20_t3,setup3,sam_vit_b,356432,1505901,ann1505901_point_n20_t3,point,0.2,3,0.806060606060606,0.10662970005068928,12.056650599988643,0.8992090225219727,ok,,2026,results/duong/masks/sam_vit_b/ann1505901_point_n20_t3.png,cpu,2026-10-05T16:24:28.958641+00:00
sam_vit_b:ann1538400_box_n00_t0,"setup1,setup2",sam_vit_b,84664,1538400,ann1538400_box_n00_t0,box,0.0,0,0.5338499048127985,0.10904240002855659,11.646745200036094,0.9325542449951172,ok,,2026,results/duong/masks/sam_vit_b/ann1538400_box_n00_t0.png,cpu,2026-10-05T16:19:14.049527+00:00
sam_vit_b:ann1538400_box_n10_t1,setup3,sam_vit_b,84664,1538400,ann1538400_box_n10_t1,box,0.1,1,0.5309255983177008,0.09760029998142272,11.646745200036094,0.9090708494186401,ok,,2026,results/duong/masks/sam_vit_b/ann1538400_box_n10_t1.png,cpu,2026-10-05T16:19:14.282004+00:00
sam_vit_b:ann1538400_box_n10_t2,setup3,sam_vit_b,84664,1538400,ann1538400_box_n10_t2,box,0.1,2,0.008170919563324627,0.10280360002070665,11.646745200036094,0.4059576392173767,ok,,2026,results/duong/masks/sam_vit_b/ann1538400_box_n10_t2.png,cpu,2026-10-05T16:19:14.519555+00:00
sam_vit_b:ann1538400_box_n10_t3,setup3,sam_vit_b,84664,1538400,ann1538400_box_n10_t3,box,0.1,3,0.5156778101261587,0.09640219999710098,11.646745200036094,0.6985058188438416,ok,,2026,results/duong/masks/sam_vit_b/ann1538400_box_n10_t3.png,cpu,2026-10-05T16:19:14.742771+00:00
sam_vit_b:ann1538400_box_n20_t1,setup3,sam_vit_b,84664,1538400,ann1538400_box_n20_t1,box,0.2,1,0.3761286208169704,0.09091670002089813,11.646745200036094,0.9555017948150635,ok,,2026,results/duong/masks/sam_vit_b/ann1538400_box_n20_t1.png,cpu,2026-10-05T16:19:14.958221+00:00
sam_vit_b:ann1538400_box_n20_t2,setup3,sam_vit_b,84664,1538400,ann1538400_box_n20_t2,box,0.2,2,0.02454792766842695,0.09286009997595102,11.646745200036094,0.5328893661499023,ok,,2026,results/duong/masks/sam_vit_b/ann1538400_box_n20_t2.png,cpu,2026-10-05T16:19:15.167564+00:00
sam_vit_b:ann1538400_box_n20_t3,setup3,sam_vit_b,84664,1538400,ann1538400_box_n20_t3,box,0.2,3,0.39624238320920785,0.09561960003338754,11.646745200036094,0.9560272097587585,ok,,2026,results/duong/masks/sam_vit_b/ann1538400_box_n20_t3.png,cpu,2026-10-05T16:19:15.370050+00:00
sam_vit_b:ann1538400_point_n00_t0,"setup1,setup2",sam_vit_b,84664,1538400,ann1538400_point_n00_t0,point,0.0,0,0.39680227634565224,0.1085068000247702,11.646745200036094,0.9707803726196289,ok,,2026,results/duong/masks/sam_vit_b/ann1538400_point_n00_t0.png,cpu,2026-10-05T16:19:13.928269+00:00
sam_vit_b:ann1538400_point_n10_t1,setup3,sam_vit_b,84664,1538400,ann1538400_point_n10_t1,point,0.1,1,0.39676840215439857,0.09580830001505092,11.646745200036094,0.9632147550582886,ok,,2026,results/duong/masks/sam_vit_b/ann1538400_point_n10_t1.png,cpu,2026-10-05T16:19:14.171023+00:00
sam_vit_b:ann1538400_point_n10_t2,setup3,sam_vit_b,84664,1538400,ann1538400_point_n10_t2,point,0.1,2,0.3963619118593544,0.10952749999705702,11.646745200036094,0.9768359661102295,ok,,2026,results/duong/masks/sam_vit_b/ann1538400_point_n10_t2.png,cpu,2026-10-05T16:19:14.392172+00:00
sam_vit_b:ann1538400_point_n10_t3,setup3,sam_vit_b,84664,1538400,ann1538400_point_n10_t3,point,0.1,3,0.39595542156431013,0.09353040001587942,11.646745200036094,0.9788088798522949,ok,,2026,results/duong/masks/sam_vit_b/ann1538400_point_n10_t3.png,cpu,2026-10-05T16:19:14.637492+00:00
sam_vit_b:ann1538400_point_n20_t1,setup3,sam_vit_b,84664,1538400,ann1538400_point_n20_t1,point,0.2,1,0.395006944209207,0.09207039995817468,11.646745200036094,0.9140347242355347,ok,,2026,results/duong/masks/sam_vit_b/ann1538400_point_n20_t1.png,cpu,2026-10-05T16:19:14.849359+00:00
sam_vit_b:ann1538400_point_n20_t2,setup3,sam_vit_b,84664,1538400,ann1538400_point_n20_t2,point,0.2,2,0.5333111370068254,0.08996119996299967,11.646745200036094,0.9306418895721436,ok,,2026,results/duong/masks/sam_vit_b/ann1538400_point_n20_t2.png,cpu,2026-10-05T16:19:15.063406+00:00
sam_vit_b:ann1538400_point_n20_t3,setup3,sam_vit_b,84664,1538400,ann1538400_point_n20_t3,point,0.2,3,0.3955828054605196,0.0905367000377737,11.646745200036094,0.9647294878959656,ok,,2026,results/duong/masks/sam_vit_b/ann1538400_point_n20_t3.png,cpu,2026-10-05T16:19:15.271780+00:00
sam_vit_b:ann170892_box_n00_t0,"setup1,setup2",sam_vit_b,151857,170892,ann170892_box_n00_t0,box,0.0,0,0.9031657060404493,0.09972220001509413,11.793253700016066,0.9800525307655334,ok,,2026,results/duong/masks/sam_vit_b/ann170892_box_n00_t0.png,cpu,2026-10-05T16:21:13.060648+00:00
sam_vit_b:ann170892_box_n10_t1,setup3,sam_vit_b,151857,170892,ann170892_box_n10_t1,box,0.1,1,0.7123410340423169,0.09932779998052865,11.793253700016066,0.9154563546180725,ok,,2026,results/duong/masks/sam_vit_b/ann170892_box_n10_t1.png,cpu,2026-10-05T16:21:13.299790+00:00
sam_vit_b:ann170892_box_n10_t2,setup3,sam_vit_b,151857,170892,ann170892_box_n10_t2,box,0.1,2,0.7949749226849552,0.09582149999914691,11.793253700016066,0.914976954460144,ok,,2026,results/duong/masks/sam_vit_b/ann170892_box_n10_t2.png,cpu,2026-10-05T16:21:13.529732+00:00
sam_vit_b:ann170892_box_n10_t3,setup3,sam_vit_b,151857,170892,ann170892_box_n10_t3,box,0.1,3,0.25571000229428564,0.09006349998526275,11.793253700016066,0.5722225904464722,ok,,2026,results/duong/masks/sam_vit_b/ann170892_box_n10_t3.png,cpu,2026-10-05T16:21:13.758224+00:00
sam_vit_b:ann170892_box_n20_t1,setup3,sam_vit_b,151857,170892,ann170892_box_n20_t1,box,0.2,1,0.0024166099387338325,0.10026079998351634,11.793253700016066,0.9408882260322571,ok,,2026,results/duong/masks/sam_vit_b/ann170892_box_n20_t1.png,cpu,2026-10-05T16:21:13.978198+00:00
sam_vit_b:ann170892_box_n20_t2,setup3,sam_vit_b,151857,170892,ann170892_box_n20_t2,box,0.2,2,0.0017592044087816612,0.10422239999752492,11.793253700016066,0.8568747639656067,ok,,2026,results/duong/masks/sam_vit_b/ann170892_box_n20_t2.png,cpu,2026-10-05T16:21:14.208658+00:00
sam_vit_b:ann170892_box_n20_t3,setup3,sam_vit_b,151857,170892,ann170892_box_n20_t3,box,0.2,3,0.0,0.09416069998405874,11.793253700016066,0.9521541595458984,ok,,2026,results/duong/masks/sam_vit_b/ann170892_box_n20_t3.png,cpu,2026-10-05T16:21:14.448510+00:00
sam_vit_b:ann170892_point_n00_t0,"setup1,setup2",sam_vit_b,151857,170892,ann170892_point_n00_t0,point,0.0,0,0.24514870794734275,0.0914976000203751,11.793253700016066,0.5246809720993042,ok,,2026,results/duong/masks/sam_vit_b/ann170892_point_n00_t0.png,cpu,2026-10-05T16:21:12.948501+00:00
sam_vit_b:ann170892_point_n10_t1,setup3,sam_vit_b,151857,170892,ann170892_point_n10_t1,point,0.1,1,0.09160572078660816,0.10137980000581592,11.793253700016066,0.5719735026359558,ok,,2026,results/duong/masks/sam_vit_b/ann170892_point_n10_t1.png,cpu,2026-10-05T16:21:13.179502+00:00
sam_vit_b:ann170892_point_n10_t2,setup3,sam_vit_b,151857,170892,ann170892_point_n10_t2,point,0.1,2,0.8855311714055143,0.09919200005242601,11.793253700016066,0.8006777167320251,ok,,2026,results/duong/masks/sam_vit_b/ann170892_point_n10_t2.png,cpu,2026-10-05T16:21:13.410039+00:00
sam_vit_b:ann170892_point_n10_t3,setup3,sam_vit_b,151857,170892,ann170892_point_n10_t3,point,0.1,3,0.5266391779354231,0.10139960004016757,11.793253700016066,0.7934683561325073,ok,,2026,results/duong/masks/sam_vit_b/ann170892_point_n10_t3.png,cpu,2026-10-05T16:21:13.641324+00:00
sam_vit_b:ann170892_point_n20_t1,setup3,sam_vit_b,151857,170892,ann170892_point_n20_t1,point,0.2,1,0.025572891272549976,0.09359350003069267,11.793253700016066,0.9577838182449341,ok,,2026,results/duong/masks/sam_vit_b/ann170892_point_n20_t1.png,cpu,2026-10-05T16:21:13.868419+00:00
sam_vit_b:ann170892_point_n20_t2,setup3,sam_vit_b,151857,170892,ann170892_point_n20_t2,point,0.2,2,0.011555338859093125,0.09531310002785176,11.793253700016066,0.8718473315238953,ok,,2026,results/duong/masks/sam_vit_b/ann170892_point_n20_t2.png,cpu,2026-10-05T16:21:14.098208+00:00
sam_vit_b:ann170892_point_n20_t3,setup3,sam_vit_b,151857,170892,ann170892_point_n20_t3,point,0.2,3,0.18209003738013976,0.09958239999832585,11.793253700016066,0.7436552047729492,ok,,2026,results/duong/masks/sam_vit_b/ann170892_point_n20_t3.png,cpu,2026-10-05T16:21:14.338397+00:00
sam_vit_b:ann1727101_box_n00_t0,"setup1,setup2",sam_vit_b,465822,1727101,ann1727101_box_n00_t0,box,0.0,0,0.7654901960784314,0.11173010000493377,13.954824700020254,0.938202440738678,ok,,2026,results/duong/masks/sam_vit_b/ann1727101_box_n00_t0.png,cpu,2026-10-05T16:28:45.093328+00:00
sam_vit_b:ann1727101_box_n10_t1,setup3,sam_vit_b,465822,1727101,ann1727101_box_n10_t1,box,0.1,1,0.6458003169572107,0.09532639995450154,13.954824700020254,0.9335329532623291,ok,,2026,results/duong/masks/sam_vit_b/ann1727101_box_n10_t1.png,cpu,2026-10-05T16:28:45.353795+00:00
sam_vit_b:ann1727101_box_n10_t2,setup3,sam_vit_b,465822,1727101,ann1727101_box_n10_t2,box,0.1,2,0.7304116865869854,0.10420539998449385,13.954824700020254,0.8917168974876404,ok,,2026,results/duong/masks/sam_vit_b/ann1727101_box_n10_t2.png,cpu,2026-10-05T16:28:45.593499+00:00
sam_vit_b:ann1727101_box_n10_t3,setup3,sam_vit_b,465822,1727101,ann1727101_box_n10_t3,box,0.1,3,0.6215360253365004,0.10108789999503642,13.954824700020254,0.9235885739326477,ok,,2026,results/duong/masks/sam_vit_b/ann1727101_box_n10_t3.png,cpu,2026-10-05T16:28:45.848447+00:00
sam_vit_b:ann1727101_box_n20_t1,setup3,sam_vit_b,465822,1727101,ann1727101_box_n20_t1,box,0.2,1,0.5914826498422713,0.1555909999879077,13.954824700020254,0.8686729669570923,ok,,2026,results/duong/masks/sam_vit_b/ann1727101_box_n20_t1.png,cpu,2026-10-05T16:28:46.104838+00:00
sam_vit_b:ann1727101_box_n20_t2,setup3,sam_vit_b,465822,1727101,ann1727101_box_n20_t2,box,0.2,2,0.44481382978723405,0.09864139999262989,13.954824700020254,0.7752218842506409,ok,,2026,results/duong/masks/sam_vit_b/ann1727101_box_n20_t2.png,cpu,2026-10-05T16:28:46.424205+00:00
sam_vit_b:ann1727101_box_n20_t3,setup3,sam_vit_b,465822,1727101,ann1727101_box_n20_t3,box,0.2,3,0.5789056304520223,0.10591949999798089,13.954824700020254,0.8777767419815063,ok,,2026,results/duong/masks/sam_vit_b/ann1727101_box_n20_t3.png,cpu,2026-10-05T16:28:46.702797+00:00
sam_vit_b:ann1727101_point_n00_t0,"setup1,setup2",sam_vit_b,465822,1727101,ann1727101_point_n00_t0,point,0.0,0,0.35730858468677495,0.11915519996546209,13.954824700020254,0.45315542817115784,ok,,2026,results/duong/masks/sam_vit_b/ann1727101_point_n00_t0.png,cpu,2026-10-05T16:28:44.948623+00:00
sam_vit_b:ann1727101_point_n10_t1,setup3,sam_vit_b,465822,1727101,ann1727101_point_n10_t1,point,0.1,1,0.166532582461786,0.09929549996741116,13.954824700020254,0.8473851084709167,ok,,2026,results/duong/masks/sam_vit_b/ann1727101_point_n10_t1.png,cpu,2026-10-05T16:28:45.228012+00:00
sam_vit_b:ann1727101_point_n10_t2,setup3,sam_vit_b,465822,1727101,ann1727101_point_n10_t2,point,0.1,2,0.4128289473684211,0.10032190004130825,13.954824700020254,0.8264464735984802,ok,,2026,results/duong/masks/sam_vit_b/ann1727101_point_n10_t2.png,cpu,2026-10-05T16:28:45.471668+00:00
sam_vit_b:ann1727101_point_n10_t3,setup3,sam_vit_b,465822,1727101,ann1727101_point_n10_t3,point,0.1,3,0.27773343974461295,0.10513060004450381,13.954824700020254,0.5832489728927612,ok,,2026,results/duong/masks/sam_vit_b/ann1727101_point_n10_t3.png,cpu,2026-10-05T16:28:45.719656+00:00
sam_vit_b:ann1727101_point_n20_t1,setup3,sam_vit_b,465822,1727101,ann1727101_point_n20_t1,point,0.2,1,0.0840064620355412,0.09676210000179708,13.954824700020254,0.8301786780357361,ok,,2026,results/duong/masks/sam_vit_b/ann1727101_point_n20_t1.png,cpu,2026-10-05T16:28:45.974888+00:00
sam_vit_b:ann1727101_point_n20_t2,setup3,sam_vit_b,465822,1727101,ann1727101_point_n20_t2,point,0.2,2,0.41036184210526316,0.11329810001188889,13.954824700020254,0.8389332294464111,ok,,2026,results/duong/masks/sam_vit_b/ann1727101_point_n20_t2.png,cpu,2026-10-05T16:28:46.288664+00:00
sam_vit_b:ann1727101_point_n20_t3,setup3,sam_vit_b,465822,1727101,ann1727101_point_n20_t3,point,0.2,3,0.08319870759289176,0.11872730002505705,13.954824700020254,0.8638240694999695,ok,,2026,results/duong/masks/sam_vit_b/ann1727101_point_n20_t3.png,cpu,2026-10-05T16:28:46.549134+00:00
sam_vit_b:ann173475_box_n00_t0,"setup1,setup2",sam_vit_b,519338,173475,ann173475_box_n00_t0,box,0.0,0,0.8833832571338484,0.1046587000018917,16.75468750001164,0.9890092015266418,ok,,2026,results/duong/masks/sam_vit_b/ann173475_box_n00_t0.png,cpu,2026-10-05T16:29:20.898353+00:00
sam_vit_b:ann173475_box_n10_t1,setup3,sam_vit_b,519338,173475,ann173475_box_n10_t1,box,0.1,1,0.8569879933643217,0.10216720000607893,16.75468750001164,0.9680811762809753,ok,,2026,results/duong/masks/sam_vit_b/ann173475_box_n10_t1.png,cpu,2026-10-05T16:29:21.160688+00:00
sam_vit_b:ann173475_box_n10_t2,setup3,sam_vit_b,519338,173475,ann173475_box_n10_t2,box,0.1,2,0.8872347165030092,0.193724500015378,16.75468750001164,0.9882956147193909,ok,,2026,results/duong/masks/sam_vit_b/ann173475_box_n10_t2.png,cpu,2026-10-05T16:29:21.398399+00:00
sam_vit_b:ann173475_box_n10_t3,setup3,sam_vit_b,519338,173475,ann173475_box_n10_t3,box,0.1,3,0.8310635017505541,0.10620719997677952,16.75468750001164,0.9386794567108154,ok,,2026,results/duong/masks/sam_vit_b/ann173475_box_n10_t3.png,cpu,2026-10-05T16:29:21.749131+00:00
sam_vit_b:ann173475_box_n20_t1,setup3,sam_vit_b,519338,173475,ann173475_box_n20_t1,box,0.2,1,0.7254962407302745,0.09578879998298362,16.75468750001164,0.9377816319465637,ok,,2026,results/duong/masks/sam_vit_b/ann173475_box_n20_t1.png,cpu,2026-10-05T16:29:22.001232+00:00
sam_vit_b:ann173475_box_n20_t2,setup3,sam_vit_b,519338,173475,ann173475_box_n20_t2,box,0.2,2,0.8132175045406258,0.10437280003679916,16.75468750001164,0.8745329976081848,ok,,2026,results/duong/masks/sam_vit_b/ann173475_box_n20_t2.png,cpu,2026-10-05T16:29:22.248655+00:00
sam_vit_b:ann173475_box_n20_t3,setup3,sam_vit_b,519338,173475,ann173475_box_n20_t3,box,0.2,3,0.5704247998199183,0.0998682000208646,16.75468750001164,0.7580003142356873,ok,,2026,results/duong/masks/sam_vit_b/ann173475_box_n20_t3.png,cpu,2026-10-05T16:29:22.487183+00:00
sam_vit_b:ann173475_point_n00_t0,"setup1,setup2",sam_vit_b,519338,173475,ann173475_point_n00_t0,point,0.0,0,0.0071733296635243925,0.08769850002136081,16.75468750001164,0.7786869406700134,ok,,2026,results/duong/masks/sam_vit_b/ann173475_point_n00_t0.png,cpu,2026-10-05T16:29:20.789433+00:00
sam_vit_b:ann173475_point_n10_t1,setup3,sam_vit_b,519338,173475,ann173475_point_n10_t1,point,0.1,1,0.20513658570150692,0.1073517999611795,16.75468750001164,0.7102673649787903,ok,,2026,results/duong/masks/sam_vit_b/ann173475_point_n10_t1.png,cpu,2026-10-05T16:29:21.026179+00:00
sam_vit_b:ann173475_point_n10_t2,setup3,sam_vit_b,519338,173475,ann173475_point_n10_t2,point,0.1,2,0.0030964012936076516,0.08779089996824041,16.75468750001164,0.8350979089736938,ok,,2026,results/duong/masks/sam_vit_b/ann173475_point_n10_t2.png,cpu,2026-10-05T16:29:21.288593+00:00
sam_vit_b:ann173475_point_n10_t3,setup3,sam_vit_b,519338,173475,ann173475_point_n10_t3,point,0.1,3,0.003543659258239868,0.10758630000054836,16.75468750001164,0.9049816727638245,ok,,2026,results/duong/masks/sam_vit_b/ann173475_point_n10_t3.png,cpu,2026-10-05T16:29:21.619911+00:00
sam_vit_b:ann173475_point_n20_t1,setup3,sam_vit_b,519338,173475,ann173475_point_n20_t1,point,0.2,1,0.017959127502924378,0.09603399998741224,16.75468750001164,0.8494778871536255,ok,,2026,results/duong/masks/sam_vit_b/ann173475_point_n20_t1.png,cpu,2026-10-05T16:29:21.882768+00:00
sam_vit_b:ann173475_point_n20_t2,setup3,sam_vit_b,519338,173475,ann173475_point_n20_t2,point,0.2,2,0.024048716713686094,0.09689139999682084,16.75468750001164,0.971483051776886,ok,,2026,results/duong/masks/sam_vit_b/ann173475_point_n20_t2.png,cpu,2026-10-05T16:29:22.131439+00:00
sam_vit_b:ann173475_point_n20_t3,setup3,sam_vit_b,519338,173475,ann173475_point_n20_t3,point,0.2,3,0.0337507741003234,0.0908888999838382,16.75468750001164,0.8779345154762268,ok,,2026,results/duong/masks/sam_vit_b/ann173475_point_n20_t3.png,cpu,2026-10-05T16:29:22.378701+00:00
sam_vit_b:ann174678_box_n00_t0,"setup1,setup2",sam_vit_b,217400,174678,ann174678_box_n00_t0,box,0.0,0,0.9184226267733598,0.09766839997610077,11.711322299961466,0.9968818426132202,ok,,2026,results/duong/masks/sam_vit_b/ann174678_box_n00_t0.png,cpu,2026-10-05T16:21:52.988285+00:00
sam_vit_b:ann174678_box_n10_t1,setup3,sam_vit_b,217400,174678,ann174678_box_n10_t1,box,0.1,1,0.8287787555967269,0.09500720002688468,11.711322299961466,0.9108539819717407,ok,,2026,results/duong/masks/sam_vit_b/ann174678_box_n10_t1.png,cpu,2026-10-05T16:21:53.219480+00:00
sam_vit_b:ann174678_box_n10_t2,setup3,sam_vit_b,217400,174678,ann174678_box_n10_t2,box,0.1,2,0.7400884053043183,0.09472079999977723,11.711322299961466,0.9862576127052307,ok,,2026,results/duong/masks/sam_vit_b/ann174678_box_n10_t2.png,cpu,2026-10-05T16:21:53.449866+00:00
sam_vit_b:ann174678_box_n10_t3,setup3,sam_vit_b,217400,174678,ann174678_box_n10_t3,box,0.1,3,0.7587338311073719,0.09518239996396005,11.711322299961466,0.9140939712524414,ok,,2026,results/duong/masks/sam_vit_b/ann174678_box_n10_t3.png,cpu,2026-10-05T16:21:53.685541+00:00
sam_vit_b:ann174678_box_n20_t1,setup3,sam_vit_b,217400,174678,ann174678_box_n20_t1,box,0.2,1,0.020040007274049827,0.09613469999749213,11.711322299961466,0.7248983979225159,ok,,2026,results/duong/masks/sam_vit_b/ann174678_box_n20_t1.png,cpu,2026-10-05T16:21:53.917875+00:00
sam_vit_b:ann174678_box_n20_t2,setup3,sam_vit_b,217400,174678,ann174678_box_n20_t2,box,0.2,2,0.614336560041713,0.10029889998259023,11.711322299961466,0.9042813777923584,ok,,2026,results/duong/masks/sam_vit_b/ann174678_box_n20_t2.png,cpu,2026-10-05T16:21:54.151529+00:00
sam_vit_b:ann174678_box_n20_t3,setup3,sam_vit_b,217400,174678,ann174678_box_n20_t3,box,0.2,3,0.014323154751020906,0.10064049996435642,11.711322299961466,0.8354896903038025,ok,,2026,results/duong/masks/sam_vit_b/ann174678_box_n20_t3.png,cpu,2026-10-05T16:21:54.389731+00:00
sam_vit_b:ann174678_point_n00_t0,"setup1,setup2",sam_vit_b,217400,174678,ann174678_point_n00_t0,point,0.0,0,0.004840062569427127,0.09467530000256374,11.711322299961466,0.8589370250701904,ok,,2026,results/duong/masks/sam_vit_b/ann174678_point_n00_t0.png,cpu,2026-10-05T16:21:52.880115+00:00
sam_vit_b:ann174678_point_n10_t1,setup3,sam_vit_b,217400,174678,ann174678_point_n10_t1,point,0.1,1,0.03619155568149617,0.10356390004744753,11.711322299961466,0.7802605032920837,ok,,2026,results/duong/masks/sam_vit_b/ann174678_point_n10_t1.png,cpu,2026-10-05T16:21:53.101350+00:00
sam_vit_b:ann174678_point_n10_t2,setup3,sam_vit_b,217400,174678,ann174678_point_n10_t2,point,0.1,2,0.04028473623359253,0.09766819997457787,11.711322299961466,0.8101013898849487,ok,,2026,results/duong/masks/sam_vit_b/ann174678_point_n10_t2.png,cpu,2026-10-05T16:21:53.333722+00:00
sam_vit_b:ann174678_point_n10_t3,setup3,sam_vit_b,217400,174678,ann174678_point_n10_t3,point,0.1,3,0.03667936162495466,0.10177470004418865,11.711322299961466,0.7934897541999817,ok,,2026,results/duong/masks/sam_vit_b/ann174678_point_n10_t3.png,cpu,2026-10-05T16:21:53.568534+00:00
sam_vit_b:ann174678_point_n20_t1,setup3,sam_vit_b,217400,174678,ann174678_point_n20_t1,point,0.2,1,0.09528394865927294,0.09420649998355657,11.711322299961466,0.6919090747833252,ok,,2026,results/duong/masks/sam_vit_b/ann174678_point_n20_t1.png,cpu,2026-10-05T16:21:53.797653+00:00
sam_vit_b:ann174678_point_n20_t2,setup3,sam_vit_b,217400,174678,ann174678_point_n20_t2,point,0.2,2,0.479072455883853,0.10562280000885949,11.711322299961466,0.44935110211372375,ok,,2026,results/duong/masks/sam_vit_b/ann174678_point_n20_t2.png,cpu,2026-10-05T16:21:54.028432+00:00
sam_vit_b:ann174678_point_n20_t3,setup3,sam_vit_b,217400,174678,ann174678_point_n20_t3,point,0.2,3,0.09925229409765492,0.10170079994713888,11.711322299961466,0.7539613246917725,ok,,2026,results/duong/masks/sam_vit_b/ann174678_point_n20_t3.png,cpu,2026-10-05T16:21:54.268461+00:00
sam_vit_b:ann1798918_box_n00_t0,"setup1,setup2",sam_vit_b,174004,1798918,ann1798918_box_n00_t0,box,0.0,0,0.8027290239726027,0.09842530003516003,11.769397899974138,0.9873310327529907,ok,,2026,results/duong/masks/sam_vit_b/ann1798918_box_n00_t0.png,cpu,2026-10-05T16:21:26.461691+00:00
sam_vit_b:ann1798918_box_n10_t1,setup3,sam_vit_b,174004,1798918,ann1798918_box_n10_t1,box,0.1,1,0.6818735573223904,0.09613710001576692,11.769397899974138,0.952506422996521,ok,,2026,results/duong/masks/sam_vit_b/ann1798918_box_n10_t1.png,cpu,2026-10-05T16:21:26.699641+00:00
sam_vit_b:ann1798918_box_n10_t2,setup3,sam_vit_b,174004,1798918,ann1798918_box_n10_t2,box,0.1,2,0.707847749385224,0.0921375000034459,11.769397899974138,0.9745569229125977,ok,,2026,results/duong/masks/sam_vit_b/ann1798918_box_n10_t2.png,cpu,2026-10-05T16:21:26.919493+00:00
sam_vit_b:ann1798918_box_n10_t3,setup3,sam_vit_b,174004,1798918,ann1798918_box_n10_t3,box,0.1,3,0.6247746007212777,0.09346240002196282,11.769397899974138,0.9439787864685059,ok,,2026,results/duong/masks/sam_vit_b/ann1798918_box_n10_t3.png,cpu,2026-10-05T16:21:27.144956+00:00
sam_vit_b:ann1798918_box_n20_t1,setup3,sam_vit_b,174004,1798918,ann1798918_box_n20_t1,box,0.2,1,0.22804476769569892,0.08791910001309589,11.769397899974138,0.5967215895652771,ok,,2026,results/duong/masks/sam_vit_b/ann1798918_box_n20_t1.png,cpu,2026-10-05T16:21:27.375327+00:00
sam_vit_b:ann1798918_box_n20_t2,setup3,sam_vit_b,174004,1798918,ann1798918_box_n20_t2,box,0.2,2,0.2571262549633599,0.09250520000932738,11.769397899974138,0.8291638493537903,ok,,2026,results/duong/masks/sam_vit_b/ann1798918_box_n20_t2.png,cpu,2026-10-05T16:21:27.596230+00:00
sam_vit_b:ann1798918_box_n20_t3,setup3,sam_vit_b,174004,1798918,ann1798918_box_n20_t3,box,0.2,3,0.1490525998298019,0.09212210000259802,11.769397899974138,0.46185773611068726,ok,,2026,results/duong/masks/sam_vit_b/ann1798918_box_n20_t3.png,cpu,2026-10-05T16:21:27.821473+00:00
sam_vit_b:ann1798918_point_n00_t0,"setup1,setup2",sam_vit_b,174004,1798918,ann1798918_point_n00_t0,point,0.0,0,0.08261586371130243,0.1018661999842152,11.769397899974138,0.8931968212127686,ok,,2026,results/duong/masks/sam_vit_b/ann1798918_point_n00_t0.png,cpu,2026-10-05T16:21:26.343961+00:00
sam_vit_b:ann1798918_point_n10_t1,setup3,sam_vit_b,174004,1798918,ann1798918_point_n10_t1,point,0.1,1,0.010904819887288126,0.10863890004111454,11.769397899974138,0.8643107414245605,ok,,2026,results/duong/masks/sam_vit_b/ann1798918_point_n10_t1.png,cpu,2026-10-05T16:21:26.576078+00:00
sam_vit_b:ann1798918_point_n10_t2,setup3,sam_vit_b,174004,1798918,ann1798918_point_n10_t2,point,0.1,2,0.015236576403780051,0.09621260000858456,11.769397899974138,0.8899844288825989,ok,,2026,results/duong/masks/sam_vit_b/ann1798918_point_n10_t2.png,cpu,2026-10-05T16:21:26.809993+00:00
sam_vit_b:ann1798918_point_n10_t3,setup3,sam_vit_b,174004,1798918,ann1798918_point_n10_t3,point,0.1,3,0.010937146428455977,0.09907260001637042,11.769397899974138,0.8535482287406921,ok,,2026,results/duong/masks/sam_vit_b/ann1798918_point_n10_t3.png,cpu,2026-10-05T16:21:27.028649+00:00
sam_vit_b:ann1798918_point_n20_t1,setup3,sam_vit_b,174004,1798918,ann1798918_point_n20_t1,point,0.2,1,0.07008394125189918,0.09865820000413805,11.769397899974138,0.7969474196434021,ok,,2026,results/duong/masks/sam_vit_b/ann1798918_point_n20_t1.png,cpu,2026-10-05T16:21:27.252743+00:00
sam_vit_b:ann1798918_point_n20_t2,setup3,sam_vit_b,174004,1798918,ann1798918_point_n20_t2,point,0.2,2,0.0007542859605831708,0.10052219999488443,11.769397899974138,0.8108190894126892,ok,,2026,results/duong/masks/sam_vit_b/ann1798918_point_n20_t2.png,cpu,2026-10-05T16:21:27.478546+00:00
sam_vit_b:ann1798918_point_n20_t3,setup3,sam_vit_b,174004,1798918,ann1798918_point_n20_t3,point,0.2,3,0.006916910877434925,0.09686059999512509,11.769397899974138,0.7905177474021912,ok,,2026,results/duong/masks/sam_vit_b/ann1798918_point_n20_t3.png,cpu,2026-10-05T16:21:27.703712+00:00
sam_vit_b:ann1825525_box_n00_t0,"setup1,setup2",sam_vit_b,94944,1825525,ann1825525_box_n00_t0,box,0.0,0,0.16379310344827586,0.10185899998759851,11.482334599946626,0.562476634979248,ok,,2026,results/duong/masks/sam_vit_b/ann1825525_box_n00_t0.png,cpu,2026-10-05T16:20:06.338274+00:00
sam_vit_b:ann1825525_box_n10_t1,setup3,sam_vit_b,94944,1825525,ann1825525_box_n10_t1,box,0.1,1,0.04195804195804196,0.10466239997185767,11.482334599946626,0.5746161937713623,ok,,2026,results/duong/masks/sam_vit_b/ann1825525_box_n10_t1.png,cpu,2026-10-05T16:20:06.569861+00:00
sam_vit_b:ann1825525_box_n10_t2,setup3,sam_vit_b,94944,1825525,ann1825525_box_n10_t2,box,0.1,2,0.13111111111111112,0.10186970001086593,11.482334599946626,0.5482492446899414,ok,,2026,results/duong/masks/sam_vit_b/ann1825525_box_n10_t2.png,cpu,2026-10-05T16:20:06.810007+00:00
sam_vit_b:ann1825525_box_n10_t3,setup3,sam_vit_b,94944,1825525,ann1825525_box_n10_t3,box,0.1,3,0.055618188650883124,0.1068741999915801,11.482334599946626,0.6155991554260254,ok,,2026,results/duong/masks/sam_vit_b/ann1825525_box_n10_t3.png,cpu,2026-10-05T16:20:07.041842+00:00
sam_vit_b:ann1825525_box_n20_t1,setup3,sam_vit_b,94944,1825525,ann1825525_box_n20_t1,box,0.2,1,0.032397408207343416,0.09721760003594682,11.482334599946626,0.3757520616054535,ok,,2026,results/duong/masks/sam_vit_b/ann1825525_box_n20_t1.png,cpu,2026-10-05T16:20:07.268339+00:00
sam_vit_b:ann1825525_box_n20_t2,setup3,sam_vit_b,94944,1825525,ann1825525_box_n20_t2,box,0.2,2,0.15085771947527749,0.09219060000032187,11.482334599946626,0.6304724812507629,ok,,2026,results/duong/masks/sam_vit_b/ann1825525_box_n20_t2.png,cpu,2026-10-05T16:20:07.509681+00:00
sam_vit_b:ann1825525_box_n20_t3,setup3,sam_vit_b,94944,1825525,ann1825525_box_n20_t3,box,0.2,3,0.059674502712477394,0.0967786000110209,11.482334599946626,0.5791184306144714,ok,,2026,results/duong/masks/sam_vit_b/ann1825525_box_n20_t3.png,cpu,2026-10-05T16:20:07.725195+00:00
sam_vit_b:ann1825525_point_n00_t0,"setup1,setup2",sam_vit_b,94944,1825525,ann1825525_point_n00_t0,point,0.0,0,0.206645056726094,0.09307630005059764,11.482334599946626,0.7477825284004211,ok,,2026,results/duong/masks/sam_vit_b/ann1825525_point_n00_t0.png,cpu,2026-10-05T16:20:06.230052+00:00
sam_vit_b:ann1825525_point_n10_t1,setup3,sam_vit_b,94944,1825525,ann1825525_point_n10_t1,point,0.1,1,0.0008071025020177562,0.10608990001492202,11.482334599946626,0.36607423424720764,ok,,2026,results/duong/masks/sam_vit_b/ann1825525_point_n10_t1.png,cpu,2026-10-05T16:20:06.451735+00:00
sam_vit_b:ann1825525_point_n10_t2,setup3,sam_vit_b,94944,1825525,ann1825525_point_n10_t2,point,0.1,2,0.20853080568720378,0.11104839999461547,11.482334599946626,0.6895406246185303,ok,,2026,results/duong/masks/sam_vit_b/ann1825525_point_n10_t2.png,cpu,2026-10-05T16:20:06.690356+00:00
sam_vit_b:ann1825525_point_n10_t3,setup3,sam_vit_b,94944,1825525,ann1825525_point_n10_t3,point,0.1,3,0.20697858842188738,0.09864829998696223,11.482334599946626,0.7174081206321716,ok,,2026,results/duong/masks/sam_vit_b/ann1825525_point_n10_t3.png,cpu,2026-10-05T16:20:06.928522+00:00
sam_vit_b:ann1825525_point_n20_t1,setup3,sam_vit_b,94944,1825525,ann1825525_point_n20_t1,point,0.2,1,0.00014602270653086554,0.0971877999836579,11.482334599946626,0.7581670880317688,ok,,2026,results/duong/masks/sam_vit_b/ann1825525_point_n20_t1.png,cpu,2026-10-05T16:20:07.164828+00:00
sam_vit_b:ann1825525_point_n20_t2,setup3,sam_vit_b,94944,1825525,ann1825525_point_n20_t2,point,0.2,2,0.0,0.10076579998712987,11.482334599946626,0.8325967788696289,ok,,2026,results/duong/masks/sam_vit_b/ann1825525_point_n20_t2.png,cpu,2026-10-05T16:20:07.388520+00:00
sam_vit_b:ann1825525_point_n20_t3,setup3,sam_vit_b,94944,1825525,ann1825525_point_n20_t3,point,0.2,3,0.0,0.09982060000766069,11.482334599946626,0.6554226279258728,ok,,2026,results/duong/masks/sam_vit_b/ann1825525_point_n20_t3.png,cpu,2026-10-05T16:20:07.608256+00:00
sam_vit_b:ann1880859_box_n00_t0,"setup1,setup2",sam_vit_b,144798,1880859,ann1880859_box_n00_t0,box,0.0,0,0.9389421370252041,0.10472640005173162,11.46691869996721,0.9759993553161621,ok,,2026,results/duong/masks/sam_vit_b/ann1880859_box_n00_t0.png,cpu,2026-10-05T16:20:59.628649+00:00
sam_vit_b:ann1880859_box_n10_t1,setup3,sam_vit_b,144798,1880859,ann1880859_box_n10_t1,box,0.1,1,0.939297124600639,0.10660920001100749,11.46691869996721,0.9690821766853333,ok,,2026,results/duong/masks/sam_vit_b/ann1880859_box_n10_t1.png,cpu,2026-10-05T16:20:59.871378+00:00
sam_vit_b:ann1880859_box_n10_t2,setup3,sam_vit_b,144798,1880859,ann1880859_box_n10_t2,box,0.1,2,0.9367897727272727,0.10688269999809563,11.46691869996721,0.9734216332435608,ok,,2026,results/duong/masks/sam_vit_b/ann1880859_box_n10_t2.png,cpu,2026-10-05T16:21:00.119968+00:00
sam_vit_b:ann1880859_box_n10_t3,setup3,sam_vit_b,144798,1880859,ann1880859_box_n10_t3,box,0.1,3,0.9373888295980078,0.09548479999648407,11.46691869996721,0.9747125506401062,ok,,2026,results/duong/masks/sam_vit_b/ann1880859_box_n10_t3.png,cpu,2026-10-05T16:21:00.363254+00:00
sam_vit_b:ann1880859_box_n20_t1,setup3,sam_vit_b,144798,1880859,ann1880859_box_n20_t1,box,0.2,1,0.4725196288365453,0.09523730003274977,11.46691869996721,0.9284506440162659,ok,,2026,results/duong/masks/sam_vit_b/ann1880859_box_n20_t1.png,cpu,2026-10-05T16:21:00.593873+00:00
sam_vit_b:ann1880859_box_n20_t2,setup3,sam_vit_b,144798,1880859,ann1880859_box_n20_t2,box,0.2,2,0.4768188302425107,0.09844600001815706,11.46691869996721,0.9081190824508667,ok,,2026,results/duong/masks/sam_vit_b/ann1880859_box_n20_t2.png,cpu,2026-10-05T16:21:00.818265+00:00
sam_vit_b:ann1880859_box_n20_t3,setup3,sam_vit_b,144798,1880859,ann1880859_box_n20_t3,box,0.2,3,0.7229174115123347,0.0932471000123769,11.46691869996721,0.8572287559509277,ok,,2026,results/duong/masks/sam_vit_b/ann1880859_box_n20_t3.png,cpu,2026-10-05T16:21:01.039843+00:00
sam_vit_b:ann1880859_point_n00_t0,"setup1,setup2",sam_vit_b,144798,1880859,ann1880859_point_n00_t0,point,0.0,0,0.4931899641577061,0.11102939996635541,11.46691869996721,0.7452340126037598,ok,,2026,results/duong/masks/sam_vit_b/ann1880859_point_n00_t0.png,cpu,2026-10-05T16:20:59.499905+00:00
sam_vit_b:ann1880859_point_n10_t1,setup3,sam_vit_b,144798,1880859,ann1880859_point_n10_t1,point,0.1,1,0.5306923625981442,0.10702160000801086,11.46691869996721,0.7440436482429504,ok,,2026,results/duong/masks/sam_vit_b/ann1880859_point_n10_t1.png,cpu,2026-10-05T16:20:59.747614+00:00
sam_vit_b:ann1880859_point_n10_t2,setup3,sam_vit_b,144798,1880859,ann1880859_point_n10_t2,point,0.1,2,0.7469664525339044,0.11161219998029992,11.46691869996721,0.7456119060516357,ok,,2026,results/duong/masks/sam_vit_b/ann1880859_point_n10_t2.png,cpu,2026-10-05T16:20:59.991741+00:00
sam_vit_b:ann1880859_point_n10_t3,setup3,sam_vit_b,144798,1880859,ann1880859_point_n10_t3,point,0.1,3,0.26642728904847396,0.10725669999374077,11.46691869996721,0.5219358801841736,ok,,2026,results/duong/masks/sam_vit_b/ann1880859_point_n10_t3.png,cpu,2026-10-05T16:21:00.242658+00:00
sam_vit_b:ann1880859_point_n20_t1,setup3,sam_vit_b,144798,1880859,ann1880859_point_n20_t1,point,0.2,1,0.4594208080085806,0.09919360000640154,11.46691869996721,0.8129151463508606,ok,,2026,results/duong/masks/sam_vit_b/ann1880859_point_n20_t1.png,cpu,2026-10-05T16:21:00.470477+00:00
sam_vit_b:ann1880859_point_n20_t2,setup3,sam_vit_b,144798,1880859,ann1880859_point_n20_t2,point,0.2,2,0.4628305932809149,0.09948819997953251,11.46691869996721,0.8025282621383667,ok,,2026,results/duong/masks/sam_vit_b/ann1880859_point_n20_t2.png,cpu,2026-10-05T16:21:00.704110+00:00
sam_vit_b:ann1880859_point_n20_t3,setup3,sam_vit_b,144798,1880859,ann1880859_point_n20_t3,point,0.2,3,0.4687724335965542,0.09603140002582222,11.46691869996721,0.6775779128074646,ok,,2026,results/duong/masks/sam_vit_b/ann1880859_point_n20_t3.png,cpu,2026-10-05T16:21:00.929796+00:00
sam_vit_b:ann1902534_box_n00_t0,"setup1,setup2",sam_vit_b,465806,1902534,ann1902534_box_n00_t0,box,0.0,0,0.9163815657073858,0.11239979998208582,16.869280700047966,0.991392195224762,ok,,2026,results/duong/masks/sam_vit_b/ann1902534_box_n00_t0.png,cpu,2026-10-05T16:28:29.022953+00:00
sam_vit_b:ann1902534_box_n10_t1,setup3,sam_vit_b,465806,1902534,ann1902534_box_n10_t1,box,0.1,1,0.9095857272452373,0.1259072000393644,16.869280700047966,0.9639813899993896,ok,,2026,results/duong/masks/sam_vit_b/ann1902534_box_n10_t1.png,cpu,2026-10-05T16:28:29.324136+00:00
sam_vit_b:ann1902534_box_n10_t2,setup3,sam_vit_b,465806,1902534,ann1902534_box_n10_t2,box,0.1,2,0.3974946532233425,0.11585379997268319,16.869280700047966,0.4072941243648529,ok,,2026,results/duong/masks/sam_vit_b/ann1902534_box_n10_t2.png,cpu,2026-10-05T16:28:29.670864+00:00
sam_vit_b:ann1902534_box_n10_t3,setup3,sam_vit_b,465806,1902534,ann1902534_box_n10_t3,box,0.1,3,0.9063288583829615,0.13819029997102916,16.869280700047966,0.9611296057701111,ok,,2026,results/duong/masks/sam_vit_b/ann1902534_box_n10_t3.png,cpu,2026-10-05T16:28:29.965355+00:00
sam_vit_b:ann1902534_box_n20_t1,setup3,sam_vit_b,465806,1902534,ann1902534_box_n20_t1,box,0.2,1,0.30701129541060346,0.11318899999605492,16.869280700047966,0.6147662997245789,ok,,2026,results/duong/masks/sam_vit_b/ann1902534_box_n20_t1.png,cpu,2026-10-05T16:28:30.283579+00:00
sam_vit_b:ann1902534_box_n20_t2,setup3,sam_vit_b,465806,1902534,ann1902534_box_n20_t2,box,0.2,2,0.008008767492834261,0.10601049999240786,16.869280700047966,0.8516175150871277,ok,,2026,results/duong/masks/sam_vit_b/ann1902534_box_n20_t2.png,cpu,2026-10-05T16:28:30.589930+00:00
sam_vit_b:ann1902534_box_n20_t3,setup3,sam_vit_b,465806,1902534,ann1902534_box_n20_t3,box,0.2,3,0.3968076453843026,0.10292460001073778,16.869280700047966,0.8545095920562744,ok,,2026,results/duong/masks/sam_vit_b/ann1902534_box_n20_t3.png,cpu,2026-10-05T16:28:30.858914+00:00
sam_vit_b:ann1902534_point_n00_t0,"setup1,setup2",sam_vit_b,465806,1902534,ann1902534_point_n00_t0,point,0.0,0,0.9163650985122638,0.10752780002076179,16.869280700047966,0.9025714993476868,ok,,2026,results/duong/masks/sam_vit_b/ann1902534_point_n00_t0.png,cpu,2026-10-05T16:28:28.890452+00:00
sam_vit_b:ann1902534_point_n10_t1,setup3,sam_vit_b,465806,1902534,ann1902534_point_n10_t1,point,0.1,1,0.150931804218718,0.1253413999802433,16.869280700047966,0.6019976735115051,ok,,2026,results/duong/masks/sam_vit_b/ann1902534_point_n10_t1.png,cpu,2026-10-05T16:28:29.159002+00:00
sam_vit_b:ann1902534_point_n10_t2,setup3,sam_vit_b,465806,1902534,ann1902534_point_n10_t2,point,0.1,2,0.16664959541124655,0.15936819999478757,16.869280700047966,0.8566513657569885,ok,,2026,results/duong/masks/sam_vit_b/ann1902534_point_n10_t2.png,cpu,2026-10-05T16:28:29.483297+00:00
sam_vit_b:ann1902534_point_n10_t3,setup3,sam_vit_b,465806,1902534,ann1902534_point_n10_t3,point,0.1,3,0.9190873454618554,0.11648050002986565,16.869280700047966,0.9548576474189758,ok,,2026,results/duong/masks/sam_vit_b/ann1902534_point_n10_t3.png,cpu,2026-10-05T16:28:29.813825+00:00
sam_vit_b:ann1902534_point_n20_t1,setup3,sam_vit_b,465806,1902534,ann1902534_point_n20_t1,point,0.2,1,0.06340264263033904,0.12290670000948012,16.869280700047966,0.6685668230056763,ok,,2026,results/duong/masks/sam_vit_b/ann1902534_point_n20_t1.png,cpu,2026-10-05T16:28:30.134205+00:00
sam_vit_b:ann1902534_point_n20_t2,setup3,sam_vit_b,465806,1902534,ann1902534_point_n20_t2,point,0.2,2,0.16572774761855988,0.12092539999866858,16.869280700047966,0.8477386236190796,ok,,2026,results/duong/masks/sam_vit_b/ann1902534_point_n20_t2.png,cpu,2026-10-05T16:28:30.437219+00:00
sam_vit_b:ann1902534_point_n20_t3,setup3,sam_vit_b,465806,1902534,ann1902534_point_n20_t3,point,0.2,3,0.0845027143296118,0.10813459998462349,16.869280700047966,0.9601518511772156,ok,,2026,results/duong/masks/sam_vit_b/ann1902534_point_n20_t3.png,cpu,2026-10-05T16:28:30.725337+00:00
sam_vit_b:ann206430_box_n00_t0,"setup1,setup2",sam_vit_b,455085,206430,ann206430_box_n00_t0,box,0.0,0,0.8457963667089142,0.11077989998739213,11.870833199995104,0.9552749395370483,ok,,2026,results/duong/masks/sam_vit_b/ann206430_box_n00_t0.png,cpu,2026-10-05T16:16:56.008586+00:00
sam_vit_b:ann206430_box_n10_t1,setup3,sam_vit_b,455085,206430,ann206430_box_n10_t1,box,0.1,1,0.7851851851851852,0.1028336999588646,11.870833199995104,0.9532681107521057,ok,,2026,results/duong/masks/sam_vit_b/ann206430_box_n10_t1.png,cpu,2026-10-05T16:16:56.257510+00:00
sam_vit_b:ann206430_box_n10_t2,setup3,sam_vit_b,455085,206430,ann206430_box_n10_t2,box,0.1,2,0.8023538961038961,0.10231010004645213,11.870833199995104,0.9538338780403137,ok,,2026,results/duong/masks/sam_vit_b/ann206430_box_n10_t2.png,cpu,2026-10-05T16:16:56.498408+00:00
sam_vit_b:ann206430_box_n10_t3,setup3,sam_vit_b,455085,206430,ann206430_box_n10_t3,box,0.1,3,0.8367525098210389,0.10165230004349723,11.870833199995104,0.9330371022224426,ok,,2026,results/duong/masks/sam_vit_b/ann206430_box_n10_t3.png,cpu,2026-10-05T16:16:56.727515+00:00
sam_vit_b:ann206430_box_n20_t1,setup3,sam_vit_b,455085,206430,ann206430_box_n20_t1,box,0.2,1,0.7465677179962894,0.13821619999362156,11.870833199995104,0.9129186868667603,ok,,2026,results/duong/masks/sam_vit_b/ann206430_box_n20_t1.png,cpu,2026-10-05T16:16:56.994307+00:00
sam_vit_b:ann206430_box_n20_t2,setup3,sam_vit_b,455085,206430,ann206430_box_n20_t2,box,0.2,2,0.6487704918032787,0.11522499995771796,11.870833199995104,0.9184980988502502,ok,,2026,results/duong/masks/sam_vit_b/ann206430_box_n20_t2.png,cpu,2026-10-05T16:16:57.288523+00:00
sam_vit_b:ann206430_box_n20_t3,setup3,sam_vit_b,455085,206430,ann206430_box_n20_t3,box,0.2,3,0.7399756986634265,0.10834520001662895,11.870833199995104,0.8647904396057129,ok,,2026,results/duong/masks/sam_vit_b/ann206430_box_n20_t3.png,cpu,2026-10-05T16:16:57.541140+00:00
sam_vit_b:ann206430_point_n00_t0,"setup1,setup2",sam_vit_b,455085,206430,ann206430_point_n00_t0,point,0.0,0,0.18532455315145813,0.11149900004966184,11.870833199995104,0.6264787912368774,ok,,2026,results/duong/masks/sam_vit_b/ann206430_point_n00_t0.png,cpu,2026-10-05T16:16:55.885004+00:00
sam_vit_b:ann206430_point_n10_t1,setup3,sam_vit_b,455085,206430,ann206430_point_n10_t1,point,0.1,1,0.18203682202687013,0.11063780001131818,11.870833199995104,0.6756523847579956,ok,,2026,results/duong/masks/sam_vit_b/ann206430_point_n10_t1.png,cpu,2026-10-05T16:16:56.135147+00:00
sam_vit_b:ann206430_point_n10_t2,setup3,sam_vit_b,455085,206430,ann206430_point_n10_t2,point,0.1,2,0.19634787420455593,0.10435150004923344,11.870833199995104,0.6186884045600891,ok,,2026,results/duong/masks/sam_vit_b/ann206430_point_n10_t2.png,cpu,2026-10-05T16:16:56.369675+00:00
sam_vit_b:ann206430_point_n10_t3,setup3,sam_vit_b,455085,206430,ann206430_point_n10_t3,point,0.1,3,0.20993541977148533,0.10233829997014254,11.870833199995104,0.6256912350654602,ok,,2026,results/duong/masks/sam_vit_b/ann206430_point_n10_t3.png,cpu,2026-10-05T16:16:56.613188+00:00
sam_vit_b:ann206430_point_n20_t1,setup3,sam_vit_b,455085,206430,ann206430_point_n20_t1,point,0.2,1,0.1817278224136503,0.1345179000054486,11.870833199995104,0.7013366222381592,ok,,2026,results/duong/masks/sam_vit_b/ann206430_point_n20_t1.png,cpu,2026-10-05T16:16:56.844032+00:00
sam_vit_b:ann206430_point_n20_t2,setup3,sam_vit_b,455085,206430,ann206430_point_n20_t2,point,0.2,2,0.22195704057279236,0.12500339996768162,11.870833199995104,0.6220895051956177,ok,,2026,results/duong/masks/sam_vit_b/ann206430_point_n20_t2.png,cpu,2026-10-05T16:16:57.147486+00:00
sam_vit_b:ann206430_point_n20_t3,setup3,sam_vit_b,455085,206430,ann206430_point_n20_t3,point,0.2,3,0.1823925513342755,0.10713229997782037,11.870833199995104,0.6691634654998779,ok,,2026,results/duong/masks/sam_vit_b/ann206430_point_n20_t3.png,cpu,2026-10-05T16:16:57.418442+00:00
sam_vit_b:ann2132347_box_n00_t0,"setup1,setup2",sam_vit_b,389381,2132347,ann2132347_box_n00_t0,box,0.0,0,0.5092503252463615,0.23384770000120625,28.053311299998313,1.017059326171875,ok,,2026,results/duong/masks/sam_vit_b/ann2132347_box_n00_t0.png,cpu,2026-10-05T16:25:38.340024+00:00
sam_vit_b:ann2132347_box_n10_t1,setup3,sam_vit_b,389381,2132347,ann2132347_box_n10_t1,box,0.1,1,0.3902892886456503,0.21923340001376346,28.053311299998313,0.7529863119125366,ok,,2026,results/duong/masks/sam_vit_b/ann2132347_box_n10_t1.png,cpu,2026-10-05T16:25:38.905691+00:00
sam_vit_b:ann2132347_box_n10_t2,setup3,sam_vit_b,389381,2132347,ann2132347_box_n10_t2,box,0.1,2,0.08511749657215102,0.23140059999423102,28.053311299998313,0.8990721106529236,ok,,2026,results/duong/masks/sam_vit_b/ann2132347_box_n10_t2.png,cpu,2026-10-05T16:25:39.474316+00:00
sam_vit_b:ann2132347_box_n10_t3,setup3,sam_vit_b,389381,2132347,ann2132347_box_n10_t3,box,0.1,3,0.1311493297002082,0.2338095000013709,28.053311299998313,0.7409998178482056,ok,,2026,results/duong/masks/sam_vit_b/ann2132347_box_n10_t3.png,cpu,2026-10-05T16:25:40.021918+00:00
sam_vit_b:ann2132347_box_n20_t1,setup3,sam_vit_b,389381,2132347,ann2132347_box_n20_t1,box,0.2,1,0.2542095270816611,0.24637670000083745,28.053311299998313,0.995015025138855,ok,,2026,results/duong/masks/sam_vit_b/ann2132347_box_n20_t1.png,cpu,2026-10-05T16:25:40.581021+00:00
sam_vit_b:ann2132347_box_n20_t2,setup3,sam_vit_b,389381,2132347,ann2132347_box_n20_t2,box,0.2,2,0.2563040419432622,0.41561969998292625,28.053311299998313,0.9886295795440674,ok,,2026,results/duong/masks/sam_vit_b/ann2132347_box_n20_t2.png,cpu,2026-10-05T16:25:41.113635+00:00
sam_vit_b:ann2132347_box_n20_t3,setup3,sam_vit_b,389381,2132347,ann2132347_box_n20_t3,box,0.2,3,0.21033683699917888,0.28250189998652786,28.053311299998313,0.9220492839813232,ok,,2026,results/duong/masks/sam_vit_b/ann2132347_box_n20_t3.png,cpu,2026-10-05T16:25:41.908809+00:00
sam_vit_b:ann2132347_point_n00_t0,"setup1,setup2",sam_vit_b,389381,2132347,ann2132347_point_n00_t0,point,0.0,0,0.004733696200578134,0.26293160003842786,28.053311299998313,0.8494852781295776,ok,,2026,results/duong/masks/sam_vit_b/ann2132347_point_n00_t0.png,cpu,2026-10-05T16:25:38.026646+00:00
sam_vit_b:ann2132347_point_n10_t1,setup3,sam_vit_b,389381,2132347,ann2132347_point_n10_t1,point,0.1,1,0.015325897918360806,0.21956639998825267,28.053311299998313,0.858772337436676,ok,,2026,results/duong/masks/sam_vit_b/ann2132347_point_n10_t1.png,cpu,2026-10-05T16:25:38.639372+00:00
sam_vit_b:ann2132347_point_n10_t2,setup3,sam_vit_b,389381,2132347,ann2132347_point_n10_t2,point,0.1,2,0.0074670718750185485,0.2527682000072673,28.053311299998313,0.9388695359230042,ok,,2026,results/duong/masks/sam_vit_b/ann2132347_point_n10_t2.png,cpu,2026-10-05T16:25:39.176426+00:00
sam_vit_b:ann2132347_point_n10_t3,setup3,sam_vit_b,389381,2132347,ann2132347_point_n10_t3,point,0.1,3,0.018872460275533767,0.2145944000221789,28.053311299998313,0.8896019458770752,ok,,2026,results/duong/masks/sam_vit_b/ann2132347_point_n10_t3.png,cpu,2026-10-05T16:25:39.759589+00:00
sam_vit_b:ann2132347_point_n20_t1,setup3,sam_vit_b,389381,2132347,ann2132347_point_n20_t1,point,0.2,1,0.015625649213820612,0.21307789999991655,28.053311299998313,0.6154753565788269,ok,,2026,results/duong/masks/sam_vit_b/ann2132347_point_n20_t1.png,cpu,2026-10-05T16:25:40.327616+00:00
sam_vit_b:ann2132347_point_n20_t2,setup3,sam_vit_b,389381,2132347,ann2132347_point_n20_t2,point,0.2,2,0.026918259899212336,0.19901530002243817,28.053311299998313,0.948392927646637,ok,,2026,results/duong/masks/sam_vit_b/ann2132347_point_n20_t2.png,cpu,2026-10-05T16:25:40.875680+00:00
sam_vit_b:ann2132347_point_n20_t3,setup3,sam_vit_b,389381,2132347,ann2132347_point_n20_t3,point,0.2,3,0.004576400966326949,0.24414869997417554,28.053311299998313,0.8779816627502441,ok,,2026,results/duong/masks/sam_vit_b/ann2132347_point_n20_t3.png,cpu,2026-10-05T16:25:41.591337+00:00
sam_vit_b:ann2191728_box_n00_t0,"setup1,setup2",sam_vit_b,67310,2191728,ann2191728_box_n00_t0,box,0.0,0,0.7401315789473685,0.1013960000127554,12.124596900015604,0.8634301424026489,ok,,2026,results/duong/masks/sam_vit_b/ann2191728_box_n00_t0.png,cpu,2026-10-05T16:19:00.688505+00:00
sam_vit_b:ann2191728_box_n10_t1,setup3,sam_vit_b,67310,2191728,ann2191728_box_n10_t1,box,0.1,1,0.6785515320334262,0.10328039998421445,12.124596900015604,0.8338658213615417,ok,,2026,results/duong/masks/sam_vit_b/ann2191728_box_n10_t1.png,cpu,2026-10-05T16:19:00.933912+00:00
sam_vit_b:ann2191728_box_n10_t2,setup3,sam_vit_b,67310,2191728,ann2191728_box_n10_t2,box,0.1,2,0.697738554881412,0.11670469999080524,12.124596900015604,0.8501962423324585,ok,,2026,results/duong/masks/sam_vit_b/ann2191728_box_n10_t2.png,cpu,2026-10-05T16:19:01.169612+00:00
sam_vit_b:ann2191728_box_n10_t3,setup3,sam_vit_b,67310,2191728,ann2191728_box_n10_t3,box,0.1,3,0.4895833333333333,0.11903510004049167,12.124596900015604,0.6304506063461304,ok,,2026,results/duong/masks/sam_vit_b/ann2191728_box_n10_t3.png,cpu,2026-10-05T16:19:01.448265+00:00
sam_vit_b:ann2191728_box_n20_t1,setup3,sam_vit_b,67310,2191728,ann2191728_box_n20_t1,box,0.2,1,0.5294117647058824,0.1046337999869138,12.124596900015604,0.8132030367851257,ok,,2026,results/duong/masks/sam_vit_b/ann2191728_box_n20_t1.png,cpu,2026-10-05T16:19:01.690565+00:00
sam_vit_b:ann2191728_box_n20_t2,setup3,sam_vit_b,67310,2191728,ann2191728_box_n20_t2,box,0.2,2,0.37973967176004525,0.09960409998893738,12.124596900015604,0.8269822597503662,ok,,2026,results/duong/masks/sam_vit_b/ann2191728_box_n20_t2.png,cpu,2026-10-05T16:19:01.918294+00:00
sam_vit_b:ann2191728_box_n20_t3,setup3,sam_vit_b,67310,2191728,ann2191728_box_n20_t3,box,0.2,3,0.012540894220283533,0.10157790000084788,12.124596900015604,0.7661159038543701,ok,,2026,results/duong/masks/sam_vit_b/ann2191728_box_n20_t3.png,cpu,2026-10-05T16:19:02.151774+00:00
sam_vit_b:ann2191728_point_n00_t0,"setup1,setup2",sam_vit_b,67310,2191728,ann2191728_point_n00_t0,point,0.0,0,0.1978021978021978,0.09860329999355599,12.124596900015604,0.7389214634895325,ok,,2026,results/duong/masks/sam_vit_b/ann2191728_point_n00_t0.png,cpu,2026-10-05T16:19:00.577619+00:00
sam_vit_b:ann2191728_point_n10_t1,setup3,sam_vit_b,67310,2191728,ann2191728_point_n10_t1,point,0.1,1,0.34110289937464466,0.1167474000249058,12.124596900015604,0.6727969646453857,ok,,2026,results/duong/masks/sam_vit_b/ann2191728_point_n10_t1.png,cpu,2026-10-05T16:19:00.799908+00:00
sam_vit_b:ann2191728_point_n10_t2,setup3,sam_vit_b,67310,2191728,ann2191728_point_n10_t2,point,0.1,2,0.6744060475161987,0.10843859997112304,12.124596900015604,0.7411326766014099,ok,,2026,results/duong/masks/sam_vit_b/ann2191728_point_n10_t2.png,cpu,2026-10-05T16:19:01.048578+00:00
sam_vit_b:ann2191728_point_n10_t3,setup3,sam_vit_b,67310,2191728,ann2191728_point_n10_t3,point,0.1,3,0.012790306294177045,0.1285097999498248,12.124596900015604,0.8739075660705566,ok,,2026,results/duong/masks/sam_vit_b/ann2191728_point_n10_t3.png,cpu,2026-10-05T16:19:01.302394+00:00
sam_vit_b:ann2191728_point_n20_t1,setup3,sam_vit_b,67310,2191728,ann2191728_point_n20_t1,point,0.2,1,0.5735702387562466,0.09634019999066368,12.124596900015604,0.6077620983123779,ok,,2026,results/duong/masks/sam_vit_b/ann2191728_point_n20_t1.png,cpu,2026-10-05T16:19:01.581759+00:00
sam_vit_b:ann2191728_point_n20_t2,setup3,sam_vit_b,67310,2191728,ann2191728_point_n20_t2,point,0.2,2,0.6828729281767956,0.09882129996549338,12.124596900015604,0.6714056730270386,ok,,2026,results/duong/masks/sam_vit_b/ann2191728_point_n20_t2.png,cpu,2026-10-05T16:19:01.808305+00:00
sam_vit_b:ann2191728_point_n20_t3,setup3,sam_vit_b,67310,2191728,ann2191728_point_n20_t3,point,0.2,3,0.010388739946380697,0.1121166999801062,12.124596900015604,0.8164637088775635,ok,,2026,results/duong/masks/sam_vit_b/ann2191728_point_n20_t3.png,cpu,2026-10-05T16:19:02.028248+00:00
sam_vit_b:ann2194765_box_n00_t0,"setup1,setup2",sam_vit_b,348045,2194765,ann2194765_box_n00_t0,box,0.0,0,0.9086422586939057,0.09344740002416074,12.01595869997982,0.9812569618225098,ok,,2026,results/duong/masks/sam_vit_b/ann2194765_box_n00_t0.png,cpu,2026-10-05T16:24:00.389664+00:00
sam_vit_b:ann2194765_box_n10_t1,setup3,sam_vit_b,348045,2194765,ann2194765_box_n10_t1,box,0.1,1,0.8426221886441565,0.09757460001856089,12.01595869997982,0.965860903263092,ok,,2026,results/duong/masks/sam_vit_b/ann2194765_box_n10_t1.png,cpu,2026-10-05T16:24:00.619929+00:00
sam_vit_b:ann2194765_box_n10_t2,setup3,sam_vit_b,348045,2194765,ann2194765_box_n10_t2,box,0.1,2,0.8835553514010106,0.09616870002355427,12.01595869997982,0.9615662097930908,ok,,2026,results/duong/masks/sam_vit_b/ann2194765_box_n10_t2.png,cpu,2026-10-05T16:24:00.865975+00:00
sam_vit_b:ann2194765_box_n10_t3,setup3,sam_vit_b,348045,2194765,ann2194765_box_n10_t3,box,0.1,3,0.827746470690757,0.09572480001952499,12.01595869997982,0.9690021872520447,ok,,2026,results/duong/masks/sam_vit_b/ann2194765_box_n10_t3.png,cpu,2026-10-05T16:24:01.101580+00:00
sam_vit_b:ann2194765_box_n20_t1,setup3,sam_vit_b,348045,2194765,ann2194765_box_n20_t1,box,0.2,1,0.6815138282387191,0.09441419999348,12.01595869997982,0.8454012274742126,ok,,2026,results/duong/masks/sam_vit_b/ann2194765_box_n20_t1.png,cpu,2026-10-05T16:24:01.331513+00:00
sam_vit_b:ann2194765_box_n20_t2,setup3,sam_vit_b,348045,2194765,ann2194765_box_n20_t2,box,0.2,2,0.002362340005154196,0.09036380000179633,12.01595869997982,0.7863335609436035,ok,,2026,results/duong/masks/sam_vit_b/ann2194765_box_n20_t2.png,cpu,2026-10-05T16:24:01.559903+00:00
sam_vit_b:ann2194765_box_n20_t3,setup3,sam_vit_b,348045,2194765,ann2194765_box_n20_t3,box,0.2,3,0.42571935243979175,0.09494610002730042,12.01595869997982,0.6874991655349731,ok,,2026,results/duong/masks/sam_vit_b/ann2194765_box_n20_t3.png,cpu,2026-10-05T16:24:01.790233+00:00
sam_vit_b:ann2194765_point_n00_t0,"setup1,setup2",sam_vit_b,348045,2194765,ann2194765_point_n00_t0,point,0.0,0,0.9104279617026185,0.10277749999659136,12.01595869997982,0.9273516535758972,ok,,2026,results/duong/masks/sam_vit_b/ann2194765_point_n00_t0.png,cpu,2026-10-05T16:24:00.268674+00:00
sam_vit_b:ann2194765_point_n10_t1,setup3,sam_vit_b,348045,2194765,ann2194765_point_n10_t1,point,0.1,1,0.9123414071510957,0.10202529997332022,12.01595869997982,0.9339182376861572,ok,,2026,results/duong/masks/sam_vit_b/ann2194765_point_n10_t1.png,cpu,2026-10-05T16:24:00.502645+00:00
sam_vit_b:ann2194765_point_n10_t2,setup3,sam_vit_b,348045,2194765,ann2194765_point_n10_t2,point,0.1,2,0.8918528783417057,0.09650440001860261,12.01595869997982,0.8982329964637756,ok,,2026,results/duong/masks/sam_vit_b/ann2194765_point_n10_t2.png,cpu,2026-10-05T16:24:00.738586+00:00
sam_vit_b:ann2194765_point_n10_t3,setup3,sam_vit_b,348045,2194765,ann2194765_point_n10_t3,point,0.1,3,0.9198778872184782,0.10101020004367456,12.01595869997982,0.9555166959762573,ok,,2026,results/duong/masks/sam_vit_b/ann2194765_point_n10_t3.png,cpu,2026-10-05T16:24:00.980627+00:00
sam_vit_b:ann2194765_point_n20_t1,setup3,sam_vit_b,348045,2194765,ann2194765_point_n20_t1,point,0.2,1,0.8743930635838151,0.08840629999758676,12.01595869997982,0.8788228631019592,ok,,2026,results/duong/masks/sam_vit_b/ann2194765_point_n20_t1.png,cpu,2026-10-05T16:24:01.215245+00:00
sam_vit_b:ann2194765_point_n20_t2,setup3,sam_vit_b,348045,2194765,ann2194765_point_n20_t2,point,0.2,2,0.7262042612320518,0.09597530000610277,12.01595869997982,0.8513230085372925,ok,,2026,results/duong/masks/sam_vit_b/ann2194765_point_n20_t2.png,cpu,2026-10-05T16:24:01.445344+00:00
sam_vit_b:ann2194765_point_n20_t3,setup3,sam_vit_b,348045,2194765,ann2194765_point_n20_t3,point,0.2,3,0.9384421390496933,0.09426440001698211,12.01595869997982,1.0024691820144653,ok,,2026,results/duong/masks/sam_vit_b/ann2194765_point_n20_t3.png,cpu,2026-10-05T16:24:01.668441+00:00
sam_vit_b:ann2215064_box_n00_t0,"setup1,setup2",sam_vit_b,313034,2215064,ann2215064_box_n00_t0,box,0.0,0,0.7602739726027398,0.09640069998567924,12.186727199994493,0.9586125016212463,ok,,2026,results/duong/masks/sam_vit_b/ann2215064_box_n00_t0.png,cpu,2026-10-05T16:23:19.662233+00:00
sam_vit_b:ann2215064_box_n10_t1,setup3,sam_vit_b,313034,2215064,ann2215064_box_n10_t1,box,0.1,1,0.75,0.09880390000762418,12.186727199994493,0.9522116184234619,ok,,2026,results/duong/masks/sam_vit_b/ann2215064_box_n10_t1.png,cpu,2026-10-05T16:23:19.879738+00:00
sam_vit_b:ann2215064_box_n10_t2,setup3,sam_vit_b,313034,2215064,ann2215064_box_n10_t2,box,0.1,2,0.75,0.09733780001988634,12.186727199994493,0.9541081190109253,ok,,2026,results/duong/masks/sam_vit_b/ann2215064_box_n10_t2.png,cpu,2026-10-05T16:23:20.125395+00:00
sam_vit_b:ann2215064_box_n10_t3,setup3,sam_vit_b,313034,2215064,ann2215064_box_n10_t3,box,0.1,3,0.7724137931034483,0.105651099991519,12.186727199994493,0.9583603739738464,ok,,2026,results/duong/masks/sam_vit_b/ann2215064_box_n10_t3.png,cpu,2026-10-05T16:23:20.356680+00:00
sam_vit_b:ann2215064_box_n20_t1,setup3,sam_vit_b,313034,2215064,ann2215064_box_n20_t1,box,0.2,1,0.7655172413793103,0.10966159997042269,12.186727199994493,0.939742922782898,ok,,2026,results/duong/masks/sam_vit_b/ann2215064_box_n20_t1.png,cpu,2026-10-05T16:23:20.620409+00:00
sam_vit_b:ann2215064_box_n20_t2,setup3,sam_vit_b,313034,2215064,ann2215064_box_n20_t2,box,0.2,2,0.7465753424657534,0.09660650003934279,12.186727199994493,0.9348586797714233,ok,,2026,results/duong/masks/sam_vit_b/ann2215064_box_n20_t2.png,cpu,2026-10-05T16:23:20.963687+00:00
sam_vit_b:ann2215064_box_n20_t3,setup3,sam_vit_b,313034,2215064,ann2215064_box_n20_t3,box,0.2,3,0.7619047619047619,0.10195840004598722,12.186727199994493,0.949882984161377,ok,,2026,results/duong/masks/sam_vit_b/ann2215064_box_n20_t3.png,cpu,2026-10-05T16:23:21.208233+00:00
sam_vit_b:ann2215064_point_n00_t0,"setup1,setup2",sam_vit_b,313034,2215064,ann2215064_point_n00_t0,point,0.0,0,0.7516778523489933,0.09606950002489612,12.186727199994493,0.9569059014320374,ok,,2026,results/duong/masks/sam_vit_b/ann2215064_point_n00_t0.png,cpu,2026-10-05T16:23:19.548348+00:00
sam_vit_b:ann2215064_point_n10_t1,setup3,sam_vit_b,313034,2215064,ann2215064_point_n10_t1,point,0.1,1,0.7516778523489933,0.09082390001276508,12.186727199994493,0.9582279324531555,ok,,2026,results/duong/masks/sam_vit_b/ann2215064_point_n10_t1.png,cpu,2026-10-05T16:23:19.778344+00:00
sam_vit_b:ann2215064_point_n10_t2,setup3,sam_vit_b,313034,2215064,ann2215064_point_n10_t2,point,0.1,2,0.7516778523489933,0.10973650001687929,12.186727199994493,0.9597732424736023,ok,,2026,results/duong/masks/sam_vit_b/ann2215064_point_n10_t2.png,cpu,2026-10-05T16:23:19.998330+00:00
sam_vit_b:ann2215064_point_n10_t3,setup3,sam_vit_b,313034,2215064,ann2215064_point_n10_t3,point,0.1,3,0.7516778523489933,0.09936340001877397,12.186727199994493,0.9554967880249023,ok,,2026,results/duong/masks/sam_vit_b/ann2215064_point_n10_t3.png,cpu,2026-10-05T16:23:20.239467+00:00
sam_vit_b:ann2215064_point_n20_t1,setup3,sam_vit_b,313034,2215064,ann2215064_point_n20_t1,point,0.2,1,0.7417218543046358,0.10773190000327304,12.186727199994493,0.9571191668510437,ok,,2026,results/duong/masks/sam_vit_b/ann2215064_point_n20_t1.png,cpu,2026-10-05T16:23:20.493923+00:00
sam_vit_b:ann2215064_point_n20_t2,setup3,sam_vit_b,313034,2215064,ann2215064_point_n20_t2,point,0.2,2,0.7516778523489933,0.1949760999996215,12.186727199994493,0.9534943699836731,ok,,2026,results/duong/masks/sam_vit_b/ann2215064_point_n20_t2.png,cpu,2026-10-05T16:23:20.749600+00:00
sam_vit_b:ann2215064_point_n20_t3,setup3,sam_vit_b,313034,2215064,ann2215064_point_n20_t3,point,0.2,3,0.7516778523489933,0.10149570001522079,12.186727199994493,0.9507319927215576,ok,,2026,results/duong/masks/sam_vit_b/ann2215064_point_n20_t3.png,cpu,2026-10-05T16:23:21.089852+00:00
sam_vit_b:ann2227685_box_n00_t0,"setup1,setup2",sam_vit_b,222455,2227685,ann2227685_box_n00_t0,box,0.0,0,0.7952778160761065,0.0974172999849543,11.460985000012442,0.9218934774398804,ok,,2026,results/duong/masks/sam_vit_b/ann2227685_box_n00_t0.png,cpu,2026-10-05T16:22:06.096200+00:00
sam_vit_b:ann2227685_box_n10_t1,setup3,sam_vit_b,222455,2227685,ann2227685_box_n10_t1,box,0.1,1,0.0005838192770256812,0.08660620002774522,11.460985000012442,0.477906197309494,ok,,2026,results/duong/masks/sam_vit_b/ann2227685_box_n10_t1.png,cpu,2026-10-05T16:22:06.325282+00:00
sam_vit_b:ann2227685_box_n10_t2,setup3,sam_vit_b,222455,2227685,ann2227685_box_n10_t2,box,0.1,2,0.0452016451893268,0.10040910000680014,11.460985000012442,0.6143046617507935,ok,,2026,results/duong/masks/sam_vit_b/ann2227685_box_n10_t2.png,cpu,2026-10-05T16:22:06.538664+00:00
sam_vit_b:ann2227685_box_n10_t3,setup3,sam_vit_b,222455,2227685,ann2227685_box_n10_t3,box,0.1,3,0.28236410557505087,0.0979139999835752,11.460985000012442,0.7744221687316895,ok,,2026,results/duong/masks/sam_vit_b/ann2227685_box_n10_t3.png,cpu,2026-10-05T16:22:06.786253+00:00
sam_vit_b:ann2227685_box_n20_t1,setup3,sam_vit_b,222455,2227685,ann2227685_box_n20_t1,box,0.2,1,0.3215613748598186,0.09134970000013709,11.460985000012442,0.8831400871276855,ok,,2026,results/duong/masks/sam_vit_b/ann2227685_box_n20_t1.png,cpu,2026-10-05T16:22:07.013419+00:00
sam_vit_b:ann2227685_box_n20_t2,setup3,sam_vit_b,222455,2227685,ann2227685_box_n20_t2,box,0.2,2,0.3463822275847815,0.08996960002696142,11.460985000012442,0.7949739694595337,ok,,2026,results/duong/masks/sam_vit_b/ann2227685_box_n20_t2.png,cpu,2026-10-05T16:22:07.234544+00:00
sam_vit_b:ann2227685_box_n20_t3,setup3,sam_vit_b,222455,2227685,ann2227685_box_n20_t3,box,0.2,3,0.1638694155702133,0.09188490000087768,11.460985000012442,0.7196134328842163,ok,,2026,results/duong/masks/sam_vit_b/ann2227685_box_n20_t3.png,cpu,2026-10-05T16:22:07.458229+00:00
sam_vit_b:ann2227685_point_n00_t0,"setup1,setup2",sam_vit_b,222455,2227685,ann2227685_point_n00_t0,point,0.0,0,0.06273611023500635,0.09348089998820797,11.460985000012442,0.8043498992919922,ok,,2026,results/duong/masks/sam_vit_b/ann2227685_point_n00_t0.png,cpu,2026-10-05T16:22:05.986652+00:00
sam_vit_b:ann2227685_point_n10_t1,setup3,sam_vit_b,222455,2227685,ann2227685_point_n10_t1,point,0.1,1,0.06959776277886415,0.09777650004252791,11.460985000012442,0.9596626162528992,ok,,2026,results/duong/masks/sam_vit_b/ann2227685_point_n10_t1.png,cpu,2026-10-05T16:22:06.209679+00:00
sam_vit_b:ann2227685_point_n10_t2,setup3,sam_vit_b,222455,2227685,ann2227685_point_n10_t2,point,0.1,2,0.3073850103303658,0.09211969998432323,11.460985000012442,0.706549882888794,ok,,2026,results/duong/masks/sam_vit_b/ann2227685_point_n10_t2.png,cpu,2026-10-05T16:22:06.428535+00:00
sam_vit_b:ann2227685_point_n10_t3,setup3,sam_vit_b,222455,2227685,ann2227685_point_n10_t3,point,0.1,3,0.8053478655268149,0.10020479996455833,11.460985000012442,0.828865110874176,ok,,2026,results/duong/masks/sam_vit_b/ann2227685_point_n10_t3.png,cpu,2026-10-05T16:22:06.655370+00:00
sam_vit_b:ann2227685_point_n20_t1,setup3,sam_vit_b,222455,2227685,ann2227685_point_n20_t1,point,0.2,1,0.06784555324263897,0.0954695999971591,11.460985000012442,0.9378178715705872,ok,,2026,results/duong/masks/sam_vit_b/ann2227685_point_n20_t1.png,cpu,2026-10-05T16:22:06.898407+00:00
sam_vit_b:ann2227685_point_n20_t2,setup3,sam_vit_b,222455,2227685,ann2227685_point_n20_t2,point,0.2,2,0.2225870591035748,0.08833440003218129,11.460985000012442,0.8198123574256897,ok,,2026,results/duong/masks/sam_vit_b/ann2227685_point_n20_t2.png,cpu,2026-10-05T16:22:07.118542+00:00
sam_vit_b:ann2227685_point_n20_t3,setup3,sam_vit_b,222455,2227685,ann2227685_point_n20_t3,point,0.2,3,0.26296376654371884,0.09539869998116046,11.460985000012442,0.7343823313713074,ok,,2026,results/duong/masks/sam_vit_b/ann2227685_point_n20_t3.png,cpu,2026-10-05T16:22:07.343664+00:00
sam_vit_b:ann332298_box_n00_t0,"setup1,setup2",sam_vit_b,404191,332298,ann332298_box_n00_t0,box,0.0,0,0.8944112661777053,0.10717219999060035,13.525243800017051,0.9695641994476318,ok,,2026,results/duong/masks/sam_vit_b/ann332298_box_n00_t0.png,cpu,2026-10-05T16:26:18.579559+00:00
sam_vit_b:ann332298_box_n10_t1,setup3,sam_vit_b,404191,332298,ann332298_box_n10_t1,box,0.1,1,0.00038823986164543113,0.09344440000131726,13.525243800017051,0.9837607145309448,ok,,2026,results/duong/masks/sam_vit_b/ann332298_box_n10_t1.png,cpu,2026-10-05T16:26:18.826420+00:00
sam_vit_b:ann332298_box_n10_t2,setup3,sam_vit_b,404191,332298,ann332298_box_n10_t2,box,0.1,2,0.07303875919206192,0.09434119996149093,13.525243800017051,0.447313517332077,ok,,2026,results/duong/masks/sam_vit_b/ann332298_box_n10_t2.png,cpu,2026-10-05T16:26:19.053921+00:00
sam_vit_b:ann332298_box_n10_t3,setup3,sam_vit_b,404191,332298,ann332298_box_n10_t3,box,0.1,3,0.2760408217960744,0.09305140003561974,13.525243800017051,0.7669351100921631,ok,,2026,results/duong/masks/sam_vit_b/ann332298_box_n10_t3.png,cpu,2026-10-05T16:26:19.288870+00:00
sam_vit_b:ann332298_box_n20_t1,setup3,sam_vit_b,404191,332298,ann332298_box_n20_t1,box,0.2,1,0.0003881905380320857,0.09785540000302717,13.525243800017051,0.9838037490844727,ok,,2026,results/duong/masks/sam_vit_b/ann332298_box_n20_t1.png,cpu,2026-10-05T16:26:19.597787+00:00
sam_vit_b:ann332298_box_n20_t2,setup3,sam_vit_b,404191,332298,ann332298_box_n20_t2,box,0.2,2,0.015680878129175235,0.09247989999130368,13.525243800017051,0.3284725546836853,ok,,2026,results/duong/masks/sam_vit_b/ann332298_box_n20_t2.png,cpu,2026-10-05T16:26:19.840486+00:00
sam_vit_b:ann332298_box_n20_t3,setup3,sam_vit_b,404191,332298,ann332298_box_n20_t3,box,0.2,3,0.00023931623931623932,0.09415840002475306,13.525243800017051,0.9102627038955688,ok,,2026,results/duong/masks/sam_vit_b/ann332298_box_n20_t3.png,cpu,2026-10-05T16:26:20.067405+00:00
sam_vit_b:ann332298_point_n00_t0,"setup1,setup2",sam_vit_b,404191,332298,ann332298_point_n00_t0,point,0.0,0,0.7072507577029804,0.10508950002258644,13.525243800017051,0.8828591108322144,ok,,2026,results/duong/masks/sam_vit_b/ann332298_point_n00_t0.png,cpu,2026-10-05T16:26:18.450956+00:00
sam_vit_b:ann332298_point_n10_t1,setup3,sam_vit_b,404191,332298,ann332298_point_n10_t1,point,0.1,1,0.6477708129599051,0.09776169998804107,13.525243800017051,0.8038089275360107,ok,,2026,results/duong/masks/sam_vit_b/ann332298_point_n10_t1.png,cpu,2026-10-05T16:26:18.708368+00:00
sam_vit_b:ann332298_point_n10_t2,setup3,sam_vit_b,404191,332298,ann332298_point_n10_t2,point,0.1,2,0.5992951173195147,0.0947613000171259,13.525243800017051,0.5826693773269653,ok,,2026,results/duong/masks/sam_vit_b/ann332298_point_n10_t2.png,cpu,2026-10-05T16:26:18.941350+00:00
sam_vit_b:ann332298_point_n10_t3,setup3,sam_vit_b,404191,332298,ann332298_point_n10_t3,point,0.1,3,0.005569685457647854,0.09270510001806542,13.525243800017051,0.9245652556419373,ok,,2026,results/duong/masks/sam_vit_b/ann332298_point_n10_t3.png,cpu,2026-10-05T16:26:19.177563+00:00
sam_vit_b:ann332298_point_n20_t1,setup3,sam_vit_b,404191,332298,ann332298_point_n20_t1,point,0.2,1,0.7667081876107891,0.16839700000127777,13.525243800017051,0.8452323079109192,ok,,2026,results/duong/masks/sam_vit_b/ann332298_point_n20_t1.png,cpu,2026-10-05T16:26:19.404979+00:00
sam_vit_b:ann332298_point_n20_t2,setup3,sam_vit_b,404191,332298,ann332298_point_n20_t2,point,0.2,2,0.6262940789368088,0.09223529999144375,13.525243800017051,0.7995919585227966,ok,,2026,results/duong/masks/sam_vit_b/ann332298_point_n20_t2.png,cpu,2026-10-05T16:26:19.727242+00:00
sam_vit_b:ann332298_point_n20_t3,setup3,sam_vit_b,404191,332298,ann332298_point_n20_t3,point,0.2,3,0.013014712984128006,0.09608420002041385,13.525243800017051,0.7270191311836243,ok,,2026,results/duong/masks/sam_vit_b/ann332298_point_n20_t3.png,cpu,2026-10-05T16:26:19.954699+00:00
sam_vit_b:ann339546_box_n00_t0,"setup1,setup2",sam_vit_b,541952,339546,ann339546_box_n00_t0,box,0.0,0,0.949780701754386,0.11724180000601336,12.736617400019895,0.9801198244094849,ok,,2026,results/duong/masks/sam_vit_b/ann339546_box_n00_t0.png,cpu,2026-10-05T16:29:35.579952+00:00
sam_vit_b:ann339546_box_n10_t1,setup3,sam_vit_b,541952,339546,ann339546_box_n10_t1,box,0.1,1,0.9399270542801974,0.11840700003085658,12.736617400019895,0.9668124914169312,ok,,2026,results/duong/masks/sam_vit_b/ann339546_box_n10_t1.png,cpu,2026-10-05T16:29:35.905068+00:00
sam_vit_b:ann339546_box_n10_t2,setup3,sam_vit_b,541952,339546,ann339546_box_n10_t2,box,0.1,2,0.9456973943507773,0.12019190000137314,12.736617400019895,0.9710490107536316,ok,,2026,results/duong/masks/sam_vit_b/ann339546_box_n10_t2.png,cpu,2026-10-05T16:29:36.202384+00:00
sam_vit_b:ann339546_box_n10_t3,setup3,sam_vit_b,541952,339546,ann339546_box_n10_t3,box,0.1,3,0.9469084553200786,0.11303390003740788,12.736617400019895,0.9663736820220947,ok,,2026,results/duong/masks/sam_vit_b/ann339546_box_n10_t3.png,cpu,2026-10-05T16:29:36.497766+00:00
sam_vit_b:ann339546_box_n20_t1,setup3,sam_vit_b,541952,339546,ann339546_box_n20_t1,box,0.2,1,0.00781831720029784,0.1431393999955617,12.736617400019895,0.8987365365028381,ok,,2026,results/duong/masks/sam_vit_b/ann339546_box_n20_t1.png,cpu,2026-10-05T16:29:36.789207+00:00
sam_vit_b:ann339546_box_n20_t2,setup3,sam_vit_b,541952,339546,ann339546_box_n20_t2,box,0.2,2,0.0,0.11259840003913268,12.736617400019895,0.8358547687530518,ok,,2026,results/duong/masks/sam_vit_b/ann339546_box_n20_t2.png,cpu,2026-10-05T16:29:37.126340+00:00
sam_vit_b:ann339546_box_n20_t3,setup3,sam_vit_b,541952,339546,ann339546_box_n20_t3,box,0.2,3,0.0009165902841429881,0.1092503999825567,12.736617400019895,0.8331536054611206,ok,,2026,results/duong/masks/sam_vit_b/ann339546_box_n20_t3.png,cpu,2026-10-05T16:29:37.424930+00:00
sam_vit_b:ann339546_point_n00_t0,"setup1,setup2",sam_vit_b,541952,339546,ann339546_point_n00_t0,point,0.0,0,0.6128109178956637,0.18217929999809712,12.736617400019895,0.5542517304420471,ok,,2026,results/duong/masks/sam_vit_b/ann339546_point_n00_t0.png,cpu,2026-10-05T16:29:35.357206+00:00
sam_vit_b:ann339546_point_n10_t1,setup3,sam_vit_b,541952,339546,ann339546_point_n10_t1,point,0.1,1,0.8608780487804878,0.13301390002015978,12.736617400019895,0.9542935490608215,ok,,2026,results/duong/masks/sam_vit_b/ann339546_point_n10_t1.png,cpu,2026-10-05T16:29:35.738294+00:00
sam_vit_b:ann339546_point_n10_t2,setup3,sam_vit_b,541952,339546,ann339546_point_n10_t2,point,0.1,2,0.8905522961764111,0.12337499996647239,12.736617400019895,0.94557124376297,ok,,2026,results/duong/masks/sam_vit_b/ann339546_point_n10_t2.png,cpu,2026-10-05T16:29:36.052403+00:00
sam_vit_b:ann339546_point_n10_t3,setup3,sam_vit_b,541952,339546,ann339546_point_n10_t3,point,0.1,3,0.054989816700611,0.11062019999371842,12.736617400019895,0.6476125717163086,ok,,2026,results/duong/masks/sam_vit_b/ann339546_point_n10_t3.png,cpu,2026-10-05T16:29:36.357184+00:00
sam_vit_b:ann339546_point_n20_t1,setup3,sam_vit_b,541952,339546,ann339546_point_n20_t1,point,0.2,1,0.8794651766114548,0.11455150000983849,12.736617400019895,0.9546365737915039,ok,,2026,results/duong/masks/sam_vit_b/ann339546_point_n20_t1.png,cpu,2026-10-05T16:29:36.642319+00:00
sam_vit_b:ann339546_point_n20_t2,setup3,sam_vit_b,541952,339546,ann339546_point_n20_t2,point,0.2,2,0.8976137058943504,0.11795189999975264,12.736617400019895,0.9477130174636841,ok,,2026,results/duong/masks/sam_vit_b/ann339546_point_n20_t2.png,cpu,2026-10-05T16:29:36.977515+00:00
sam_vit_b:ann339546_point_n20_t3,setup3,sam_vit_b,541952,339546,ann339546_point_n20_t3,point,0.2,3,0.9100124120810923,0.12673189997440204,12.736617400019895,0.8852508664131165,ok,,2026,results/duong/masks/sam_vit_b/ann339546_point_n20_t3.png,cpu,2026-10-05T16:29:37.267233+00:00
sam_vit_b:ann341957_box_n00_t0,"setup1,setup2",sam_vit_b,311394,341957,ann341957_box_n00_t0,box,0.0,0,0.7946567862714509,0.18416600005002692,23.82308960001683,0.9798092246055603,ok,,2026,results/duong/masks/sam_vit_b/ann341957_box_n00_t0.png,cpu,2026-10-05T16:23:04.340483+00:00
sam_vit_b:ann341957_box_n10_t1,setup3,sam_vit_b,311394,341957,ann341957_box_n10_t1,box,0.1,1,0.6894870492635856,0.11025560001144186,23.82308960001683,0.9369618892669678,ok,,2026,results/duong/masks/sam_vit_b/ann341957_box_n10_t1.png,cpu,2026-10-05T16:23:04.737469+00:00
sam_vit_b:ann341957_box_n10_t2,setup3,sam_vit_b,311394,341957,ann341957_box_n10_t2,box,0.1,2,0.6735192346834927,0.19437809998635203,23.82308960001683,0.9383704662322998,ok,,2026,results/duong/masks/sam_vit_b/ann341957_box_n10_t2.png,cpu,2026-10-05T16:23:05.068424+00:00
sam_vit_b:ann341957_box_n10_t3,setup3,sam_vit_b,311394,341957,ann341957_box_n10_t3,box,0.1,3,0.7867317073170732,0.14085920003708452,23.82308960001683,0.9704931974411011,ok,,2026,results/duong/masks/sam_vit_b/ann341957_box_n10_t3.png,cpu,2026-10-05T16:23:05.476309+00:00
sam_vit_b:ann341957_box_n20_t1,setup3,sam_vit_b,311394,341957,ann341957_box_n20_t1,box,0.2,1,0.6389452332657201,0.19029610004508868,23.82308960001683,0.9445820450782776,ok,,2026,results/duong/masks/sam_vit_b/ann341957_box_n20_t1.png,cpu,2026-10-05T16:23:05.830628+00:00
sam_vit_b:ann341957_box_n20_t2,setup3,sam_vit_b,311394,341957,ann341957_box_n20_t2,box,0.2,2,0.6415726912526669,0.4236015999922529,23.82308960001683,0.9487020969390869,ok,,2026,results/duong/masks/sam_vit_b/ann341957_box_n20_t2.png,cpu,2026-10-05T16:23:06.257635+00:00
sam_vit_b:ann341957_box_n20_t3,setup3,sam_vit_b,311394,341957,ann341957_box_n20_t3,box,0.2,3,0.5635513088484124,0.3362908000126481,23.82308960001683,0.8956209421157837,ok,,2026,results/duong/masks/sam_vit_b/ann341957_box_n20_t3.png,cpu,2026-10-05T16:23:06.987974+00:00
sam_vit_b:ann341957_point_n00_t0,"setup1,setup2",sam_vit_b,311394,341957,ann341957_point_n00_t0,point,0.0,0,0.06900189913483858,0.16626189998351038,23.82308960001683,0.8935287594795227,ok,,2026,results/duong/masks/sam_vit_b/ann341957_point_n00_t0.png,cpu,2026-10-05T16:23:04.153002+00:00
sam_vit_b:ann341957_point_n10_t1,setup3,sam_vit_b,311394,341957,ann341957_point_n10_t1,point,0.1,1,0.0021937487866433704,0.1166547000175342,23.82308960001683,0.8552514910697937,ok,,2026,results/duong/masks/sam_vit_b/ann341957_point_n10_t1.png,cpu,2026-10-05T16:23:04.544612+00:00
sam_vit_b:ann341957_point_n10_t2,setup3,sam_vit_b,311394,341957,ann341957_point_n10_t2,point,0.1,2,0.002461812824687912,0.18025499995565042,23.82308960001683,0.810424268245697,ok,,2026,results/duong/masks/sam_vit_b/ann341957_point_n10_t2.png,cpu,2026-10-05T16:23:04.866401+00:00
sam_vit_b:ann341957_point_n10_t3,setup3,sam_vit_b,311394,341957,ann341957_point_n10_t3,point,0.1,3,0.793935825728584,0.11504730000160635,23.82308960001683,0.6217981576919556,ok,,2026,results/duong/masks/sam_vit_b/ann341957_point_n10_t3.png,cpu,2026-10-05T16:23:05.284857+00:00
sam_vit_b:ann341957_point_n20_t1,setup3,sam_vit_b,311394,341957,ann341957_point_n20_t1,point,0.2,1,0.0019996893686417645,0.170179900014773,23.82308960001683,0.8321667909622192,ok,,2026,results/duong/masks/sam_vit_b/ann341957_point_n20_t1.png,cpu,2026-10-05T16:23:05.635055+00:00
sam_vit_b:ann341957_point_n20_t2,setup3,sam_vit_b,311394,341957,ann341957_point_n20_t2,point,0.2,2,0.002116463757985282,0.12110039999242872,23.82308960001683,0.8355645537376404,ok,,2026,results/duong/masks/sam_vit_b/ann341957_point_n20_t2.png,cpu,2026-10-05T16:23:06.038285+00:00
sam_vit_b:ann341957_point_n20_t3,setup3,sam_vit_b,311394,341957,ann341957_point_n20_t3,point,0.2,3,0.14918759231905465,0.19815880001988262,23.82308960001683,0.8698769807815552,ok,,2026,results/duong/masks/sam_vit_b/ann341957_point_n20_t3.png,cpu,2026-10-05T16:23:06.730145+00:00
sam_vit_b:ann36588_box_n00_t0,"setup1,setup2",sam_vit_b,337987,36588,ann36588_box_n00_t0,box,0.0,0,0.9678236014699878,0.11052960000233725,11.530681999982335,0.9904221296310425,ok,,2026,results/duong/masks/sam_vit_b/ann36588_box_n00_t0.png,cpu,2026-10-05T16:23:46.603831+00:00
sam_vit_b:ann36588_box_n10_t1,setup3,sam_vit_b,337987,36588,ann36588_box_n10_t1,box,0.1,1,0.32760954991249214,0.10493999999016523,11.530681999982335,0.9164342880249023,ok,,2026,results/duong/masks/sam_vit_b/ann36588_box_n10_t1.png,cpu,2026-10-05T16:23:46.876393+00:00
sam_vit_b:ann36588_box_n10_t2,setup3,sam_vit_b,337987,36588,ann36588_box_n10_t2,box,0.1,2,0.712479447550148,0.09407699998700991,11.530681999982335,0.9705030918121338,ok,,2026,results/duong/masks/sam_vit_b/ann36588_box_n10_t2.png,cpu,2026-10-05T16:23:47.120090+00:00
sam_vit_b:ann36588_box_n10_t3,setup3,sam_vit_b,337987,36588,ann36588_box_n10_t3,box,0.1,3,0.7115170014441381,0.10006119997706264,11.530681999982335,0.9710893034934998,ok,,2026,results/duong/masks/sam_vit_b/ann36588_box_n10_t3.png,cpu,2026-10-05T16:23:47.349502+00:00
sam_vit_b:ann36588_box_n20_t1,setup3,sam_vit_b,337987,36588,ann36588_box_n20_t1,box,0.2,1,0.2819166501552077,0.11005800002021715,11.530681999982335,0.9585539102554321,ok,,2026,results/duong/masks/sam_vit_b/ann36588_box_n20_t1.png,cpu,2026-10-05T16:23:47.591704+00:00
sam_vit_b:ann36588_box_n20_t2,setup3,sam_vit_b,337987,36588,ann36588_box_n20_t2,box,0.2,2,0.2356509422342653,0.09985630004666746,11.530681999982335,0.824461042881012,ok,,2026,results/duong/masks/sam_vit_b/ann36588_box_n20_t2.png,cpu,2026-10-05T16:23:47.859855+00:00
sam_vit_b:ann36588_box_n20_t3,setup3,sam_vit_b,337987,36588,ann36588_box_n20_t3,box,0.2,3,8.02283068388901e-05,0.10835200001019984,11.530681999982335,0.8107606172561646,ok,,2026,results/duong/masks/sam_vit_b/ann36588_box_n20_t3.png,cpu,2026-10-05T16:23:48.110848+00:00
sam_vit_b:ann36588_point_n00_t0,"setup1,setup2",sam_vit_b,337987,36588,ann36588_point_n00_t0,point,0.0,0,0.6997714078971171,0.09736509999493137,11.530681999982335,0.9713371396064758,ok,,2026,results/duong/masks/sam_vit_b/ann36588_point_n00_t0.png,cpu,2026-10-05T16:23:46.479897+00:00
sam_vit_b:ann36588_point_n10_t1,setup3,sam_vit_b,337987,36588,ann36588_point_n10_t1,point,0.1,1,0.6875102711585866,0.1153636000235565,11.530681999982335,0.9299315810203552,ok,,2026,results/duong/masks/sam_vit_b/ann36588_point_n10_t1.png,cpu,2026-10-05T16:23:46.736523+00:00
sam_vit_b:ann36588_point_n10_t2,setup3,sam_vit_b,337987,36588,ann36588_point_n10_t2,point,0.1,2,0.701029232843379,0.10006499994779006,11.530681999982335,0.9688798189163208,ok,,2026,results/duong/masks/sam_vit_b/ann36588_point_n10_t2.png,cpu,2026-10-05T16:23:46.998309+00:00
sam_vit_b:ann36588_point_n10_t3,setup3,sam_vit_b,337987,36588,ann36588_point_n10_t3,point,0.1,3,0.7043248304068593,0.09731209999881685,11.530681999982335,0.9322665929794312,ok,,2026,results/duong/masks/sam_vit_b/ann36588_point_n10_t3.png,cpu,2026-10-05T16:23:47.228660+00:00
sam_vit_b:ann36588_point_n20_t1,setup3,sam_vit_b,337987,36588,ann36588_point_n20_t1,point,0.2,1,0.0028902688775847263,0.10384679998969659,11.530681999982335,0.8257308602333069,ok,,2026,results/duong/masks/sam_vit_b/ann36588_point_n20_t1.png,cpu,2026-10-05T16:23:47.468569+00:00
sam_vit_b:ann36588_point_n20_t2,setup3,sam_vit_b,337987,36588,ann36588_point_n20_t2,point,0.2,2,0.7004538577912254,0.10921550000784919,11.530681999982335,0.8802239298820496,ok,,2026,results/duong/masks/sam_vit_b/ann36588_point_n20_t2.png,cpu,2026-10-05T16:23:47.720031+00:00
sam_vit_b:ann36588_point_n20_t3,setup3,sam_vit_b,337987,36588,ann36588_point_n20_t3,point,0.2,3,2.017064364523872e-05,0.1051488000084646,11.530681999982335,0.9118155837059021,ok,,2026,results/duong/masks/sam_vit_b/ann36588_point_n20_t3.png,cpu,2026-10-05T16:23:47.981302+00:00
sam_vit_b:ann37495_box_n00_t0,"setup1,setup2",sam_vit_b,32811,37495,ann37495_box_n00_t0,box,0.0,0,0.8557971014492753,0.20586380001623183,26.642975500028115,0.9573097825050354,ok,,2026,results/duong/masks/sam_vit_b/ann37495_box_n00_t0.png,cpu,2026-10-05T16:15:11.358676+00:00
sam_vit_b:ann37495_box_n10_t1,setup3,sam_vit_b,32811,37495,ann37495_box_n10_t1,box,0.1,1,0.8573497465604635,0.17551660002209246,26.642975500028115,0.9616209268569946,ok,,2026,results/duong/masks/sam_vit_b/ann37495_box_n10_t1.png,cpu,2026-10-05T16:15:11.831439+00:00
sam_vit_b:ann37495_box_n10_t2,setup3,sam_vit_b,32811,37495,ann37495_box_n10_t2,box,0.1,2,0.8578754578754578,0.5170297999866307,26.642975500028115,0.9529051184654236,ok,,2026,results/duong/masks/sam_vit_b/ann37495_box_n10_t2.png,cpu,2026-10-05T16:15:12.162705+00:00
sam_vit_b:ann37495_box_n10_t3,setup3,sam_vit_b,32811,37495,ann37495_box_n10_t3,box,0.1,3,0.8523391812865497,0.2192512999754399,26.642975500028115,0.9494065642356873,ok,,2026,results/duong/masks/sam_vit_b/ann37495_box_n10_t3.png,cpu,2026-10-05T16:15:12.888631+00:00
sam_vit_b:ann37495_box_n20_t1,setup3,sam_vit_b,32811,37495,ann37495_box_n20_t1,box,0.2,1,0.8344274252370533,0.11097009998047724,26.642975500028115,0.9094359278678894,ok,,2026,results/duong/masks/sam_vit_b/ann37495_box_n20_t1.png,cpu,2026-10-05T16:15:13.298478+00:00
sam_vit_b:ann37495_box_n20_t2,setup3,sam_vit_b,32811,37495,ann37495_box_n20_t2,box,0.2,2,0.8523238380809596,0.16244069999083877,26.642975500028115,0.955255389213562,ok,,2026,results/duong/masks/sam_vit_b/ann37495_box_n20_t2.png,cpu,2026-10-05T16:15:13.608349+00:00
sam_vit_b:ann37495_box_n20_t3,setup3,sam_vit_b,32811,37495,ann37495_box_n20_t3,box,0.2,3,0.8583086053412463,0.17549250001320615,26.642975500028115,0.9566440582275391,ok,,2026,results/duong/masks/sam_vit_b/ann37495_box_n20_t3.png,cpu,2026-10-05T16:15:13.899571+00:00
sam_vit_b:ann37495_point_n00_t0,"setup1,setup2",sam_vit_b,32811,37495,ann37495_point_n00_t0,point,0.0,0,0.8534985422740525,0.32141849998151883,26.642975500028115,0.9365561604499817,ok,,2026,results/duong/masks/sam_vit_b/ann37495_point_n00_t0.png,cpu,2026-10-05T16:15:11.026440+00:00
sam_vit_b:ann37495_point_n10_t1,setup3,sam_vit_b,32811,37495,ann37495_point_n10_t1,point,0.1,1,0.8555798687089715,0.24381529999664053,26.642975500028115,0.9364427328109741,ok,,2026,results/duong/masks/sam_vit_b/ann37495_point_n10_t1.png,cpu,2026-10-05T16:15:11.576032+00:00
sam_vit_b:ann37495_point_n10_t2,setup3,sam_vit_b,32811,37495,ann37495_point_n10_t2,point,0.1,2,0.8557902403495994,0.13376729999436066,26.642975500028115,0.9462326765060425,ok,,2026,results/duong/masks/sam_vit_b/ann37495_point_n10_t2.png,cpu,2026-10-05T16:15:12.018244+00:00
sam_vit_b:ann37495_point_n10_t3,setup3,sam_vit_b,32811,37495,ann37495_point_n10_t3,point,0.1,3,0.8525547445255475,0.15849689999595284,26.642975500028115,0.905709445476532,ok,,2026,results/duong/masks/sam_vit_b/ann37495_point_n10_t3.png,cpu,2026-10-05T16:15:12.722435+00:00
sam_vit_b:ann37495_point_n20_t1,setup3,sam_vit_b,32811,37495,ann37495_point_n20_t1,point,0.2,1,0.0008393564933550944,0.1714347000233829,26.642975500028115,0.952167809009552,ok,,2026,results/duong/masks/sam_vit_b/ann37495_point_n20_t1.png,cpu,2026-10-05T16:15:13.115861+00:00
sam_vit_b:ann37495_point_n20_t2,setup3,sam_vit_b,32811,37495,ann37495_point_n20_t2,point,0.2,2,0.8534107402031931,0.18280719994800165,26.642975500028115,0.9384695887565613,ok,,2026,results/duong/masks/sam_vit_b/ann37495_point_n20_t2.png,cpu,2026-10-05T16:15:13.417576+00:00
sam_vit_b:ann37495_point_n20_t3,setup3,sam_vit_b,32811,37495,ann37495_point_n20_t3,point,0.2,3,0.00045372050816696913,0.11120439996011555,26.642975500028115,0.9244319796562195,ok,,2026,results/duong/masks/sam_vit_b/ann37495_point_n20_t3.png,cpu,2026-10-05T16:15:13.779443+00:00
sam_vit_b:ann451372_box_n00_t0,"setup1,setup2",sam_vit_b,109992,451372,ann451372_box_n00_t0,box,0.0,0,0.928923988153998,0.11222770001040772,11.421870600024704,0.9495978355407715,ok,,2026,results/duong/masks/sam_vit_b/ann451372_box_n00_t0.png,cpu,2026-10-05T16:20:19.385470+00:00
sam_vit_b:ann451372_box_n10_t1,setup3,sam_vit_b,109992,451372,ann451372_box_n10_t1,box,0.1,1,0.9215442092154421,0.1070111999870278,11.421870600024704,0.9428900480270386,ok,,2026,results/duong/masks/sam_vit_b/ann451372_box_n10_t1.png,cpu,2026-10-05T16:20:19.648244+00:00
sam_vit_b:ann451372_box_n10_t2,setup3,sam_vit_b,109992,451372,ann451372_box_n10_t2,box,0.1,2,0.9291707798617966,0.11173339997185394,11.421870600024704,0.9456760883331299,ok,,2026,results/duong/masks/sam_vit_b/ann451372_box_n10_t2.png,cpu,2026-10-05T16:20:19.909950+00:00
sam_vit_b:ann451372_box_n10_t3,setup3,sam_vit_b,109992,451372,ann451372_box_n10_t3,box,0.1,3,0.9223880597014925,0.11215609998907894,11.421870600024704,0.9346688985824585,ok,,2026,results/duong/masks/sam_vit_b/ann451372_box_n10_t3.png,cpu,2026-10-05T16:20:20.168265+00:00
sam_vit_b:ann451372_box_n20_t1,setup3,sam_vit_b,109992,451372,ann451372_box_n20_t1,box,0.2,1,0.7803295057413879,0.12872440001228824,11.421870600024704,0.9134788513183594,ok,,2026,results/duong/masks/sam_vit_b/ann451372_box_n20_t1.png,cpu,2026-10-05T16:20:20.433390+00:00
sam_vit_b:ann451372_box_n20_t2,setup3,sam_vit_b,109992,451372,ann451372_box_n20_t2,box,0.2,2,0.5956805625313912,0.09611139999469742,11.421870600024704,0.7337554693222046,ok,,2026,results/duong/masks/sam_vit_b/ann451372_box_n20_t2.png,cpu,2026-10-05T16:20:20.733124+00:00
sam_vit_b:ann451372_box_n20_t3,setup3,sam_vit_b,109992,451372,ann451372_box_n20_t3,box,0.2,3,0.35453859693236106,0.10385279997717589,11.421870600024704,0.7194919586181641,ok,,2026,results/duong/masks/sam_vit_b/ann451372_box_n20_t3.png,cpu,2026-10-05T16:20:20.967538+00:00
sam_vit_b:ann451372_point_n00_t0,"setup1,setup2",sam_vit_b,109992,451372,ann451372_point_n00_t0,point,0.0,0,0.5191681282886494,0.10536510002566501,11.421870600024704,0.9378594160079956,ok,,2026,results/duong/masks/sam_vit_b/ann451372_point_n00_t0.png,cpu,2026-10-05T16:20:19.264429+00:00
sam_vit_b:ann451372_point_n10_t1,setup3,sam_vit_b,109992,451372,ann451372_point_n10_t1,point,0.1,1,0.5200400801603207,0.1181366000091657,11.421870600024704,0.9214493632316589,ok,,2026,results/duong/masks/sam_vit_b/ann451372_point_n10_t1.png,cpu,2026-10-05T16:20:19.514367+00:00
sam_vit_b:ann451372_point_n10_t2,setup3,sam_vit_b,109992,451372,ann451372_point_n10_t2,point,0.1,2,0.5189175645201703,0.1171885000076145,11.421870600024704,0.9409056305885315,ok,,2026,results/duong/masks/sam_vit_b/ann451372_point_n10_t2.png,cpu,2026-10-05T16:20:19.774622+00:00
sam_vit_b:ann451372_point_n10_t3,setup3,sam_vit_b,109992,451372,ann451372_point_n10_t3,point,0.1,3,0.5189175645201703,0.1142581999883987,11.421870600024704,0.9150561094284058,ok,,2026,results/duong/masks/sam_vit_b/ann451372_point_n10_t3.png,cpu,2026-10-05T16:20:20.038329+00:00
sam_vit_b:ann451372_point_n20_t1,setup3,sam_vit_b,109992,451372,ann451372_point_n20_t1,point,0.2,1,3.3829499323410016e-05,0.11125650000758469,11.421870600024704,1.003846287727356,ok,,2026,results/duong/masks/sam_vit_b/ann451372_point_n20_t1.png,cpu,2026-10-05T16:20:20.293888+00:00
sam_vit_b:ann451372_point_n20_t2,setup3,sam_vit_b,109992,451372,ann451372_point_n20_t2,point,0.2,2,0.5172932330827068,0.13264139997772872,11.421870600024704,0.9265062212944031,ok,,2026,results/duong/masks/sam_vit_b/ann451372_point_n20_t2.png,cpu,2026-10-05T16:20:20.584337+00:00
sam_vit_b:ann451372_point_n20_t3,setup3,sam_vit_b,109992,451372,ann451372_point_n20_t3,point,0.2,3,0.22724961870869345,0.09821640001609921,11.421870600024704,0.8429967164993286,ok,,2026,results/duong/masks/sam_vit_b/ann451372_point_n20_t3.png,cpu,2026-10-05T16:20:20.845192+00:00
sam_vit_b:ann474954_box_n00_t0,"setup1,setup2",sam_vit_b,455555,474954,ann474954_box_n00_t0,box,0.0,0,0.7698661820584835,0.24830779997864738,24.858273299993016,0.9430516362190247,ok,,2026,results/duong/masks/sam_vit_b/ann474954_box_n00_t0.png,cpu,2026-10-05T16:28:07.162072+00:00
sam_vit_b:ann474954_box_n10_t1,setup3,sam_vit_b,455555,474954,ann474954_box_n10_t1,box,0.1,1,0.21017944903685012,0.36559599998872727,24.858273299993016,0.7729336023330688,ok,,2026,results/duong/masks/sam_vit_b/ann474954_box_n10_t1.png,cpu,2026-10-05T16:28:07.749212+00:00
sam_vit_b:ann474954_box_n10_t2,setup3,sam_vit_b,455555,474954,ann474954_box_n10_t2,box,0.1,2,0.29832974137931034,0.10732749995077029,24.858273299993016,0.8665056228637695,ok,,2026,results/duong/masks/sam_vit_b/ann474954_box_n10_t2.png,cpu,2026-10-05T16:28:08.412128+00:00
sam_vit_b:ann474954_box_n10_t3,setup3,sam_vit_b,455555,474954,ann474954_box_n10_t3,box,0.1,3,0.22183874660424746,0.4707174000213854,24.858273299993016,0.7595037817955017,ok,,2026,results/duong/masks/sam_vit_b/ann474954_box_n10_t3.png,cpu,2026-10-05T16:28:08.746230+00:00
sam_vit_b:ann474954_box_n20_t1,setup3,sam_vit_b,455555,474954,ann474954_box_n20_t1,box,0.2,1,0.11198107362135977,0.4296009999816306,24.858273299993016,0.25375494360923767,ok,,2026,results/duong/masks/sam_vit_b/ann474954_box_n20_t1.png,cpu,2026-10-05T16:28:09.727102+00:00
sam_vit_b:ann474954_box_n20_t2,setup3,sam_vit_b,455555,474954,ann474954_box_n20_t2,box,0.2,2,0.3818287123533368,0.6752106000203639,24.858273299993016,0.8450369238853455,ok,,2026,results/duong/masks/sam_vit_b/ann474954_box_n20_t2.png,cpu,2026-10-05T16:28:10.659909+00:00
sam_vit_b:ann474954_box_n20_t3,setup3,sam_vit_b,455555,474954,ann474954_box_n20_t3,box,0.2,3,0.05240807522496714,0.23293989995727316,24.858273299993016,0.8075332641601562,ok,,2026,results/duong/masks/sam_vit_b/ann474954_box_n20_t3.png,cpu,2026-10-05T16:28:11.727170+00:00
sam_vit_b:ann474954_point_n00_t0,"setup1,setup2",sam_vit_b,455555,474954,ann474954_point_n00_t0,point,0.0,0,0.008762342654707168,0.21917479997500777,24.858273299993016,0.7901446223258972,ok,,2026,results/duong/masks/sam_vit_b/ann474954_point_n00_t0.png,cpu,2026-10-05T16:28:06.890953+00:00
sam_vit_b:ann474954_point_n10_t1,setup3,sam_vit_b,455555,474954,ann474954_point_n10_t1,point,0.1,1,0.3469899822114034,0.23654030001489446,24.858273299993016,0.8698829412460327,ok,,2026,results/duong/masks/sam_vit_b/ann474954_point_n10_t1.png,cpu,2026-10-05T16:28:07.460020+00:00
sam_vit_b:ann474954_point_n10_t2,setup3,sam_vit_b,455555,474954,ann474954_point_n10_t2,point,0.1,2,0.11302876480541456,0.13653189997421578,24.858273299993016,0.7535216212272644,ok,,2026,results/duong/masks/sam_vit_b/ann474954_point_n10_t2.png,cpu,2026-10-05T16:28:08.155400+00:00
sam_vit_b:ann474954_point_n10_t3,setup3,sam_vit_b,455555,474954,ann474954_point_n10_t3,point,0.1,3,0.03263737092032863,0.17023009998956695,24.858273299993016,0.535162091255188,ok,,2026,results/duong/masks/sam_vit_b/ann474954_point_n10_t3.png,cpu,2026-10-05T16:28:08.549803+00:00
sam_vit_b:ann474954_point_n20_t1,setup3,sam_vit_b,455555,474954,ann474954_point_n20_t1,point,0.2,1,0.3616399887672002,0.434759599971585,24.858273299993016,0.8724361658096313,ok,,2026,results/duong/masks/sam_vit_b/ann474954_point_n20_t1.png,cpu,2026-10-05T16:28:09.261901+00:00
sam_vit_b:ann474954_point_n20_t2,setup3,sam_vit_b,455555,474954,ann474954_point_n20_t2,point,0.2,2,0.024173266769265418,0.364264199975878,24.858273299993016,0.8884586095809937,ok,,2026,results/duong/masks/sam_vit_b/ann474954_point_n20_t2.png,cpu,2026-10-05T16:28:10.208959+00:00
sam_vit_b:ann474954_point_n20_t3,setup3,sam_vit_b,455555,474954,ann474954_point_n20_t3,point,0.2,3,0.039596317147107,0.18253859999822453,24.858273299993016,0.8373620510101318,ok,,2026,results/duong/masks/sam_vit_b/ann474954_point_n20_t3.png,cpu,2026-10-05T16:28:11.430990+00:00
sam_vit_b:ann48965_box_n00_t0,"setup1,setup2",sam_vit_b,405306,48965,ann48965_box_n00_t0,box,0.0,0,0.5351401462575873,0.5077291000052355,19.55151030002162,0.8781376481056213,ok,,2026,results/duong/masks/sam_vit_b/ann48965_box_n00_t0.png,cpu,2026-10-05T16:26:40.017022+00:00
sam_vit_b:ann48965_box_n10_t1,setup3,sam_vit_b,405306,48965,ann48965_box_n10_t1,box,0.1,1,0.46272141929422167,0.14048539998475462,19.55151030002162,0.8846328258514404,ok,,2026,results/duong/masks/sam_vit_b/ann48965_box_n10_t1.png,cpu,2026-10-05T16:26:40.789138+00:00
sam_vit_b:ann48965_box_n10_t2,setup3,sam_vit_b,405306,48965,ann48965_box_n10_t2,box,0.1,2,0.4327543079488605,0.1508087000111118,19.55151030002162,0.7323778867721558,ok,,2026,results/duong/masks/sam_vit_b/ann48965_box_n10_t2.png,cpu,2026-10-05T16:26:41.169007+00:00
sam_vit_b:ann48965_box_n10_t3,setup3,sam_vit_b,405306,48965,ann48965_box_n10_t3,box,0.1,3,0.06410104900209244,0.09547559998463839,19.55151030002162,0.5210140943527222,ok,,2026,results/duong/masks/sam_vit_b/ann48965_box_n10_t3.png,cpu,2026-10-05T16:26:41.531812+00:00
sam_vit_b:ann48965_box_n20_t1,setup3,sam_vit_b,405306,48965,ann48965_box_n20_t1,box,0.2,1,0.4634447804891522,0.08577279996825382,19.55151030002162,0.9951777458190918,ok,,2026,results/duong/masks/sam_vit_b/ann48965_box_n20_t1.png,cpu,2026-10-05T16:26:41.871340+00:00
sam_vit_b:ann48965_box_n20_t2,setup3,sam_vit_b,405306,48965,ann48965_box_n20_t2,box,0.2,2,0.46935756110775384,0.1852286999928765,19.55151030002162,0.8928057551383972,ok,,2026,results/duong/masks/sam_vit_b/ann48965_box_n20_t2.png,cpu,2026-10-05T16:26:42.176924+00:00
sam_vit_b:ann48965_box_n20_t3,setup3,sam_vit_b,405306,48965,ann48965_box_n20_t3,box,0.2,3,0.2595286344835244,0.09587399999145418,19.55151030002162,0.857738733291626,ok,,2026,results/duong/masks/sam_vit_b/ann48965_box_n20_t3.png,cpu,2026-10-05T16:26:42.568599+00:00
sam_vit_b:ann48965_point_n00_t0,"setup1,setup2",sam_vit_b,405306,48965,ann48965_point_n00_t0,point,0.0,0,0.4622940627914206,0.21955220005474985,19.55151030002162,0.97517991065979,ok,,2026,results/duong/masks/sam_vit_b/ann48965_point_n00_t0.png,cpu,2026-10-05T16:26:39.743256+00:00
sam_vit_b:ann48965_point_n10_t1,setup3,sam_vit_b,405306,48965,ann48965_point_n10_t1,point,0.1,1,0.46235727262051957,0.1355669000186026,19.55151030002162,0.9836868643760681,ok,,2026,results/duong/masks/sam_vit_b/ann48965_point_n10_t1.png,cpu,2026-10-05T16:26:40.558429+00:00
sam_vit_b:ann48965_point_n10_t2,setup3,sam_vit_b,405306,48965,ann48965_point_n10_t2,point,0.1,2,0.4628162535139279,0.16719380003632978,19.55151030002162,0.9842372536659241,ok,,2026,results/duong/masks/sam_vit_b/ann48965_point_n10_t2.png,cpu,2026-10-05T16:26:40.978109+00:00
sam_vit_b:ann48965_point_n10_t3,setup3,sam_vit_b,405306,48965,ann48965_point_n10_t3,point,0.1,3,0.46298355515343226,0.10646999999880791,19.55151030002162,0.9771685600280762,ok,,2026,results/duong/masks/sam_vit_b/ann48965_point_n10_t3.png,cpu,2026-10-05T16:26:41.341355+00:00
sam_vit_b:ann48965_point_n20_t1,setup3,sam_vit_b,405306,48965,ann48965_point_n20_t1,point,0.2,1,0.4628057499291966,0.19443570001749322,19.55151030002162,0.9713444709777832,ok,,2026,results/duong/masks/sam_vit_b/ann48965_point_n20_t1.png,cpu,2026-10-05T16:26:41.659281+00:00
sam_vit_b:ann48965_point_n20_t2,setup3,sam_vit_b,405306,48965,ann48965_point_n20_t2,point,0.2,2,0.4782400333379636,0.16398359998129308,19.55151030002162,0.9916175603866577,ok,,2026,results/duong/masks/sam_vit_b/ann48965_point_n20_t2.png,cpu,2026-10-05T16:26:41.989395+00:00
sam_vit_b:ann48965_point_n20_t3,setup3,sam_vit_b,405306,48965,ann48965_point_n20_t3,point,0.2,3,0.4630686135016784,0.15062560001388192,19.55151030002162,0.9734417796134949,ok,,2026,results/duong/masks/sam_vit_b/ann48965_point_n20_t3.png,cpu,2026-10-05T16:26:42.391118+00:00
sam_vit_b:ann506923_box_n00_t0,"setup1,setup2",sam_vit_b,378284,506923,ann506923_box_n00_t0,box,0.0,0,0.7273098409969918,0.09070929995505139,11.327464500034694,0.9803484678268433,ok,,2026,results/duong/masks/sam_vit_b/ann506923_box_n00_t0.png,cpu,2026-10-05T16:16:42.462447+00:00
sam_vit_b:ann506923_box_n10_t1,setup3,sam_vit_b,378284,506923,ann506923_box_n10_t1,box,0.1,1,0.16793629556097456,0.1154866999713704,11.327464500034694,0.685506284236908,ok,,2026,results/duong/masks/sam_vit_b/ann506923_box_n10_t1.png,cpu,2026-10-05T16:16:42.723546+00:00
sam_vit_b:ann506923_box_n10_t2,setup3,sam_vit_b,378284,506923,ann506923_box_n10_t2,box,0.1,2,0.4705694992992738,0.10639499995158985,11.327464500034694,0.8510690331459045,ok,,2026,results/duong/masks/sam_vit_b/ann506923_box_n10_t2.png,cpu,2026-10-05T16:16:42.984646+00:00
sam_vit_b:ann506923_box_n10_t3,setup3,sam_vit_b,378284,506923,ann506923_box_n10_t3,box,0.1,3,0.4618252690449962,0.10163390001980588,11.327464500034694,0.8120712041854858,ok,,2026,results/duong/masks/sam_vit_b/ann506923_box_n10_t3.png,cpu,2026-10-05T16:16:43.224514+00:00
sam_vit_b:ann506923_box_n20_t1,setup3,sam_vit_b,378284,506923,ann506923_box_n20_t1,box,0.2,1,0.11526046986721145,0.10209510003915057,11.327464500034694,0.7772938013076782,ok,,2026,results/duong/masks/sam_vit_b/ann506923_box_n20_t1.png,cpu,2026-10-05T16:16:43.448321+00:00
sam_vit_b:ann506923_box_n20_t2,setup3,sam_vit_b,378284,506923,ann506923_box_n20_t2,box,0.2,2,0.12321957747825256,0.1026492000091821,11.327464500034694,0.7994558811187744,ok,,2026,results/duong/masks/sam_vit_b/ann506923_box_n20_t2.png,cpu,2026-10-05T16:16:43.671593+00:00
sam_vit_b:ann506923_box_n20_t3,setup3,sam_vit_b,378284,506923,ann506923_box_n20_t3,box,0.2,3,0.06265733711272771,0.09551870002178475,11.327464500034694,0.40411311388015747,ok,,2026,results/duong/masks/sam_vit_b/ann506923_box_n20_t3.png,cpu,2026-10-05T16:16:43.900332+00:00
sam_vit_b:ann506923_point_n00_t0,"setup1,setup2",sam_vit_b,378284,506923,ann506923_point_n00_t0,point,0.0,0,0.7122337059692048,0.09561899997061118,11.327464500034694,0.9502954483032227,ok,,2026,results/duong/masks/sam_vit_b/ann506923_point_n00_t0.png,cpu,2026-10-05T16:16:42.358363+00:00
sam_vit_b:ann506923_point_n10_t1,setup3,sam_vit_b,378284,506923,ann506923_point_n10_t1,point,0.1,1,0.09353602342707032,0.14227210002718493,11.327464500034694,0.8034798502922058,ok,,2026,results/duong/masks/sam_vit_b/ann506923_point_n10_t1.png,cpu,2026-10-05T16:16:42.559834+00:00
sam_vit_b:ann506923_point_n10_t2,setup3,sam_vit_b,378284,506923,ann506923_point_n10_t2,point,0.1,2,0.7099209125797765,0.11413970001740381,11.327464500034694,0.9343307018280029,ok,,2026,results/duong/masks/sam_vit_b/ann506923_point_n10_t2.png,cpu,2026-10-05T16:16:42.853516+00:00
sam_vit_b:ann506923_point_n10_t3,setup3,sam_vit_b,378284,506923,ann506923_point_n10_t3,point,0.1,3,0.7030369081801605,0.10641870001563802,11.327464500034694,0.9411223530769348,ok,,2026,results/duong/masks/sam_vit_b/ann506923_point_n10_t3.png,cpu,2026-10-05T16:16:43.105943+00:00
sam_vit_b:ann506923_point_n20_t1,setup3,sam_vit_b,378284,506923,ann506923_point_n20_t1,point,0.2,1,0.09814854682454252,0.10305009997682646,11.327464500034694,0.804606020450592,ok,,2026,results/duong/masks/sam_vit_b/ann506923_point_n20_t1.png,cpu,2026-10-05T16:16:43.338288+00:00
sam_vit_b:ann506923_point_n20_t2,setup3,sam_vit_b,378284,506923,ann506923_point_n20_t2,point,0.2,2,0.6919490913591452,0.1006578000378795,11.327464500034694,0.7752752304077148,ok,,2026,results/duong/masks/sam_vit_b/ann506923_point_n20_t2.png,cpu,2026-10-05T16:16:43.559591+00:00
sam_vit_b:ann506923_point_n20_t3,setup3,sam_vit_b,378284,506923,ann506923_point_n20_t3,point,0.2,3,0.7140194124831266,0.09884079999756068,11.327464500034694,0.9118049144744873,ok,,2026,results/duong/masks/sam_vit_b/ann506923_point_n20_t3.png,cpu,2026-10-05T16:16:43.788217+00:00
sam_vit_b:ann518621_box_n00_t0,"setup1,setup2",sam_vit_b,91495,518621,ann518621_box_n00_t0,box,0.0,0,0.8765504208898814,0.10077780002029613,11.22571660001995,0.9711702466011047,ok,,2026,results/duong/masks/sam_vit_b/ann518621_box_n00_t0.png,cpu,2026-10-05T16:19:26.827592+00:00
sam_vit_b:ann518621_box_n10_t1,setup3,sam_vit_b,91495,518621,ann518621_box_n10_t1,box,0.1,1,0.16545885304159988,0.09523679997073486,11.22571660001995,0.7364516258239746,ok,,2026,results/duong/masks/sam_vit_b/ann518621_box_n10_t1.png,cpu,2026-10-05T16:19:27.052524+00:00
sam_vit_b:ann518621_box_n10_t2,setup3,sam_vit_b,91495,518621,ann518621_box_n10_t2,box,0.1,2,0.09246718793633063,0.10446310002589598,11.22571660001995,0.43563270568847656,ok,,2026,results/duong/masks/sam_vit_b/ann518621_box_n10_t2.png,cpu,2026-10-05T16:19:27.268657+00:00
sam_vit_b:ann518621_box_n10_t3,setup3,sam_vit_b,91495,518621,ann518621_box_n10_t3,box,0.1,3,0.7256637168141593,0.1102543999440968,11.22571660001995,0.8392573595046997,ok,,2026,results/duong/masks/sam_vit_b/ann518621_box_n10_t3.png,cpu,2026-10-05T16:19:27.509770+00:00
sam_vit_b:ann518621_box_n20_t1,setup3,sam_vit_b,91495,518621,ann518621_box_n20_t1,box,0.2,1,0.10076712138567809,0.10410689999116585,11.22571660001995,0.6266461610794067,ok,,2026,results/duong/masks/sam_vit_b/ann518621_box_n20_t1.png,cpu,2026-10-05T16:19:27.753837+00:00
sam_vit_b:ann518621_box_n20_t2,setup3,sam_vit_b,91495,518621,ann518621_box_n20_t2,box,0.2,2,0.0,0.10330230003455654,11.22571660001995,0.7996914386749268,ok,,2026,results/duong/masks/sam_vit_b/ann518621_box_n20_t2.png,cpu,2026-10-05T16:19:27.988541+00:00
sam_vit_b:ann518621_box_n20_t3,setup3,sam_vit_b,91495,518621,ann518621_box_n20_t3,box,0.2,3,0.012737293325168401,0.10481749998871237,11.22571660001995,0.5837063193321228,ok,,2026,results/duong/masks/sam_vit_b/ann518621_box_n20_t3.png,cpu,2026-10-05T16:19:28.217838+00:00
sam_vit_b:ann518621_point_n00_t0,"setup1,setup2",sam_vit_b,91495,518621,ann518621_point_n00_t0,point,0.0,0,0.005663147591414388,0.0959405999747105,11.22571660001995,0.5584928393363953,ok,,2026,results/duong/masks/sam_vit_b/ann518621_point_n00_t0.png,cpu,2026-10-05T16:19:26.717787+00:00
sam_vit_b:ann518621_point_n10_t1,setup3,sam_vit_b,91495,518621,ann518621_point_n10_t1,point,0.1,1,0.07012216404886562,0.09881429997039959,11.22571660001995,0.8249492049217224,ok,,2026,results/duong/masks/sam_vit_b/ann518621_point_n10_t1.png,cpu,2026-10-05T16:19:26.939804+00:00
sam_vit_b:ann518621_point_n10_t2,setup3,sam_vit_b,91495,518621,ann518621_point_n10_t2,point,0.1,2,0.07880482264546566,0.09967869997490197,11.22571660001995,0.8633151054382324,ok,,2026,results/duong/masks/sam_vit_b/ann518621_point_n10_t2.png,cpu,2026-10-05T16:19:27.160403+00:00
sam_vit_b:ann518621_point_n10_t3,setup3,sam_vit_b,91495,518621,ann518621_point_n10_t3,point,0.1,3,0.18546558280710324,0.11090960004366934,11.22571660001995,0.7315807938575745,ok,,2026,results/duong/masks/sam_vit_b/ann518621_point_n10_t3.png,cpu,2026-10-05T16:19:27.390319+00:00
sam_vit_b:ann518621_point_n20_t1,setup3,sam_vit_b,91495,518621,ann518621_point_n20_t1,point,0.2,1,0.0006077298059143747,0.10109289997490123,11.22571660001995,0.9831735491752625,ok,,2026,results/duong/masks/sam_vit_b/ann518621_point_n20_t1.png,cpu,2026-10-05T16:19:27.639671+00:00
sam_vit_b:ann518621_point_n20_t2,setup3,sam_vit_b,91495,518621,ann518621_point_n20_t2,point,0.2,2,0.0026532904675214005,0.10458079999079928,11.22571660001995,0.8023748993873596,ok,,2026,results/duong/masks/sam_vit_b/ann518621_point_n20_t2.png,cpu,2026-10-05T16:19:27.870596+00:00
sam_vit_b:ann518621_point_n20_t3,setup3,sam_vit_b,91495,518621,ann518621_point_n20_t3,point,0.2,3,0.19170532631064913,0.096120800008066,11.22571660001995,0.7730093598365784,ok,,2026,results/duong/masks/sam_vit_b/ann518621_point_n20_t3.png,cpu,2026-10-05T16:19:28.101672+00:00
sam_vit_b:ann585805_box_n00_t0,"setup1,setup2",sam_vit_b,474170,585805,ann585805_box_n00_t0,box,0.0,0,0.8348104382077794,0.11920050001936033,13.665514199994504,0.7808763980865479,ok,,2026,results/duong/masks/sam_vit_b/ann585805_box_n00_t0.png,cpu,2026-10-05T16:29:00.642855+00:00
sam_vit_b:ann585805_box_n10_t1,setup3,sam_vit_b,474170,585805,ann585805_box_n10_t1,box,0.1,1,0.39061685490877496,0.13085710001178086,13.665514199994504,0.8407685160636902,ok,,2026,results/duong/masks/sam_vit_b/ann585805_box_n10_t1.png,cpu,2026-10-05T16:29:01.034850+00:00
sam_vit_b:ann585805_box_n10_t2,setup3,sam_vit_b,474170,585805,ann585805_box_n10_t2,box,0.1,2,0.24505797901711762,0.1417310000397265,13.665514199994504,0.964030921459198,ok,,2026,results/duong/masks/sam_vit_b/ann585805_box_n10_t2.png,cpu,2026-10-05T16:29:01.360339+00:00
sam_vit_b:ann585805_box_n10_t3,setup3,sam_vit_b,474170,585805,ann585805_box_n10_t3,box,0.1,3,0.7514851485148515,0.12056000001030043,13.665514199994504,0.8859965801239014,ok,,2026,results/duong/masks/sam_vit_b/ann585805_box_n10_t3.png,cpu,2026-10-05T16:29:01.696223+00:00
sam_vit_b:ann585805_box_n20_t1,setup3,sam_vit_b,474170,585805,ann585805_box_n20_t1,box,0.2,1,0.4924066924066924,0.265405300015118,13.665514199994504,0.8987936973571777,ok,,2026,results/duong/masks/sam_vit_b/ann585805_box_n20_t1.png,cpu,2026-10-05T16:29:02.134239+00:00
sam_vit_b:ann585805_box_n20_t2,setup3,sam_vit_b,474170,585805,ann585805_box_n20_t2,box,0.2,2,0.04823331463825014,0.7407866000430658,13.665514199994504,0.9569867849349976,ok,,2026,results/duong/masks/sam_vit_b/ann585805_box_n20_t2.png,cpu,2026-10-05T16:29:02.739132+00:00
sam_vit_b:ann585805_box_n20_t3,setup3,sam_vit_b,474170,585805,ann585805_box_n20_t3,box,0.2,3,0.4131408661025386,0.2336494000046514,13.665514199994504,0.7716031670570374,ok,,2026,results/duong/masks/sam_vit_b/ann585805_box_n20_t3.png,cpu,2026-10-05T16:29:03.758860+00:00
sam_vit_b:ann585805_point_n00_t0,"setup1,setup2",sam_vit_b,474170,585805,ann585805_point_n00_t0,point,0.0,0,0.3156046161565479,0.09378520003519952,13.665514199994504,0.8236570358276367,ok,,2026,results/duong/masks/sam_vit_b/ann585805_point_n00_t0.png,cpu,2026-10-05T16:29:00.509812+00:00
sam_vit_b:ann585805_point_n10_t1,setup3,sam_vit_b,474170,585805,ann585805_point_n10_t1,point,0.1,1,0.5336059289547662,0.20525709999492392,13.665514199994504,0.7417413592338562,ok,,2026,results/duong/masks/sam_vit_b/ann585805_point_n10_t1.png,cpu,2026-10-05T16:29:00.795260+00:00
sam_vit_b:ann585805_point_n10_t2,setup3,sam_vit_b,474170,585805,ann585805_point_n10_t2,point,0.1,2,0.3476461458872219,0.13009940000483766,13.665514199994504,0.7215127944946289,ok,,2026,results/duong/masks/sam_vit_b/ann585805_point_n10_t2.png,cpu,2026-10-05T16:29:01.194367+00:00
sam_vit_b:ann585805_point_n10_t3,setup3,sam_vit_b,474170,585805,ann585805_point_n10_t3,point,0.1,3,0.3151819322459222,0.13168389996280894,13.665514199994504,0.8342383503913879,ok,,2026,results/duong/masks/sam_vit_b/ann585805_point_n10_t3.png,cpu,2026-10-05T16:29:01.531705+00:00
sam_vit_b:ann585805_point_n20_t1,setup3,sam_vit_b,474170,585805,ann585805_point_n20_t1,point,0.2,1,0.46993548387096773,0.20123100001364946,13.665514199994504,0.7484018802642822,ok,,2026,results/duong/masks/sam_vit_b/ann585805_point_n20_t1.png,cpu,2026-10-05T16:29:01.842032+00:00
sam_vit_b:ann585805_point_n20_t2,setup3,sam_vit_b,474170,585805,ann585805_point_n20_t2,point,0.2,2,0.04798571587992412,0.23118820000672713,13.665514199994504,0.8994252681732178,ok,,2026,results/duong/masks/sam_vit_b/ann585805_point_n20_t2.png,cpu,2026-10-05T16:29:02.452383+00:00
sam_vit_b:ann585805_point_n20_t3,setup3,sam_vit_b,474170,585805,ann585805_point_n20_t3,point,0.2,3,0.31446540880503143,0.21330420003505424,13.665514199994504,0.8071880340576172,ok,,2026,results/duong/masks/sam_vit_b/ann585805_point_n20_t3.png,cpu,2026-10-05T16:29:03.517150+00:00
sam_vit_b:ann592288_box_n00_t0,"setup1,setup2",sam_vit_b,93965,592288,ann592288_box_n00_t0,box,0.0,0,0.9023273496644517,0.09819699998479337,11.388229499978479,0.997076153755188,ok,,2026,results/duong/masks/sam_vit_b/ann592288_box_n00_t0.png,cpu,2026-10-05T16:19:53.153737+00:00
sam_vit_b:ann592288_box_n10_t1,setup3,sam_vit_b,93965,592288,ann592288_box_n10_t1,box,0.1,1,0.014586532134239966,0.10024420003173873,11.388229499978479,0.6014488339424133,ok,,2026,results/duong/masks/sam_vit_b/ann592288_box_n10_t1.png,cpu,2026-10-05T16:19:53.380333+00:00
sam_vit_b:ann592288_box_n10_t2,setup3,sam_vit_b,93965,592288,ann592288_box_n10_t2,box,0.1,2,0.00023194552593648005,0.1091084000072442,11.388229499978479,0.26202911138534546,ok,,2026,results/duong/masks/sam_vit_b/ann592288_box_n10_t2.png,cpu,2026-10-05T16:19:53.627851+00:00
sam_vit_b:ann592288_box_n10_t3,setup3,sam_vit_b,93965,592288,ann592288_box_n10_t3,box,0.1,3,0.016261030803731785,0.10257930000079796,11.388229499978479,0.8676940202713013,ok,,2026,results/duong/masks/sam_vit_b/ann592288_box_n10_t3.png,cpu,2026-10-05T16:19:53.868199+00:00
sam_vit_b:ann592288_box_n20_t1,setup3,sam_vit_b,93965,592288,ann592288_box_n20_t1,box,0.2,1,0.01474488172271136,0.10652899998240173,11.388229499978479,1.0214251279830933,ok,,2026,results/duong/masks/sam_vit_b/ann592288_box_n20_t1.png,cpu,2026-10-05T16:19:54.116305+00:00
sam_vit_b:ann592288_box_n20_t2,setup3,sam_vit_b,93965,592288,ann592288_box_n20_t2,box,0.2,2,0.00784748856244623,0.10502759995870292,11.388229499978479,0.9886459708213806,ok,,2026,results/duong/masks/sam_vit_b/ann592288_box_n20_t2.png,cpu,2026-10-05T16:19:54.364734+00:00
sam_vit_b:ann592288_box_n20_t3,setup3,sam_vit_b,93965,592288,ann592288_box_n20_t3,box,0.2,3,0.377844390712464,0.10135379998246208,11.388229499978479,0.6089807152748108,ok,,2026,results/duong/masks/sam_vit_b/ann592288_box_n20_t3.png,cpu,2026-10-05T16:19:54.609827+00:00
sam_vit_b:ann592288_point_n00_t0,"setup1,setup2",sam_vit_b,93965,592288,ann592288_point_n00_t0,point,0.0,0,0.8428500496524329,0.10794180002994835,11.388229499978479,0.8734922409057617,ok,,2026,results/duong/masks/sam_vit_b/ann592288_point_n00_t0.png,cpu,2026-10-05T16:19:53.030071+00:00
sam_vit_b:ann592288_point_n10_t1,setup3,sam_vit_b,93965,592288,ann592288_point_n10_t1,point,0.1,1,0.8860945767195767,0.0952512999647297,11.388229499978479,0.9525729417800903,ok,,2026,results/duong/masks/sam_vit_b/ann592288_point_n10_t1.png,cpu,2026-10-05T16:19:53.269805+00:00
sam_vit_b:ann592288_point_n10_t2,setup3,sam_vit_b,93965,592288,ann592288_point_n10_t2,point,0.1,2,0.8517752556169551,0.11316809995332733,11.388229499978479,0.8502794504165649,ok,,2026,results/duong/masks/sam_vit_b/ann592288_point_n10_t2.png,cpu,2026-10-05T16:19:53.497493+00:00
sam_vit_b:ann592288_point_n10_t3,setup3,sam_vit_b,93965,592288,ann592288_point_n10_t3,point,0.1,3,0.48299387315780756,0.10305390000576153,11.388229499978479,0.6931261420249939,ok,,2026,results/duong/masks/sam_vit_b/ann592288_point_n10_t3.png,cpu,2026-10-05T16:19:53.752099+00:00
sam_vit_b:ann592288_point_n20_t1,setup3,sam_vit_b,93965,592288,ann592288_point_n20_t1,point,0.2,1,0.010626592169203433,0.10782789997756481,11.388229499978479,0.8970356583595276,ok,,2026,results/duong/masks/sam_vit_b/ann592288_point_n20_t1.png,cpu,2026-10-05T16:19:53.991531+00:00
sam_vit_b:ann592288_point_n20_t2,setup3,sam_vit_b,93965,592288,ann592288_point_n20_t2,point,0.2,2,0.0094255234561357,0.11141670000506565,11.388229499978479,0.7417927384376526,ok,,2026,results/duong/masks/sam_vit_b/ann592288_point_n20_t2.png,cpu,2026-10-05T16:19:54.239602+00:00
sam_vit_b:ann592288_point_n20_t3,setup3,sam_vit_b,93965,592288,ann592288_point_n20_t3,point,0.2,3,0.008607058300640187,0.1087058000266552,11.388229499978479,0.29950860142707825,ok,,2026,results/duong/masks/sam_vit_b/ann592288_point_n20_t3.png,cpu,2026-10-05T16:19:54.479916+00:00
sam_vit_b:ann595505_box_n00_t0,"setup1,setup2",sam_vit_b,134689,595505,ann595505_box_n00_t0,box,0.0,0,0.8431446858682836,0.0995264999801293,12.582555299974047,0.9788922071456909,ok,,2026,results/duong/masks/sam_vit_b/ann595505_box_n00_t0.png,cpu,2026-10-05T16:15:43.582168+00:00
sam_vit_b:ann595505_box_n10_t1,setup3,sam_vit_b,134689,595505,ann595505_box_n10_t1,box,0.1,1,0.5216792112795505,0.11012909997953102,12.582555299974047,0.8272438645362854,ok,,2026,results/duong/masks/sam_vit_b/ann595505_box_n10_t1.png,cpu,2026-10-05T16:15:43.831918+00:00
sam_vit_b:ann595505_box_n10_t2,setup3,sam_vit_b,134689,595505,ann595505_box_n10_t2,box,0.1,2,0.7868069847870828,0.10385469999164343,12.582555299974047,0.9389015436172485,ok,,2026,results/duong/masks/sam_vit_b/ann595505_box_n10_t2.png,cpu,2026-10-05T16:15:44.071933+00:00
sam_vit_b:ann595505_box_n10_t3,setup3,sam_vit_b,134689,595505,ann595505_box_n10_t3,box,0.1,3,0.4795646710540328,0.10785700002452359,12.582555299974047,0.6465587615966797,ok,,2026,results/duong/masks/sam_vit_b/ann595505_box_n10_t3.png,cpu,2026-10-05T16:15:44.318444+00:00
sam_vit_b:ann595505_box_n20_t1,setup3,sam_vit_b,134689,595505,ann595505_box_n20_t1,box,0.2,1,4.331942298528584e-05,0.09762659994885325,12.582555299974047,0.5956212878227234,ok,,2026,results/duong/masks/sam_vit_b/ann595505_box_n20_t1.png,cpu,2026-10-05T16:15:44.556471+00:00
sam_vit_b:ann595505_box_n20_t2,setup3,sam_vit_b,134689,595505,ann595505_box_n20_t2,box,0.2,2,0.7276645684412675,0.09795020002638921,12.582555299974047,0.7499563097953796,ok,,2026,results/duong/masks/sam_vit_b/ann595505_box_n20_t2.png,cpu,2026-10-05T16:15:44.785052+00:00
sam_vit_b:ann595505_box_n20_t3,setup3,sam_vit_b,134689,595505,ann595505_box_n20_t3,box,0.2,3,0.35827693629820606,0.10636189999058843,12.582555299974047,0.6538375020027161,ok,,2026,results/duong/masks/sam_vit_b/ann595505_box_n20_t3.png,cpu,2026-10-05T16:15:45.009933+00:00
sam_vit_b:ann595505_point_n00_t0,"setup1,setup2",sam_vit_b,134689,595505,ann595505_point_n00_t0,point,0.0,0,0.8358631770326836,0.08617860003141686,12.582555299974047,0.963170051574707,ok,,2026,results/duong/masks/sam_vit_b/ann595505_point_n00_t0.png,cpu,2026-10-05T16:15:43.485727+00:00
sam_vit_b:ann595505_point_n10_t1,setup3,sam_vit_b,134689,595505,ann595505_point_n10_t1,point,0.1,1,0.8404345074878717,0.11454320000484586,12.582555299974047,0.9752922654151917,ok,,2026,results/duong/masks/sam_vit_b/ann595505_point_n10_t1.png,cpu,2026-10-05T16:15:43.703894+00:00
sam_vit_b:ann595505_point_n10_t2,setup3,sam_vit_b,134689,595505,ann595505_point_n10_t2,point,0.1,2,0.816837677649608,0.10285069997189566,12.582555299974047,0.7220300436019897,ok,,2026,results/duong/masks/sam_vit_b/ann595505_point_n10_t2.png,cpu,2026-10-05T16:15:43.956342+00:00
sam_vit_b:ann595505_point_n10_t3,setup3,sam_vit_b,134689,595505,ann595505_point_n10_t3,point,0.1,3,0.8429265202702703,0.11775000003399327,12.582555299974047,0.9593754410743713,ok,,2026,results/duong/masks/sam_vit_b/ann595505_point_n10_t3.png,cpu,2026-10-05T16:15:44.187466+00:00
sam_vit_b:ann595505_point_n20_t1,setup3,sam_vit_b,134689,595505,ann595505_point_n20_t1,point,0.2,1,0.8396983548543383,0.1006261000293307,12.582555299974047,0.9931153655052185,ok,,2026,results/duong/masks/sam_vit_b/ann595505_point_n20_t1.png,cpu,2026-10-05T16:15:44.440406+00:00
sam_vit_b:ann595505_point_n20_t2,setup3,sam_vit_b,134689,595505,ann595505_point_n20_t2,point,0.2,2,0.01377232623197762,0.10629389999667183,12.582555299974047,0.7478146553039551,ok,,2026,results/duong/masks/sam_vit_b/ann595505_point_n20_t2.png,cpu,2026-10-05T16:15:44.667746+00:00
sam_vit_b:ann595505_point_n20_t3,setup3,sam_vit_b,134689,595505,ann595505_point_n20_t3,point,0.2,3,0.010112701084923308,0.10333960002753884,12.582555299974047,0.7151439785957336,ok,,2026,results/duong/masks/sam_vit_b/ann595505_point_n20_t3.png,cpu,2026-10-05T16:15:44.894721+00:00
sam_vit_b:ann601827_box_n00_t0,"setup1,setup2",sam_vit_b,128654,601827,ann601827_box_n00_t0,box,0.0,0,0.9241748438893844,0.10419169999659061,12.17200599994976,0.9802793264389038,ok,,2026,results/duong/masks/sam_vit_b/ann601827_box_n00_t0.png,cpu,2026-10-05T16:20:46.617421+00:00
sam_vit_b:ann601827_box_n10_t1,setup3,sam_vit_b,128654,601827,ann601827_box_n10_t1,box,0.1,1,0.9232485497545738,0.0962889000074938,12.17200599994976,0.9743934273719788,ok,,2026,results/duong/masks/sam_vit_b/ann601827_box_n10_t1.png,cpu,2026-10-05T16:20:46.846645+00:00
sam_vit_b:ann601827_box_n10_t2,setup3,sam_vit_b,128654,601827,ann601827_box_n10_t2,box,0.1,2,0.9251456745853878,0.0927827000268735,12.17200599994976,0.9524819850921631,ok,,2026,results/duong/masks/sam_vit_b/ann601827_box_n10_t2.png,cpu,2026-10-05T16:20:47.068579+00:00
sam_vit_b:ann601827_box_n10_t3,setup3,sam_vit_b,128654,601827,ann601827_box_n10_t3,box,0.1,3,0.9249665029030817,0.09083800000371411,12.17200599994976,0.9756823182106018,ok,,2026,results/duong/masks/sam_vit_b/ann601827_box_n10_t3.png,cpu,2026-10-05T16:20:47.281765+00:00
sam_vit_b:ann601827_box_n20_t1,setup3,sam_vit_b,128654,601827,ann601827_box_n20_t1,box,0.2,1,0.5954954954954955,0.08996700000716373,12.17200599994976,0.8572332859039307,ok,,2026,results/duong/masks/sam_vit_b/ann601827_box_n20_t1.png,cpu,2026-10-05T16:20:47.507833+00:00
sam_vit_b:ann601827_box_n20_t2,setup3,sam_vit_b,128654,601827,ann601827_box_n20_t2,box,0.2,2,0.19700068166325835,0.0907399999559857,12.17200599994976,0.5153899192810059,ok,,2026,results/duong/masks/sam_vit_b/ann601827_box_n20_t2.png,cpu,2026-10-05T16:20:47.716216+00:00
sam_vit_b:ann601827_box_n20_t3,setup3,sam_vit_b,128654,601827,ann601827_box_n20_t3,box,0.2,3,0.8776881720430108,0.08546149998437613,12.17200599994976,0.9052674174308777,ok,,2026,results/duong/masks/sam_vit_b/ann601827_box_n20_t3.png,cpu,2026-10-05T16:20:47.925543+00:00
sam_vit_b:ann601827_point_n00_t0,"setup1,setup2",sam_vit_b,128654,601827,ann601827_point_n00_t0,point,0.0,0,0.8815612382234186,0.10584119998384267,12.17200599994976,0.6895444989204407,ok,,2026,results/duong/masks/sam_vit_b/ann601827_point_n00_t0.png,cpu,2026-10-05T16:20:46.496080+00:00
sam_vit_b:ann601827_point_n10_t1,setup3,sam_vit_b,128654,601827,ann601827_point_n10_t1,point,0.1,1,0.923455684870188,0.0988210000214167,12.17200599994976,0.8366249203681946,ok,,2026,results/duong/masks/sam_vit_b/ann601827_point_n10_t1.png,cpu,2026-10-05T16:20:46.731863+00:00
sam_vit_b:ann601827_point_n10_t2,setup3,sam_vit_b,128654,601827,ann601827_point_n10_t2,point,0.1,2,0.9246208742194469,0.09397229994647205,12.17200599994976,0.948512852191925,ok,,2026,results/duong/masks/sam_vit_b/ann601827_point_n10_t2.png,cpu,2026-10-05T16:20:46.954430+00:00
sam_vit_b:ann601827_point_n10_t3,setup3,sam_vit_b,128654,601827,ann601827_point_n10_t3,point,0.1,3,0.8699369936993699,0.09352150000631809,12.17200599994976,0.6818216443061829,ok,,2026,results/duong/masks/sam_vit_b/ann601827_point_n10_t3.png,cpu,2026-10-05T16:20:47.178459+00:00
sam_vit_b:ann601827_point_n20_t1,setup3,sam_vit_b,128654,601827,ann601827_point_n20_t1,point,0.2,1,0.9250334672021419,0.09498170000733808,12.17200599994976,0.9469883441925049,ok,,2026,results/duong/masks/sam_vit_b/ann601827_point_n20_t1.png,cpu,2026-10-05T16:20:47.388372+00:00
sam_vit_b:ann601827_point_n20_t2,setup3,sam_vit_b,128654,601827,ann601827_point_n20_t2,point,0.2,2,0.9246544806063308,0.09390969999367371,12.17200599994976,0.9486640691757202,ok,,2026,results/duong/masks/sam_vit_b/ann601827_point_n20_t2.png,cpu,2026-10-05T16:20:47.608402+00:00
sam_vit_b:ann601827_point_n20_t3,setup3,sam_vit_b,128654,601827,ann601827_point_n20_t3,point,0.2,3,0.922077922077922,0.08869440003763884,12.17200599994976,0.7619814872741699,ok,,2026,results/duong/masks/sam_vit_b/ann601827_point_n20_t3.png,cpu,2026-10-05T16:20:47.818174+00:00
sam_vit_b:ann613127_box_n00_t0,"setup1,setup2",sam_vit_b,54592,613127,ann613127_box_n00_t0,box,0.0,0,0.7306892247954514,0.09705899999244139,15.279334599967115,0.9457250237464905,ok,,2026,results/duong/masks/sam_vit_b/ann613127_box_n00_t0.png,cpu,2026-10-05T16:15:29.470317+00:00
sam_vit_b:ann613127_box_n10_t1,setup3,sam_vit_b,54592,613127,ann613127_box_n10_t1,box,0.1,1,0.6711563261212208,0.09061920002568513,15.279334599967115,0.8825545907020569,ok,,2026,results/duong/masks/sam_vit_b/ann613127_box_n10_t1.png,cpu,2026-10-05T16:15:29.688417+00:00
sam_vit_b:ann613127_box_n10_t2,setup3,sam_vit_b,54592,613127,ann613127_box_n10_t2,box,0.1,2,0.6527617951668585,0.09986179997213185,15.279334599967115,0.8706483840942383,ok,,2026,results/duong/masks/sam_vit_b/ann613127_box_n10_t2.png,cpu,2026-10-05T16:15:29.900074+00:00
sam_vit_b:ann613127_box_n10_t3,setup3,sam_vit_b,54592,613127,ann613127_box_n10_t3,box,0.1,3,0.6401319563970166,0.09632050001528114,15.279334599967115,0.9229373335838318,ok,,2026,results/duong/masks/sam_vit_b/ann613127_box_n10_t3.png,cpu,2026-10-05T16:15:30.127702+00:00
sam_vit_b:ann613127_box_n20_t1,setup3,sam_vit_b,54592,613127,ann613127_box_n20_t1,box,0.2,1,0.6247519138077686,0.09396529995137826,15.279334599967115,0.857582688331604,ok,,2026,results/duong/masks/sam_vit_b/ann613127_box_n20_t1.png,cpu,2026-10-05T16:15:30.332030+00:00
sam_vit_b:ann613127_box_n20_t2,setup3,sam_vit_b,54592,613127,ann613127_box_n20_t2,box,0.2,2,0.5716530932990427,0.1059116999967955,15.279334599967115,0.9104338884353638,ok,,2026,results/duong/masks/sam_vit_b/ann613127_box_n20_t2.png,cpu,2026-10-05T16:15:30.543581+00:00
sam_vit_b:ann613127_box_n20_t3,setup3,sam_vit_b,54592,613127,ann613127_box_n20_t3,box,0.2,3,0.5643706143491336,0.10186319996137172,15.279334599967115,0.9087320566177368,ok,,2026,results/duong/masks/sam_vit_b/ann613127_box_n20_t3.png,cpu,2026-10-05T16:15:30.782085+00:00
sam_vit_b:ann613127_point_n00_t0,"setup1,setup2",sam_vit_b,54592,613127,ann613127_point_n00_t0,point,0.0,0,0.7105156313438896,0.09012920001987368,15.279334599967115,0.9053915143013,ok,,2026,results/duong/masks/sam_vit_b/ann613127_point_n00_t0.png,cpu,2026-10-05T16:15:29.370062+00:00
sam_vit_b:ann613127_point_n10_t1,setup3,sam_vit_b,54592,613127,ann613127_point_n10_t1,point,0.1,1,0.14255243512264487,0.09094259998528287,15.279334599967115,0.3753530979156494,ok,,2026,results/duong/masks/sam_vit_b/ann613127_point_n10_t1.png,cpu,2026-10-05T16:15:29.578325+00:00
sam_vit_b:ann613127_point_n10_t2,setup3,sam_vit_b,54592,613127,ann613127_point_n10_t2,point,0.1,2,0.10210500846842488,0.1020707999705337,15.279334599967115,0.5676032900810242,ok,,2026,results/duong/masks/sam_vit_b/ann613127_point_n10_t2.png,cpu,2026-10-05T16:15:29.788671+00:00
sam_vit_b:ann613127_point_n10_t3,setup3,sam_vit_b,54592,613127,ann613127_point_n10_t3,point,0.1,3,0.0,0.10581069998443127,15.279334599967115,0.855995774269104,ok,,2026,results/duong/masks/sam_vit_b/ann613127_point_n10_t3.png,cpu,2026-10-05T16:15:30.010035+00:00
sam_vit_b:ann613127_point_n20_t1,setup3,sam_vit_b,54592,613127,ann613127_point_n20_t1,point,0.2,1,0.014877479579929988,0.09241629997268319,15.279334599967115,0.7244962453842163,ok,,2026,results/duong/masks/sam_vit_b/ann613127_point_n20_t1.png,cpu,2026-10-05T16:15:30.234268+00:00
sam_vit_b:ann613127_point_n20_t2,setup3,sam_vit_b,54592,613127,ann613127_point_n20_t2,point,0.2,2,0.0,0.09777970000868663,15.279334599967115,0.8269847631454468,ok,,2026,results/duong/masks/sam_vit_b/ann613127_point_n20_t2.png,cpu,2026-10-05T16:15:30.438257+00:00
sam_vit_b:ann613127_point_n20_t3,setup3,sam_vit_b,54592,613127,ann613127_point_n20_t3,point,0.2,3,0.0,0.1091010999516584,15.279334599967115,0.8405922651290894,ok,,2026,results/duong/masks/sam_vit_b/ann613127_point_n20_t3.png,cpu,2026-10-05T16:15:30.662065+00:00
sam_vit_b:ann648400_box_n00_t0,"setup1,setup2",sam_vit_b,32570,648400,ann648400_box_n00_t0,box,0.0,0,0.8562587904360056,0.10675099998479709,11.263476399995852,0.9472048878669739,ok,,2026,results/duong/masks/sam_vit_b/ann648400_box_n00_t0.png,cpu,2026-10-05T16:18:46.868431+00:00
sam_vit_b:ann648400_box_n10_t1,setup3,sam_vit_b,32570,648400,ann648400_box_n10_t1,box,0.1,1,0.789458010720667,0.10715830000117421,11.263476399995852,0.9280000329017639,ok,,2026,results/duong/masks/sam_vit_b/ann648400_box_n10_t1.png,cpu,2026-10-05T16:18:47.116041+00:00
sam_vit_b:ann648400_box_n10_t2,setup3,sam_vit_b,32570,648400,ann648400_box_n10_t2,box,0.1,2,0.8514431239388794,0.10340619995258749,11.263476399995852,0.9474788308143616,ok,,2026,results/duong/masks/sam_vit_b/ann648400_box_n10_t2.png,cpu,2026-10-05T16:18:47.357585+00:00
sam_vit_b:ann648400_box_n10_t3,setup3,sam_vit_b,32570,648400,ann648400_box_n10_t3,box,0.1,3,0.8512649430080623,0.1058638000395149,11.263476399995852,0.9466753602027893,ok,,2026,results/duong/masks/sam_vit_b/ann648400_box_n10_t3.png,cpu,2026-10-05T16:18:47.587573+00:00
sam_vit_b:ann648400_box_n20_t1,setup3,sam_vit_b,32570,648400,ann648400_box_n20_t1,box,0.2,1,0.5847482871611558,0.1019028999726288,11.263476399995852,0.9256398677825928,ok,,2026,results/duong/masks/sam_vit_b/ann648400_box_n20_t1.png,cpu,2026-10-05T16:18:47.818556+00:00
sam_vit_b:ann648400_box_n20_t2,setup3,sam_vit_b,32570,648400,ann648400_box_n20_t2,box,0.2,2,0.8482352941176471,0.10886069998377934,11.263476399995852,0.9182618856430054,ok,,2026,results/duong/masks/sam_vit_b/ann648400_box_n20_t2.png,cpu,2026-10-05T16:18:48.049730+00:00
sam_vit_b:ann648400_box_n20_t3,setup3,sam_vit_b,32570,648400,ann648400_box_n20_t3,box,0.2,3,0.4932102118413905,0.11925570003222674,11.263476399995852,0.7712783217430115,ok,,2026,results/duong/masks/sam_vit_b/ann648400_box_n20_t3.png,cpu,2026-10-05T16:18:48.300196+00:00
sam_vit_b:ann648400_point_n00_t0,"setup1,setup2",sam_vit_b,32570,648400,ann648400_point_n00_t0,point,0.0,0,0.770516717325228,0.15637949999654666,11.263476399995852,0.8017876744270325,ok,,2026,results/duong/masks/sam_vit_b/ann648400_point_n00_t0.png,cpu,2026-10-05T16:18:46.698676+00:00
sam_vit_b:ann648400_point_n10_t1,setup3,sam_vit_b,32570,648400,ann648400_point_n10_t1,point,0.1,1,0.823980290172461,0.11276099999668077,11.263476399995852,0.8223797678947449,ok,,2026,results/duong/masks/sam_vit_b/ann648400_point_n10_t1.png,cpu,2026-10-05T16:18:46.988400+00:00
sam_vit_b:ann648400_point_n10_t2,setup3,sam_vit_b,32570,648400,ann648400_point_n10_t2,point,0.1,2,0.7444388270980788,0.10782490001292899,11.263476399995852,0.8135697245597839,ok,,2026,results/duong/masks/sam_vit_b/ann648400_point_n10_t2.png,cpu,2026-10-05T16:18:47.236464+00:00
sam_vit_b:ann648400_point_n10_t3,setup3,sam_vit_b,32570,648400,ann648400_point_n10_t3,point,0.1,3,0.01762246117084827,0.10373570001684129,11.263476399995852,0.8031798601150513,ok,,2026,results/duong/masks/sam_vit_b/ann648400_point_n10_t3.png,cpu,2026-10-05T16:18:47.472915+00:00
sam_vit_b:ann648400_point_n20_t1,setup3,sam_vit_b,32570,648400,ann648400_point_n20_t1,point,0.2,1,0.8488964346349746,0.10336629999801517,11.263476399995852,0.79945969581604,ok,,2026,results/duong/masks/sam_vit_b/ann648400_point_n20_t1.png,cpu,2026-10-05T16:18:47.701894+00:00
sam_vit_b:ann648400_point_n20_t2,setup3,sam_vit_b,32570,648400,ann648400_point_n20_t2,point,0.2,2,0.00016560404073859403,0.10359249997418374,11.263476399995852,0.8605536818504333,ok,,2026,results/duong/masks/sam_vit_b/ann648400_point_n20_t2.png,cpu,2026-10-05T16:18:47.931875+00:00
sam_vit_b:ann648400_point_n20_t3,setup3,sam_vit_b,32570,648400,ann648400_point_n20_t3,point,0.2,3,0.008134920634920636,0.11258840002119541,11.263476399995852,0.7310024499893188,ok,,2026,results/duong/masks/sam_vit_b/ann648400_point_n20_t3.png,cpu,2026-10-05T16:18:48.173301+00:00
sam_vit_b:ann657044_box_n00_t0,"setup1,setup2",sam_vit_b,361147,657044,ann657044_box_n00_t0,box,0.0,0,0.8949517076570745,0.09904000000096858,11.691927400010172,0.9374773502349854,ok,,2026,results/duong/masks/sam_vit_b/ann657044_box_n00_t0.png,cpu,2026-10-05T16:24:54.558632+00:00
sam_vit_b:ann657044_box_n10_t1,setup3,sam_vit_b,361147,657044,ann657044_box_n10_t1,box,0.1,1,0.8192349945071408,0.0969838000019081,11.691927400010172,0.9276027083396912,ok,,2026,results/duong/masks/sam_vit_b/ann657044_box_n10_t1.png,cpu,2026-10-05T16:24:54.795890+00:00
sam_vit_b:ann657044_box_n10_t2,setup3,sam_vit_b,361147,657044,ann657044_box_n10_t2,box,0.1,2,0.09563642635391514,0.1010719999903813,11.691927400010172,0.7404298186302185,ok,,2026,results/duong/masks/sam_vit_b/ann657044_box_n10_t2.png,cpu,2026-10-05T16:24:55.039758+00:00
sam_vit_b:ann657044_box_n10_t3,setup3,sam_vit_b,361147,657044,ann657044_box_n10_t3,box,0.1,3,0.8190954773869347,0.1020901000010781,11.691927400010172,0.749376654624939,ok,,2026,results/duong/masks/sam_vit_b/ann657044_box_n10_t3.png,cpu,2026-10-05T16:24:55.357555+00:00
sam_vit_b:ann657044_box_n20_t1,setup3,sam_vit_b,361147,657044,ann657044_box_n20_t1,box,0.2,1,0.8165055317452407,0.09481629997026175,11.691927400010172,0.9073257446289062,ok,,2026,results/duong/masks/sam_vit_b/ann657044_box_n20_t1.png,cpu,2026-10-05T16:24:55.599944+00:00
sam_vit_b:ann657044_box_n20_t2,setup3,sam_vit_b,361147,657044,ann657044_box_n20_t2,box,0.2,2,0.05158635968035446,0.10127089999150485,11.691927400010172,0.44213542342185974,ok,,2026,results/duong/masks/sam_vit_b/ann657044_box_n20_t2.png,cpu,2026-10-05T16:24:55.826651+00:00
sam_vit_b:ann657044_box_n20_t3,setup3,sam_vit_b,361147,657044,ann657044_box_n20_t3,box,0.2,3,0.5790215421783773,0.10632580000674352,11.691927400010172,0.6003504991531372,ok,,2026,results/duong/masks/sam_vit_b/ann657044_box_n20_t3.png,cpu,2026-10-05T16:24:56.069839+00:00
sam_vit_b:ann657044_point_n00_t0,"setup1,setup2",sam_vit_b,361147,657044,ann657044_point_n00_t0,point,0.0,0,0.8091190880911909,0.0974840999697335,11.691927400010172,0.936713695526123,ok,,2026,results/duong/masks/sam_vit_b/ann657044_point_n00_t0.png,cpu,2026-10-05T16:24:54.433966+00:00
sam_vit_b:ann657044_point_n10_t1,setup3,sam_vit_b,361147,657044,ann657044_point_n10_t1,point,0.1,1,0.8100379924015197,0.09836209996137768,11.691927400010172,0.9331651329994202,ok,,2026,results/duong/masks/sam_vit_b/ann657044_point_n10_t1.png,cpu,2026-10-05T16:24:54.675657+00:00
sam_vit_b:ann657044_point_n10_t2,setup3,sam_vit_b,361147,657044,ann657044_point_n10_t2,point,0.1,2,0.8100620124024805,0.09649119997629896,11.691927400010172,0.944794237613678,ok,,2026,results/duong/masks/sam_vit_b/ann657044_point_n10_t2.png,cpu,2026-10-05T16:24:54.914211+00:00
sam_vit_b:ann657044_point_n10_t3,setup3,sam_vit_b,361147,657044,ann657044_point_n10_t3,point,0.1,3,0.8072807280728073,0.1802163000102155,11.691927400010172,0.937168538570404,ok,,2026,results/duong/masks/sam_vit_b/ann657044_point_n10_t3.png,cpu,2026-10-05T16:24:55.157551+00:00
sam_vit_b:ann657044_point_n20_t1,setup3,sam_vit_b,361147,657044,ann657044_point_n20_t1,point,0.2,1,0.7993601919424173,0.09923170000547543,11.691927400010172,0.9409948587417603,ok,,2026,results/duong/masks/sam_vit_b/ann657044_point_n20_t1.png,cpu,2026-10-05T16:24:55.480189+00:00
sam_vit_b:ann657044_point_n20_t2,setup3,sam_vit_b,361147,657044,ann657044_point_n20_t2,point,0.2,2,0.17915407854984894,0.09536380000645295,11.691927400010172,0.5083892941474915,ok,,2026,results/duong/masks/sam_vit_b/ann657044_point_n20_t2.png,cpu,2026-10-05T16:24:55.712398+00:00
sam_vit_b:ann657044_point_n20_t3,setup3,sam_vit_b,361147,657044,ann657044_point_n20_t3,point,0.2,3,0.0017985611510791368,0.10074650001479313,11.691927400010172,0.74969881772995,ok,,2026,results/duong/masks/sam_vit_b/ann657044_point_n20_t3.png,cpu,2026-10-05T16:24:55.946248+00:00
sam_vit_b:ann658626_box_n00_t0,"setup1,setup2",sam_vit_b,261732,658626,ann658626_box_n00_t0,box,0.0,0,0.7284500202347228,0.10292820003814995,11.810143899987452,0.9041916728019714,ok,,2026,results/duong/masks/sam_vit_b/ann658626_box_n00_t0.png,cpu,2026-10-05T16:16:29.565674+00:00
sam_vit_b:ann658626_box_n10_t1,setup3,sam_vit_b,261732,658626,ann658626_box_n10_t1,box,0.1,1,0.7449392712550608,0.10266179998870939,11.810143899987452,0.9220485687255859,ok,,2026,results/duong/masks/sam_vit_b/ann658626_box_n10_t1.png,cpu,2026-10-05T16:16:29.790287+00:00
sam_vit_b:ann658626_box_n10_t2,setup3,sam_vit_b,261732,658626,ann658626_box_n10_t2,box,0.1,2,0.7670178282009724,0.09626150003168732,11.810143899987452,0.8780425786972046,ok,,2026,results/duong/masks/sam_vit_b/ann658626_box_n10_t2.png,cpu,2026-10-05T16:16:30.008475+00:00
sam_vit_b:ann658626_box_n10_t3,setup3,sam_vit_b,261732,658626,ann658626_box_n10_t3,box,0.1,3,0.6549210206561361,0.10013259999686852,11.810143899987452,0.8744971752166748,ok,,2026,results/duong/masks/sam_vit_b/ann658626_box_n10_t3.png,cpu,2026-10-05T16:16:30.234438+00:00
sam_vit_b:ann658626_box_n20_t1,setup3,sam_vit_b,261732,658626,ann658626_box_n20_t1,box,0.2,1,0.7519125683060109,0.10816439997870475,11.810143899987452,0.9152372479438782,ok,,2026,results/duong/masks/sam_vit_b/ann658626_box_n20_t1.png,cpu,2026-10-05T16:16:30.457676+00:00
sam_vit_b:ann658626_box_n20_t2,setup3,sam_vit_b,261732,658626,ann658626_box_n20_t2,box,0.2,2,0.05546935608999224,0.10417709994362667,11.810143899987452,0.691178560256958,ok,,2026,results/duong/masks/sam_vit_b/ann658626_box_n20_t2.png,cpu,2026-10-05T16:16:30.693267+00:00
sam_vit_b:ann658626_box_n20_t3,setup3,sam_vit_b,261732,658626,ann658626_box_n20_t3,box,0.2,3,0.2040485829959514,0.0969776000129059,11.810143899987452,0.5483728647232056,ok,,2026,results/duong/masks/sam_vit_b/ann658626_box_n20_t3.png,cpu,2026-10-05T16:16:30.916287+00:00
sam_vit_b:ann658626_point_n00_t0,"setup1,setup2",sam_vit_b,261732,658626,ann658626_point_n00_t0,point,0.0,0,0.6463339494762785,0.1022211000090465,11.810143899987452,0.8619653582572937,ok,,2026,results/duong/masks/sam_vit_b/ann658626_point_n00_t0.png,cpu,2026-10-05T16:16:29.451395+00:00
sam_vit_b:ann658626_point_n10_t1,setup3,sam_vit_b,261732,658626,ann658626_point_n10_t1,point,0.1,1,0.5796119494918386,0.10081849998096004,11.810143899987452,0.6328660249710083,ok,,2026,results/duong/masks/sam_vit_b/ann658626_point_n10_t1.png,cpu,2026-10-05T16:16:29.678496+00:00
sam_vit_b:ann658626_point_n10_t2,setup3,sam_vit_b,261732,658626,ann658626_point_n10_t2,point,0.1,2,0.642791551882461,0.10236299998359755,11.810143899987452,0.8158441781997681,ok,,2026,results/duong/masks/sam_vit_b/ann658626_point_n10_t2.png,cpu,2026-10-05T16:16:29.902514+00:00
sam_vit_b:ann658626_point_n10_t3,setup3,sam_vit_b,261732,658626,ann658626_point_n10_t3,point,0.1,3,0.6470951792336218,0.10091979999560863,11.810143899987452,0.8668809533119202,ok,,2026,results/duong/masks/sam_vit_b/ann658626_point_n10_t3.png,cpu,2026-10-05T16:16:30.122295+00:00
sam_vit_b:ann658626_point_n20_t1,setup3,sam_vit_b,261732,658626,ann658626_point_n20_t1,point,0.2,1,0.680604696043744,0.10060850001173094,11.810143899987452,0.8430116772651672,ok,,2026,results/duong/masks/sam_vit_b/ann658626_point_n20_t1.png,cpu,2026-10-05T16:16:30.347563+00:00
sam_vit_b:ann658626_point_n20_t2,setup3,sam_vit_b,261732,658626,ann658626_point_n20_t2,point,0.2,2,0.617802676626206,0.10745149996364489,11.810143899987452,0.5315499901771545,ok,,2026,results/duong/masks/sam_vit_b/ann658626_point_n20_t2.png,cpu,2026-10-05T16:16:30.575220+00:00
sam_vit_b:ann658626_point_n20_t3,setup3,sam_vit_b,261732,658626,ann658626_point_n20_t3,point,0.2,3,0.6499844575691638,0.09689990000333637,11.810143899987452,0.8741844892501831,ok,,2026,results/duong/masks/sam_vit_b/ann658626_point_n20_t3.png,cpu,2026-10-05T16:16:30.808619+00:00
sam_vit_b:ann683127_box_n00_t0,"setup1,setup2",sam_vit_b,419312,683127,ann683127_box_n00_t0,box,0.0,0,0.9126577013725219,0.24038209998980165,25.946834500005934,0.967889666557312,ok,,2026,results/duong/masks/sam_vit_b/ann683127_box_n00_t0.png,cpu,2026-10-05T16:27:08.901899+00:00
sam_vit_b:ann683127_box_n10_t1,setup3,sam_vit_b,419312,683127,ann683127_box_n10_t1,box,0.1,1,0.8458247066942719,0.2086989000090398,25.946834500005934,0.8486596345901489,ok,,2026,results/duong/masks/sam_vit_b/ann683127_box_n10_t1.png,cpu,2026-10-05T16:27:09.463745+00:00
sam_vit_b:ann683127_box_n10_t2,setup3,sam_vit_b,419312,683127,ann683127_box_n10_t2,box,0.1,2,0.39622436801562333,0.23767750000115484,25.946834500005934,0.7536970376968384,ok,,2026,results/duong/masks/sam_vit_b/ann683127_box_n10_t2.png,cpu,2026-10-05T16:27:09.925484+00:00
sam_vit_b:ann683127_box_n10_t3,setup3,sam_vit_b,419312,683127,ann683127_box_n10_t3,box,0.1,3,0.9156106391867428,0.20528419996844605,25.946834500005934,0.6209719181060791,ok,,2026,results/duong/masks/sam_vit_b/ann683127_box_n10_t3.png,cpu,2026-10-05T16:27:10.640256+00:00
sam_vit_b:ann683127_box_n20_t1,setup3,sam_vit_b,419312,683127,ann683127_box_n20_t1,box,0.2,1,0.5519489526980164,0.21296109998365864,25.946834500005934,0.5113834738731384,ok,,2026,results/duong/masks/sam_vit_b/ann683127_box_n20_t1.png,cpu,2026-10-05T16:27:11.146294+00:00
sam_vit_b:ann683127_box_n20_t2,setup3,sam_vit_b,419312,683127,ann683127_box_n20_t2,box,0.2,2,0.020680384655154586,0.20829209999646991,25.946834500005934,0.8769774436950684,ok,,2026,results/duong/masks/sam_vit_b/ann683127_box_n20_t2.png,cpu,2026-10-05T16:27:11.655317+00:00
sam_vit_b:ann683127_box_n20_t3,setup3,sam_vit_b,419312,683127,ann683127_box_n20_t3,box,0.2,3,0.2746650426309379,0.21418589999666438,25.946834500005934,0.4563116729259491,ok,,2026,results/duong/masks/sam_vit_b/ann683127_box_n20_t3.png,cpu,2026-10-05T16:27:12.191012+00:00
sam_vit_b:ann683127_point_n00_t0,"setup1,setup2",sam_vit_b,419312,683127,ann683127_point_n00_t0,point,0.0,0,0.4407563025210084,0.21733099996345118,25.946834500005934,0.8751804828643799,ok,,2026,results/duong/masks/sam_vit_b/ann683127_point_n00_t0.png,cpu,2026-10-05T16:27:08.641323+00:00
sam_vit_b:ann683127_point_n10_t1,setup3,sam_vit_b,419312,683127,ann683127_point_n10_t1,point,0.1,1,0.44249894943269363,0.22836409998126328,25.946834500005934,0.8464058041572571,ok,,2026,results/duong/masks/sam_vit_b/ann683127_point_n10_t1.png,cpu,2026-10-05T16:27:09.187272+00:00
sam_vit_b:ann683127_point_n10_t2,setup3,sam_vit_b,419312,683127,ann683127_point_n10_t2,point,0.1,2,0.44360375507916494,0.16952640004456043,25.946834500005934,0.8498881459236145,ok,,2026,results/duong/masks/sam_vit_b/ann683127_point_n10_t2.png,cpu,2026-10-05T16:27:09.709183+00:00
sam_vit_b:ann683127_point_n10_t3,setup3,sam_vit_b,419312,683127,ann683127_point_n10_t3,point,0.1,3,0.3988552282563172,0.31328030000440776,25.946834500005934,0.80234295129776,ok,,2026,results/duong/masks/sam_vit_b/ann683127_point_n10_t3.png,cpu,2026-10-05T16:27:10.274811+00:00
sam_vit_b:ann683127_point_n20_t1,setup3,sam_vit_b,419312,683127,ann683127_point_n20_t1,point,0.2,1,0.5081967213114754,0.19947140000294894,25.946834500005934,0.7869303822517395,ok,,2026,results/duong/masks/sam_vit_b/ann683127_point_n20_t1.png,cpu,2026-10-05T16:27:10.908224+00:00
sam_vit_b:ann683127_point_n20_t2,setup3,sam_vit_b,419312,683127,ann683127_point_n20_t2,point,0.2,2,0.4445845593386577,0.20277170004555956,25.946834500005934,0.8466351628303528,ok,,2026,results/duong/masks/sam_vit_b/ann683127_point_n20_t2.png,cpu,2026-10-05T16:27:11.400693+00:00
sam_vit_b:ann683127_point_n20_t3,setup3,sam_vit_b,419312,683127,ann683127_point_n20_t3,point,0.2,3,0.40281847355936934,0.2275472999899648,25.946834500005934,0.8051754832267761,ok,,2026,results/duong/masks/sam_vit_b/ann683127_point_n20_t3.png,cpu,2026-10-05T16:27:11.926574+00:00
