run_id,setup,model,image_id,annotation_id,prompt_id,prompt_type,noise_level,trial,iou,seconds,encode_seconds,predicted_score,status,error,seed,mask_path,device,started_at_utc,iou_clean,iou_drop,F1,F2,failure
mobile_sam:ann100384_box_n00_t0,setup1,mobile_sam,92091,100384,ann100384_box_n00_t0,box,0.0,0,0.8904145270521694,0.4008391000097617,3.826641899999231,0.8212709426879883,ok,,2026,results/masks/mobile_sam/ann100384_box_n00_t0.png,cpu,2026-10-05T06:48:07.426845+00:00,0.8904145270521694,0.0,False,False,False
mobile_sam:ann100384_point_n00_t0,setup1,mobile_sam,92091,100384,ann100384_point_n00_t0,point,0.0,0,0.1316935994930291,0.3322347000066656,3.826641899999231,0.9112608432769777,ok,,2026,results/masks/mobile_sam/ann100384_point_n00_t0.png,cpu,2026-10-05T06:48:07.082994+00:00,0.1316935994930291,0.0,True,False,True
mobile_sam:ann1042325_box_n00_t0,setup1,mobile_sam,474854,1042325,ann1042325_box_n00_t0,box,0.0,0,0.8163771712158809,0.2622066999902017,5.366192399989814,0.8917404413223267,ok,,2026,results/masks/mobile_sam/ann1042325_box_n00_t0.png,cpu,2026-10-05T06:45:33.598897+00:00,0.8163771712158809,0.0,False,False,False
mobile_sam:ann1042325_point_n00_t0,setup1,mobile_sam,474854,1042325,ann1042325_point_n00_t0,point,0.0,0,0.80178671133445,0.38404899998568,5.366192399989814,0.9473155736923218,ok,,2026,results/masks/mobile_sam/ann1042325_point_n00_t0.png,cpu,2026-10-05T06:45:33.200367+00:00,0.80178671133445,0.0,False,False,False
mobile_sam:ann1044692_box_n00_t0,setup1,mobile_sam,352618,1044692,ann1044692_box_n00_t0,box,0.0,0,0.7513345195729537,0.3999131000018678,5.322991199995158,0.9635668992996216,ok,,2026,results/masks/mobile_sam/ann1044692_box_n00_t0.png,cpu,2026-10-05T06:50:10.179207+00:00,0.7513345195729537,0.0,False,False,False
mobile_sam:ann1044692_point_n00_t0,setup1,mobile_sam,352618,1044692,ann1044692_point_n00_t0,point,0.0,0,0.7526292401125759,0.2829056000045966,5.322991199995158,0.9555575847625732,ok,,2026,results/masks/mobile_sam/ann1044692_point_n00_t0.png,cpu,2026-10-05T06:50:09.880821+00:00,0.7526292401125759,0.0,False,False,False
mobile_sam:ann1050658_box_n00_t0,setup1,mobile_sam,402783,1050658,ann1050658_box_n00_t0,box,0.0,0,0.9600024388756784,0.4611967999953776,5.973136599990539,0.9882892370224,ok,,2026,results/masks/mobile_sam/ann1050658_box_n00_t0.png,cpu,2026-10-05T06:50:53.392412+00:00,0.9600024388756784,0.0,False,False,False
mobile_sam:ann1050658_point_n00_t0,setup1,mobile_sam,402783,1050658,ann1050658_point_n00_t0,point,0.0,0,0.3748694957931585,0.5312376999936532,5.973136599990539,0.9103358387947084,ok,,2026,results/masks/mobile_sam/ann1050658_point_n00_t0.png,cpu,2026-10-05T06:50:52.837295+00:00,0.3748694957931585,0.0,True,False,True
mobile_sam:ann1070882_box_n00_t0,setup1,mobile_sam,248400,1070882,ann1070882_box_n00_t0,box,0.0,0,0.8917764989790236,0.2820498000073712,4.7718455999856815,0.9613956212997437,ok,,2026,results/masks/mobile_sam/ann1070882_box_n00_t0.png,cpu,2026-10-05T06:49:14.358980+00:00,0.8917764989790236,0.0,False,False,False
mobile_sam:ann1070882_point_n00_t0,setup1,mobile_sam,248400,1070882,ann1070882_point_n00_t0,point,0.0,0,0.8913729128014842,0.2402814999804832,4.7718455999856815,0.8430885076522827,ok,,2026,results/masks/mobile_sam/ann1070882_point_n00_t0.png,cpu,2026-10-05T06:49:14.070430+00:00,0.8913729128014842,0.0,False,False,False
mobile_sam:ann1152444_box_n00_t0,setup1,mobile_sam,521282,1152444,ann1152444_box_n00_t0,box,0.0,0,0.881188438039045,0.2795196000079158,5.249464799999259,0.9788200855255128,ok,,2026,results/masks/mobile_sam/ann1152444_box_n00_t0.png,cpu,2026-10-05T06:45:39.583078+00:00,0.881188438039045,0.0,False,False,False
mobile_sam:ann1152444_point_n00_t0,setup1,mobile_sam,521282,1152444,ann1152444_point_n00_t0,point,0.0,0,0.6357908825305629,0.3634536999743432,5.249464799999259,0.54771888256073,ok,,2026,results/masks/mobile_sam/ann1152444_point_n00_t0.png,cpu,2026-10-05T06:45:39.204862+00:00,0.6357908825305629,0.0,False,False,False
mobile_sam:ann1152662_box_n00_t0,setup1,mobile_sam,213224,1152662,ann1152662_box_n00_t0,box,0.0,0,0.8970044614404079,0.2903039999946486,5.52845770001295,0.9463538527488708,ok,,2026,results/masks/mobile_sam/ann1152662_box_n00_t0.png,cpu,2026-10-05T06:49:00.453943+00:00,0.8970044614404079,0.0,False,False,False
mobile_sam:ann1152662_point_n00_t0,setup1,mobile_sam,213224,1152662,ann1152662_point_n00_t0,point,0.0,0,0.8677904381534124,0.3539546000247355,5.52845770001295,0.8817591667175293,ok,,2026,results/masks/mobile_sam/ann1152662_point_n00_t0.png,cpu,2026-10-05T06:49:00.047767+00:00,0.8677904381534124,0.0,False,False,False
mobile_sam:ann1161337_box_n00_t0,setup1,mobile_sam,220310,1161337,ann1161337_box_n00_t0,box,0.0,0,0.6621354532677443,0.3338710999814793,5.326993200025754,0.8073460459709167,ok,,2026,results/masks/mobile_sam/ann1161337_box_n00_t0.png,cpu,2026-10-05T06:44:57.756099+00:00,0.6621354532677443,0.0,False,False,False
mobile_sam:ann1161337_point_n00_t0,setup1,mobile_sam,220310,1161337,ann1161337_point_n00_t0,point,0.0,0,0.4549527460770328,0.3797069000138435,5.326993200025754,0.9652734398841858,ok,,2026,results/masks/mobile_sam/ann1161337_point_n00_t0.png,cpu,2026-10-05T06:44:57.365878+00:00,0.4549527460770328,0.0,True,False,True
mobile_sam:ann1216289_box_n00_t0,setup1,mobile_sam,257169,1216289,ann1216289_box_n00_t0,box,0.0,0,0.8261910103956324,0.7494430000078864,9.314007200009655,0.901208519935608,ok,,2026,results/masks/mobile_sam/ann1216289_box_n00_t0.png,cpu,2026-10-05T06:49:24.730859+00:00,0.8261910103956324,0.0,False,False,False
mobile_sam:ann1216289_point_n00_t0,setup1,mobile_sam,257169,1216289,ann1216289_point_n00_t0,point,0.0,0,0.8370530715831903,0.6984877999930177,9.314007200009655,0.929918646812439,ok,,2026,results/masks/mobile_sam/ann1216289_point_n00_t0.png,cpu,2026-10-05T06:49:24.012518+00:00,0.8370530715831903,0.0,False,False,False
mobile_sam:ann1266826_box_n00_t0,setup1,mobile_sam,448410,1266826,ann1266826_box_n00_t0,box,0.0,0,0.4010695187165775,0.2232480999955441,3.57913520000875,0.6821894645690918,ok,,2026,results/masks/mobile_sam/ann1266826_box_n00_t0.png,cpu,2026-10-05T06:51:14.780123+00:00,0.4010695187165775,0.0,True,False,True
mobile_sam:ann1266826_point_n00_t0,setup1,mobile_sam,448410,1266826,ann1266826_point_n00_t0,point,0.0,0,0.2231793265465936,0.2452952000021468,3.57913520000875,0.752282977104187,ok,,2026,results/masks/mobile_sam/ann1266826_point_n00_t0.png,cpu,2026-10-05T06:51:14.485214+00:00,0.2231793265465936,0.0,True,False,True
mobile_sam:ann1372916_box_n00_t0,setup1,mobile_sam,124277,1372916,ann1372916_box_n00_t0,box,0.0,0,0.9176029962546816,0.3023532000079285,3.8547753000166263,0.9075785875320436,ok,,2026,results/masks/mobile_sam/ann1372916_box_n00_t0.png,cpu,2026-10-05T06:48:27.017805+00:00,0.9176029962546816,0.0,False,False,False
mobile_sam:ann1372916_point_n00_t0,setup1,mobile_sam,124277,1372916,ann1372916_point_n00_t0,point,0.0,0,0.8830188679245283,0.3132508000126108,3.8547753000166263,0.8076794743537903,ok,,2026,results/masks/mobile_sam/ann1372916_point_n00_t0.png,cpu,2026-10-05T06:48:26.655630+00:00,0.8830188679245283,0.0,False,False,False
mobile_sam:ann141868_box_n00_t0,setup1,mobile_sam,382111,141868,ann141868_box_n00_t0,box,0.0,0,0.3005181347150259,0.420509999996284,7.559821699978784,0.8530012369155884,ok,,2026,results/masks/mobile_sam/ann141868_box_n00_t0.png,cpu,2026-10-05T06:50:40.073942+00:00,0.3005181347150259,0.0,True,False,True
mobile_sam:ann141868_point_n00_t0,setup1,mobile_sam,382111,141868,ann141868_point_n00_t0,point,0.0,0,0.3911174785100286,0.3452335000038147,7.559821699978784,0.7208362817764282,ok,,2026,results/masks/mobile_sam/ann141868_point_n00_t0.png,cpu,2026-10-05T06:50:39.707364+00:00,0.3911174785100286,0.0,True,False,True
mobile_sam:ann1444448_box_n00_t0,setup1,mobile_sam,329080,1444448,ann1444448_box_n00_t0,box,0.0,0,0.9429477020602218,0.4061622999724932,5.2597952999931294,0.9377607703208924,ok,,2026,results/masks/mobile_sam/ann1444448_box_n00_t0.png,cpu,2026-10-05T06:49:49.910357+00:00,0.9429477020602218,0.0,False,False,False
mobile_sam:ann1444448_point_n00_t0,setup1,mobile_sam,329080,1444448,ann1444448_point_n00_t0,point,0.0,0,0.8853503184713376,0.4026133000152185,5.2597952999931294,0.8083655834197998,ok,,2026,results/masks/mobile_sam/ann1444448_point_n00_t0.png,cpu,2026-10-05T06:49:49.490464+00:00,0.8853503184713376,0.0,False,False,False
mobile_sam:ann1445867_box_n00_t0,setup1,mobile_sam,360097,1445867,ann1445867_box_n00_t0,box,0.0,0,0.8672438672438673,0.4018287999788299,5.0355296000198,0.962994396686554,ok,,2026,results/masks/mobile_sam/ann1445867_box_n00_t0.png,cpu,2026-10-05T06:50:25.776985+00:00,0.8672438672438673,0.0,False,False,False
mobile_sam:ann1445867_point_n00_t0,setup1,mobile_sam,360097,1445867,ann1445867_point_n00_t0,point,0.0,0,0.6287164612037709,0.4085557000071276,5.0355296000198,0.4994063973426819,ok,,2026,results/masks/mobile_sam/ann1445867_point_n00_t0.png,cpu,2026-10-05T06:50:25.352294+00:00,0.6287164612037709,0.0,False,False,False
mobile_sam:ann144786_box_n00_t0,setup1,mobile_sam,260925,144786,ann144786_box_n00_t0,box,0.0,0,0.8768312656488262,0.5876135000144131,8.214911099988967,0.9750134944915771,ok,,2026,results/masks/mobile_sam/ann144786_box_n00_t0.png,cpu,2026-10-05T06:45:07.028807+00:00,0.8768312656488262,0.0,False,False,False
mobile_sam:ann144786_point_n00_t0,setup1,mobile_sam,260925,144786,ann144786_point_n00_t0,point,0.0,0,0.0071214279220582,0.6434325999871362,8.214911099988967,0.6347865462303162,ok,,2026,results/masks/mobile_sam/ann144786_point_n00_t0.png,cpu,2026-10-05T06:45:06.364440+00:00,0.0071214279220582,0.0,True,False,True
mobile_sam:ann1505901_box_n00_t0,setup1,mobile_sam,356432,1505901,ann1505901_box_n00_t0,box,0.0,0,0.7150837988826816,0.2752368000219576,8.884260499995435,0.927459716796875,ok,,2026,results/masks/mobile_sam/ann1505901_box_n00_t0.png,cpu,2026-10-05T06:50:19.981727+00:00,0.7150837988826816,0.0,False,False,False
mobile_sam:ann1505901_point_n00_t0,setup1,mobile_sam,356432,1505901,ann1505901_point_n00_t0,point,0.0,0,0.7043010752688172,0.4380521999846678,8.884260499995435,0.8167786002159119,ok,,2026,results/masks/mobile_sam/ann1505901_point_n00_t0.png,cpu,2026-10-05T06:50:19.533128+00:00,0.7043010752688172,0.0,False,False,False
mobile_sam:ann1538400_box_n00_t0,setup1,mobile_sam,84664,1538400,ann1538400_box_n00_t0,box,0.0,0,0.5348938450204272,0.2886657000053674,3.519207799981814,0.9316290616989136,ok,,2026,results/masks/mobile_sam/ann1538400_box_n00_t0.png,cpu,2026-10-05T06:47:58.224105+00:00,0.5348938450204272,0.0,False,False,False
mobile_sam:ann1538400_point_n00_t0,setup1,mobile_sam,84664,1538400,ann1538400_point_n00_t0,point,0.0,0,0.3986314826733512,0.4717876999930013,3.519207799981814,0.9621356725692748,ok,,2026,results/masks/mobile_sam/ann1538400_point_n00_t0.png,cpu,2026-10-05T06:47:57.739698+00:00,0.3986314826733512,0.0,True,False,True
mobile_sam:ann170892_box_n00_t0,setup1,mobile_sam,151857,170892,ann170892_box_n00_t0,box,0.0,0,0.8733027930103281,1.192822700017132,6.27085430000443,0.9630903005599976,ok,,2026,results/masks/mobile_sam/ann170892_box_n00_t0.png,cpu,2026-10-05T06:48:43.053723+00:00,0.8733027930103281,0.0,False,False,False
mobile_sam:ann170892_point_n00_t0,setup1,mobile_sam,151857,170892,ann170892_point_n00_t0,point,0.0,0,0.7414662214730291,0.324716700008139,6.27085430000443,0.7794047594070435,ok,,2026,results/masks/mobile_sam/ann170892_point_n00_t0.png,cpu,2026-10-05T06:48:42.711202+00:00,0.7414662214730291,0.0,False,False,False
mobile_sam:ann1727101_box_n00_t0,setup1,mobile_sam,465822,1727101,ann1727101_box_n00_t0,box,0.0,0,0.8601823708206687,0.2988232999923639,3.5796863999858037,0.7839022874832153,ok,,2026,results/masks/mobile_sam/ann1727101_box_n00_t0.png,cpu,2026-10-05T06:51:27.449146+00:00,0.8601823708206687,0.0,False,False,False
mobile_sam:ann1727101_point_n00_t0,setup1,mobile_sam,465822,1727101,ann1727101_point_n00_t0,point,0.0,0,0.5095676824946846,0.2840571000124328,3.5796863999858037,0.7599736452102661,ok,,2026,results/masks/mobile_sam/ann1727101_point_n00_t0.png,cpu,2026-10-05T06:51:27.148334+00:00,0.5095676824946846,0.0,False,False,False
mobile_sam:ann173475_box_n00_t0,setup1,mobile_sam,519338,173475,ann173475_box_n00_t0,box,0.0,0,0.8282611326234269,0.431068600009894,3.844482799991965,0.924992561340332,ok,,2026,results/masks/mobile_sam/ann173475_box_n00_t0.png,cpu,2026-10-05T06:51:38.178246+00:00,0.8282611326234269,0.0,False,False,False
mobile_sam:ann173475_point_n00_t0,setup1,mobile_sam,519338,173475,ann173475_point_n00_t0,point,0.0,0,0.0072937452693869,0.4726012999890372,3.844482799991965,0.7297510504722595,ok,,2026,results/masks/mobile_sam/ann173475_point_n00_t0.png,cpu,2026-10-05T06:51:37.647838+00:00,0.0072937452693869,0.0,True,False,True
mobile_sam:ann174678_box_n00_t0,setup1,mobile_sam,217400,174678,ann174678_box_n00_t0,box,0.0,0,0.934826929539599,0.3062654999957885,3.74944789998699,0.9705392718315125,ok,,2026,results/masks/mobile_sam/ann174678_box_n00_t0.png,cpu,2026-10-05T06:49:04.799542+00:00,0.934826929539599,0.0,False,False,False
mobile_sam:ann174678_point_n00_t0,setup1,mobile_sam,217400,174678,ann174678_point_n00_t0,point,0.0,0,0.7681606197138566,0.2669944000081159,3.74944789998699,0.6497820615768433,ok,,2026,results/masks/mobile_sam/ann174678_point_n00_t0.png,cpu,2026-10-05T06:49:04.519729+00:00,0.7681606197138566,0.0,False,False,False
mobile_sam:ann1798918_box_n00_t0,setup1,mobile_sam,174004,1798918,ann1798918_box_n00_t0,box,0.0,0,0.8231730161958488,0.6241265999851748,8.998911300004693,0.958869218826294,ok,,2026,results/masks/mobile_sam/ann1798918_box_n00_t0.png,cpu,2026-10-05T06:48:53.860976+00:00,0.8231730161958488,0.0,False,False,False
mobile_sam:ann1798918_point_n00_t0,setup1,mobile_sam,174004,1798918,ann1798918_point_n00_t0,point,0.0,0,0.0925401118498324,0.4659488000033889,8.998911300004693,0.9248083233833312,ok,,2026,results/masks/mobile_sam/ann1798918_point_n00_t0.png,cpu,2026-10-05T06:48:53.379105+00:00,0.0925401118498324,0.0,True,False,True
mobile_sam:ann1825525_box_n00_t0,setup1,mobile_sam,94944,1825525,ann1825525_box_n00_t0,box,0.0,0,0.2022867194371152,0.2588131999946199,5.1688377000100445,0.5170096158981323,ok,,2026,results/masks/mobile_sam/ann1825525_box_n00_t0.png,cpu,2026-10-05T06:48:18.225814+00:00,0.2022867194371152,0.0,True,False,True
mobile_sam:ann1825525_point_n00_t0,setup1,mobile_sam,94944,1825525,ann1825525_point_n00_t0,point,0.0,0,0.1516883116883116,0.5201206000056118,5.1688377000100445,0.8341751098632812,ok,,2026,results/masks/mobile_sam/ann1825525_point_n00_t0.png,cpu,2026-10-05T06:48:17.660355+00:00,0.1516883116883116,0.0,True,False,True
mobile_sam:ann1880859_box_n00_t0,setup1,mobile_sam,144798,1880859,ann1880859_box_n00_t0,box,0.0,0,0.9231863442389758,0.5268829000124242,3.7686844000127167,0.985779583454132,ok,,2026,results/masks/mobile_sam/ann1880859_box_n00_t0.png,cpu,2026-10-05T06:48:35.878315+00:00,0.9231863442389758,0.0,False,False,False
mobile_sam:ann1880859_point_n00_t0,setup1,mobile_sam,144798,1880859,ann1880859_point_n00_t0,point,0.0,0,0.5014295925661186,0.4642406999773811,3.7686844000127167,0.7316299676895142,ok,,2026,results/masks/mobile_sam/ann1880859_point_n00_t0.png,cpu,2026-10-05T06:48:35.360164+00:00,0.5014295925661186,0.0,False,False,False
mobile_sam:ann1902534_box_n00_t0,setup1,mobile_sam,465806,1902534,ann1902534_box_n00_t0,box,0.0,0,0.9122049221496736,0.2370327999815344,3.6550616000022274,0.9947030544281006,ok,,2026,results/masks/mobile_sam/ann1902534_box_n00_t0.png,cpu,2026-10-05T06:51:23.314373+00:00,0.9122049221496736,0.0,False,False,False
mobile_sam:ann1902534_point_n00_t0,setup1,mobile_sam,465806,1902534,ann1902534_point_n00_t0,point,0.0,0,0.912393376818866,0.2555534999992233,3.6550616000022274,0.8869633674621582,ok,,2026,results/masks/mobile_sam/ann1902534_point_n00_t0.png,cpu,2026-10-05T06:51:23.011546+00:00,0.912393376818866,0.0,False,False,False
mobile_sam:ann206430_box_n00_t0,setup1,mobile_sam,455085,206430,ann206430_box_n00_t0,box,0.0,0,0.7752394988946205,0.2173789999797009,4.95744990001549,0.9148831367492676,ok,,2026,results/masks/mobile_sam/ann206430_box_n00_t0.png,cpu,2026-10-05T06:45:27.548876+00:00,0.7752394988946205,0.0,False,False,False
mobile_sam:ann206430_point_n00_t0,setup1,mobile_sam,455085,206430,ann206430_point_n00_t0,point,0.0,0,0.171789670775472,0.3392616999917663,4.95744990001549,0.9024957418441772,ok,,2026,results/masks/mobile_sam/ann206430_point_n00_t0.png,cpu,2026-10-05T06:45:27.201945+00:00,0.171789670775472,0.0,True,False,True
mobile_sam:ann2132347_box_n00_t0,setup1,mobile_sam,389381,2132347,ann2132347_box_n00_t0,box,0.0,0,0.5040132669983416,0.2536746999830939,5.246020999999018,0.9853522181510924,ok,,2026,results/masks/mobile_sam/ann2132347_box_n00_t0.png,cpu,2026-10-05T06:50:46.582547+00:00,0.5040132669983416,0.0,False,False,False
mobile_sam:ann2132347_point_n00_t0,setup1,mobile_sam,389381,2132347,ann2132347_point_n00_t0,point,0.0,0,0.0160411460590124,0.7541301999881398,5.246020999999018,0.4889069199562073,ok,,2026,results/masks/mobile_sam/ann2132347_point_n00_t0.png,cpu,2026-10-05T06:50:45.777637+00:00,0.0160411460590124,0.0,True,False,True
mobile_sam:ann2191728_box_n00_t0,setup1,mobile_sam,67310,2191728,ann2191728_box_n00_t0,box,0.0,0,0.6617398648648649,0.2781162000028416,3.7027716000156943,0.7196940183639526,ok,,2026,results/masks/mobile_sam/ann2191728_box_n00_t0.png,cpu,2026-10-05T06:47:53.909405+00:00,0.6617398648648649,0.0,False,False,False
mobile_sam:ann2191728_point_n00_t0,setup1,mobile_sam,67310,2191728,ann2191728_point_n00_t0,point,0.0,0,0.2111622554660529,0.2464772000093944,3.7027716000156943,0.7519786357879639,ok,,2026,results/masks/mobile_sam/ann2191728_point_n00_t0.png,cpu,2026-10-05T06:47:53.654319+00:00,0.2111622554660529,0.0,True,False,True
mobile_sam:ann2194765_box_n00_t0,setup1,mobile_sam,348045,2194765,ann2194765_box_n00_t0,box,0.0,0,0.9348513598987982,0.7203812999941874,6.863412400009111,0.9889386296272278,ok,,2026,results/masks/mobile_sam/ann2194765_box_n00_t0.png,cpu,2026-10-05T06:50:03.745607+00:00,0.9348513598987982,0.0,False,False,False
mobile_sam:ann2194765_point_n00_t0,setup1,mobile_sam,348045,2194765,ann2194765_point_n00_t0,point,0.0,0,0.9242783594608666,0.4600592000060715,6.863412400009111,0.797241747379303,ok,,2026,results/masks/mobile_sam/ann2194765_point_n00_t0.png,cpu,2026-10-05T06:50:03.265608+00:00,0.9242783594608666,0.0,False,False,False
mobile_sam:ann2215064_box_n00_t0,setup1,mobile_sam,313034,2215064,ann2215064_box_n00_t0,box,0.0,0,0.8059701492537313,0.4190306999953463,6.212715000001481,0.9404113292694092,ok,,2026,results/masks/mobile_sam/ann2215064_box_n00_t0.png,cpu,2026-10-05T06:49:43.774203+00:00,0.8059701492537313,0.0,False,False,False
mobile_sam:ann2215064_point_n00_t0,setup1,mobile_sam,313034,2215064,ann2215064_point_n00_t0,point,0.0,0,0.7534246575342466,0.3704566000087652,6.212715000001481,0.9301936626434326,ok,,2026,results/masks/mobile_sam/ann2215064_point_n00_t0.png,cpu,2026-10-05T06:49:43.380311+00:00,0.7534246575342466,0.0,False,False,False
mobile_sam:ann2227685_box_n00_t0,setup1,mobile_sam,222455,2227685,ann2227685_box_n00_t0,box,0.0,0,0.8648464396495893,0.232693099998869,3.586173600022448,0.9463301301002502,ok,,2026,results/masks/mobile_sam/ann2227685_box_n00_t0.png,cpu,2026-10-05T06:49:09.041286+00:00,0.8648464396495893,0.0,False,False,False
mobile_sam:ann2227685_point_n00_t0,setup1,mobile_sam,222455,2227685,ann2227685_point_n00_t0,point,0.0,0,0.0853255955760213,0.2768470000009984,3.586173600022448,0.6133837699890137,ok,,2026,results/masks/mobile_sam/ann2227685_point_n00_t0.png,cpu,2026-10-05T06:49:08.751433+00:00,0.0853255955760213,0.0,True,False,True
mobile_sam:ann332298_box_n00_t0,setup1,mobile_sam,404191,332298,ann332298_box_n00_t0,box,0.0,0,0.9696890576786138,0.3657939999829978,5.238962600007653,0.987393856048584,ok,,2026,results/masks/mobile_sam/ann332298_box_n00_t0.png,cpu,2026-10-05T06:50:59.667658+00:00,0.9696890576786138,0.0,False,False,False
mobile_sam:ann332298_point_n00_t0,setup1,mobile_sam,404191,332298,ann332298_point_n00_t0,point,0.0,0,0.874610255672279,0.5161612000083551,5.238962600007653,0.8124088048934937,ok,,2026,results/masks/mobile_sam/ann332298_point_n00_t0.png,cpu,2026-10-05T06:50:59.133356+00:00,0.874610255672279,0.0,False,False,False
mobile_sam:ann339546_box_n00_t0,setup1,mobile_sam,541952,339546,ann339546_box_n00_t0,box,0.0,0,0.9537057645225908,0.2813337999978103,5.241620499989949,0.966914176940918,ok,,2026,results/masks/mobile_sam/ann339546_box_n00_t0.png,cpu,2026-10-05T06:51:44.204716+00:00,0.9537057645225908,0.0,False,False,False
mobile_sam:ann339546_point_n00_t0,setup1,mobile_sam,541952,339546,ann339546_point_n00_t0,point,0.0,0,0.0375650599683186,0.283563500008313,5.241620499989949,0.655657172203064,ok,,2026,results/masks/mobile_sam/ann339546_point_n00_t0.png,cpu,2026-10-05T06:51:43.905029+00:00,0.0375650599683186,0.0,True,False,True
mobile_sam:ann341957_box_n00_t0,setup1,mobile_sam,311394,341957,ann341957_box_n00_t0,box,0.0,0,0.8213727023856081,0.568613200011896,10.4659066000022,0.9628524780273438,ok,,2026,results/masks/mobile_sam/ann341957_box_n00_t0.png,cpu,2026-10-05T06:49:36.559443+00:00,0.8213727023856081,0.0,False,False,False
mobile_sam:ann341957_point_n00_t0,setup1,mobile_sam,311394,341957,ann341957_point_n00_t0,point,0.0,0,0.1277356902356902,0.5465589999803342,10.4659066000022,0.6960062980651855,ok,,2026,results/masks/mobile_sam/ann341957_point_n00_t0.png,cpu,2026-10-05T06:49:35.996116+00:00,0.1277356902356902,0.0,True,False,True
mobile_sam:ann36588_box_n00_t0,setup1,mobile_sam,337987,36588,ann36588_box_n00_t0,box,0.0,0,0.9579208718924322,0.3048846999881789,5.327273699978832,0.955351948738098,ok,,2026,results/masks/mobile_sam/ann36588_box_n00_t0.png,cpu,2026-10-05T06:49:56.060879+00:00,0.9579208718924322,0.0,False,False,False
mobile_sam:ann36588_point_n00_t0,setup1,mobile_sam,337987,36588,ann36588_point_n00_t0,point,0.0,0,0.7076784839078581,0.3333904999890364,5.327273699978832,0.9642759561538696,ok,,2026,results/masks/mobile_sam/ann36588_point_n00_t0.png,cpu,2026-10-05T06:49:55.713085+00:00,0.7076784839078581,0.0,False,False,False
mobile_sam:ann37495_box_n00_t0,setup1,mobile_sam,32811,37495,ann37495_box_n00_t0,box,0.0,0,0.8715867158671586,0.2218971000111196,5.846654399996623,0.9298326969146729,ok,,2026,results/masks/mobile_sam/ann37495_box_n00_t0.png,cpu,2026-10-05T06:44:38.766087+00:00,0.8715867158671586,0.0,False,False,False
mobile_sam:ann37495_point_n00_t0,setup1,mobile_sam,32811,37495,ann37495_point_n00_t0,point,0.0,0,0.8738938053097345,0.3168859999859705,5.846654399996623,0.952807366847992,ok,,2026,results/masks/mobile_sam/ann37495_point_n00_t0.png,cpu,2026-10-05T06:44:38.296097+00:00,0.8738938053097345,0.0,False,False,False
mobile_sam:ann451372_box_n00_t0,setup1,mobile_sam,109992,451372,ann451372_box_n00_t0,box,0.0,0,0.925925925925926,0.2507406000222545,3.758078600018053,0.95453143119812,ok,,2026,results/masks/mobile_sam/ann451372_box_n00_t0.png,cpu,2026-10-05T06:48:22.522865+00:00,0.925925925925926,0.0,False,False,False
mobile_sam:ann451372_point_n00_t0,setup1,mobile_sam,109992,451372,ann451372_point_n00_t0,point,0.0,0,0.6243768693918246,0.2539441999979317,3.758078600018053,0.8273667097091675,ok,,2026,results/masks/mobile_sam/ann451372_point_n00_t0.png,cpu,2026-10-05T06:48:22.260763+00:00,0.6243768693918246,0.0,False,False,False
mobile_sam:ann474954_box_n00_t0,setup1,mobile_sam,455555,474954,ann474954_box_n00_t0,box,0.0,0,0.9144809786066124,0.2783494000032078,3.7436431999958586,0.9427472352981568,ok,,2026,results/masks/mobile_sam/ann474954_box_n00_t0.png,cpu,2026-10-05T06:51:19.054730+00:00,0.9144809786066124,0.0,False,False,False
mobile_sam:ann474954_point_n00_t0,setup1,mobile_sam,455555,474954,ann474954_point_n00_t0,point,0.0,0,0.0085550614306173,0.2655563000007532,3.7436431999958586,0.8469268083572388,ok,,2026,results/masks/mobile_sam/ann474954_point_n00_t0.png,cpu,2026-10-05T06:51:18.771481+00:00,0.0085550614306173,0.0,True,False,True
mobile_sam:ann48965_box_n00_t0,setup1,mobile_sam,405306,48965,ann48965_box_n00_t0,box,0.0,0,0.9038163930801968,0.2763428000034764,6.066740000009304,0.4750346541404724,ok,,2026,results/masks/mobile_sam/ann48965_box_n00_t0.png,cpu,2026-10-05T06:51:06.456924+00:00,0.9038163930801968,0.0,False,False,False
mobile_sam:ann48965_point_n00_t0,setup1,mobile_sam,405306,48965,ann48965_point_n00_t0,point,0.0,0,0.4628205216647466,0.3072374000039417,6.066740000009304,0.9857960939407348,ok,,2026,results/masks/mobile_sam/ann48965_point_n00_t0.png,cpu,2026-10-05T06:51:06.131895+00:00,0.4628205216647466,0.0,True,False,True
mobile_sam:ann506923_box_n00_t0,setup1,mobile_sam,378284,506923,ann506923_box_n00_t0,box,0.0,0,0.7394103257370929,0.3581025999737903,6.931267100007972,0.8871641159057617,ok,,2026,results/masks/mobile_sam/ann506923_box_n00_t0.png,cpu,2026-10-05T06:45:21.857073+00:00,0.7394103257370929,0.0,False,False,False
mobile_sam:ann506923_point_n00_t0,setup1,mobile_sam,378284,506923,ann506923_point_n00_t0,point,0.0,0,0.8286423132859954,0.7830278000037652,6.931267100007972,0.8873374462127686,ok,,2026,results/masks/mobile_sam/ann506923_point_n00_t0.png,cpu,2026-10-05T06:45:21.062892+00:00,0.8286423132859954,0.0,False,False,False
mobile_sam:ann518621_box_n00_t0,setup1,mobile_sam,91495,518621,ann518621_box_n00_t0,box,0.0,0,0.9488488419898587,0.2613131000252906,4.166848599998048,0.9880879521369934,ok,,2026,results/masks/mobile_sam/ann518621_box_n00_t0.png,cpu,2026-10-05T06:48:02.965651+00:00,0.9488488419898587,0.0,False,False,False
mobile_sam:ann518621_point_n00_t0,setup1,mobile_sam,91495,518621,ann518621_point_n00_t0,point,0.0,0,0.0074110326504929,0.2485335000092163,4.166848599998048,0.6972663998603821,ok,,2026,results/masks/mobile_sam/ann518621_point_n00_t0.png,cpu,2026-10-05T06:48:02.704677+00:00,0.0074110326504929,0.0,True,False,True
mobile_sam:ann585805_box_n00_t0,setup1,mobile_sam,474170,585805,ann585805_box_n00_t0,box,0.0,0,0.4367771280051982,0.627835099992808,4.933766100002686,0.7148057222366333,ok,,2026,results/masks/mobile_sam/ann585805_box_n00_t0.png,cpu,2026-10-05T06:51:33.126237+00:00,0.4367771280051982,0.0,True,False,True
mobile_sam:ann585805_point_n00_t0,setup1,mobile_sam,474170,585805,ann585805_point_n00_t0,point,0.0,0,0.3158026546456298,0.3633970000082627,4.933766100002686,0.9117318391799928,ok,,2026,results/masks/mobile_sam/ann585805_point_n00_t0.png,cpu,2026-10-05T06:51:32.709335+00:00,0.3158026546456298,0.0,True,False,True
mobile_sam:ann592288_box_n00_t0,setup1,mobile_sam,93965,592288,ann592288_box_n00_t0,box,0.0,0,0.9059210417596218,0.2390508000098634,4.007294099981664,0.9936161041259766,ok,,2026,results/masks/mobile_sam/ann592288_box_n00_t0.png,cpu,2026-10-05T06:48:12.231243+00:00,0.9059210417596218,0.0,False,False,False
mobile_sam:ann592288_point_n00_t0,setup1,mobile_sam,93965,592288,ann592288_point_n00_t0,point,0.0,0,0.9054009387188472,0.3159770999918692,4.007294099981664,0.9480547904968262,ok,,2026,results/masks/mobile_sam/ann592288_point_n00_t0.png,cpu,2026-10-05T06:48:11.901584+00:00,0.9054009387188472,0.0,False,False,False
mobile_sam:ann595505_box_n00_t0,setup1,mobile_sam,134689,595505,ann595505_box_n00_t0,box,0.0,0,0.8574827854871655,0.3642089999921154,5.016064000024926,0.952900767326355,ok,,2026,results/masks/mobile_sam/ann595505_box_n00_t0.png,cpu,2026-10-05T06:44:51.613313+00:00,0.8574827854871655,0.0,False,False,False
mobile_sam:ann595505_point_n00_t0,setup1,mobile_sam,134689,595505,ann595505_point_n00_t0,point,0.0,0,0.8528061009522204,0.3648325999965891,5.016064000024926,0.9831929802894592,ok,,2026,results/masks/mobile_sam/ann595505_point_n00_t0.png,cpu,2026-10-05T06:44:51.197382+00:00,0.8528061009522204,0.0,False,False,False
mobile_sam:ann601827_box_n00_t0,setup1,mobile_sam,128654,601827,ann601827_box_n00_t0,box,0.0,0,0.9255129348795718,0.3417818000016268,3.575464900000952,0.9807172417640686,ok,,2026,results/masks/mobile_sam/ann601827_box_n00_t0.png,cpu,2026-10-05T06:48:31.218873+00:00,0.9255129348795718,0.0,False,False,False
mobile_sam:ann601827_point_n00_t0,setup1,mobile_sam,128654,601827,ann601827_point_n00_t0,point,0.0,0,0.9240393208221628,0.2926354999945033,3.575464900000952,0.7402044534683228,ok,,2026,results/masks/mobile_sam/ann601827_point_n00_t0.png,cpu,2026-10-05T06:48:30.916302+00:00,0.9240393208221628,0.0,False,False,False
mobile_sam:ann613127_box_n00_t0,setup1,mobile_sam,54592,613127,ann613127_box_n00_t0,box,0.0,0,0.6947199142321093,0.4569114000187255,6.191046599997208,0.9288325309753418,ok,,2026,results/masks/mobile_sam/ann613127_box_n00_t0.png,cpu,2026-10-05T06:44:45.663507+00:00,0.6947199142321093,0.0,False,False,False
mobile_sam:ann613127_point_n00_t0,setup1,mobile_sam,54592,613127,ann613127_point_n00_t0,point,0.0,0,0.6826769558275678,0.449365399981616,6.191046599997208,0.9233206510543824,ok,,2026,results/masks/mobile_sam/ann613127_point_n00_t0.png,cpu,2026-10-05T06:44:45.197132+00:00,0.6826769558275678,0.0,False,False,False
mobile_sam:ann648400_box_n00_t0,setup1,mobile_sam,32570,648400,ann648400_box_n00_t0,box,0.0,0,0.6448758207250928,0.4893128999974578,3.242268799978774,0.8572126626968384,ok,,2026,results/masks/mobile_sam/ann648400_box_n00_t0.png,cpu,2026-10-05T06:47:49.437444+00:00,0.6448758207250928,0.0,False,False,False
mobile_sam:ann648400_point_n00_t0,setup1,mobile_sam,32570,648400,ann648400_point_n00_t0,point,0.0,0,0.583679525222552,0.2979644000006374,3.242268799978774,0.7998015880584717,ok,,2026,results/masks/mobile_sam/ann648400_point_n00_t0.png,cpu,2026-10-05T06:47:49.083731+00:00,0.583679525222552,0.0,False,False,False
mobile_sam:ann657044_box_n00_t0,setup1,mobile_sam,361147,657044,ann657044_box_n00_t0,box,0.0,0,0.884941724941725,0.3211178999918047,5.141636099986499,0.8874561190605164,ok,,2026,results/masks/mobile_sam/ann657044_box_n00_t0.png,cpu,2026-10-05T06:50:31.762033+00:00,0.884941724941725,0.0,False,False,False
mobile_sam:ann657044_point_n00_t0,setup1,mobile_sam,361147,657044,ann657044_point_n00_t0,point,0.0,0,0.8450956937799043,0.4002509000129066,5.141636099986499,0.9410958886146544,ok,,2026,results/masks/mobile_sam/ann657044_point_n00_t0.png,cpu,2026-10-05T06:50:31.347437+00:00,0.8450956937799043,0.0,False,False,False
mobile_sam:ann658626_box_n00_t0,setup1,mobile_sam,261732,658626,ann658626_box_n00_t0,box,0.0,0,0.8262096774193548,0.3694131000083871,5.665247299999464,0.8168442845344543,ok,,2026,results/masks/mobile_sam/ann658626_box_n00_t0.png,cpu,2026-10-05T06:45:13.694094+00:00,0.8262096774193548,0.0,False,False,False
mobile_sam:ann658626_point_n00_t0,setup1,mobile_sam,261732,658626,ann658626_point_n00_t0,point,0.0,0,0.6213301378070701,0.3564297000120859,5.665247299999464,0.9563482999801636,ok,,2026,results/masks/mobile_sam/ann658626_point_n00_t0.png,cpu,2026-10-05T06:45:13.327162+00:00,0.6213301378070701,0.0,False,False,False
mobile_sam:ann683127_box_n00_t0,setup1,mobile_sam,419312,683127,ann683127_box_n00_t0,box,0.0,0,0.9102457884562276,0.2515848000184633,3.579663500015158,0.9558085203170776,ok,,2026,results/masks/mobile_sam/ann683127_box_n00_t0.png,cpu,2026-10-05T06:51:10.597810+00:00,0.9102457884562276,0.0,False,False,False
mobile_sam:ann683127_point_n00_t0,setup1,mobile_sam,419312,683127,ann683127_point_n00_t0,point,0.0,0,0.910233393177738,0.2438550999795552,3.579663500015158,0.8821642398834229,ok,,2026,results/masks/mobile_sam/ann683127_point_n00_t0.png,cpu,2026-10-05T06:51:10.343081+00:00,0.910233393177738,0.0,False,False,False
sam_vit_b:ann100384_box_n00_t0,"setup1,setup2",sam_vit_b,92091,100384,ann100384_box_n00_t0,box,0.0,0,0.4285491541280112,0.2467383000184781,39.92544940000517,0.6596161723136902,ok,,2026,results/masks/sam_vit_b/ann100384_box_n00_t0.png,cpu,2026-10-05T06:59:18.965032+00:00,0.4285491541280112,0.0,True,False,True
sam_vit_b:ann100384_box_n10_t1,setup3,sam_vit_b,92091,100384,ann100384_box_n10_t1,box,0.1,1,0.1909291860740506,0.2627898999780882,39.92544940000517,0.6230267286300659,ok,,2026,results/masks/sam_vit_b/ann100384_box_n10_t1.png,cpu,2026-10-05T06:59:19.519854+00:00,0.4285491541280112,0.2376199680539606,True,True,True
sam_vit_b:ann100384_box_n10_t2,setup3,sam_vit_b,92091,100384,ann100384_box_n10_t2,box,0.1,2,0.0282787150151897,0.3674370000080671,39.92544940000517,0.756338357925415,ok,,2026,results/masks/sam_vit_b/ann100384_box_n10_t2.png,cpu,2026-10-05T06:59:20.073175+00:00,0.4285491541280112,0.4002704391128215,True,True,True
sam_vit_b:ann100384_box_n10_t3,setup3,sam_vit_b,92091,100384,ann100384_box_n10_t3,box,0.1,3,0.2069127674582647,0.2932627999980468,39.92544940000517,0.7424006462097168,ok,,2026,results/masks/sam_vit_b/ann100384_box_n10_t3.png,cpu,2026-10-05T06:59:20.819221+00:00,0.4285491541280112,0.2216363866697465,True,True,True
sam_vit_b:ann100384_box_n20_t1,setup3,sam_vit_b,92091,100384,ann100384_box_n20_t1,box,0.2,1,0.0480960676953708,0.3035087999887764,39.92544940000517,0.7608571648597717,ok,,2026,results/masks/sam_vit_b/ann100384_box_n20_t1.png,cpu,2026-10-05T06:59:22.055248+00:00,0.4285491541280112,0.3804530864326404,True,True,True
sam_vit_b:ann100384_box_n20_t2,setup3,sam_vit_b,92091,100384,ann100384_box_n20_t2,box,0.2,2,0.0052860404741797,0.3627877999970224,39.92544940000517,0.6240742206573486,ok,,2026,results/masks/sam_vit_b/ann100384_box_n20_t2.png,cpu,2026-10-05T06:59:22.693729+00:00,0.4285491541280112,0.4232631136538315,True,True,True
sam_vit_b:ann100384_box_n20_t3,setup3,sam_vit_b,92091,100384,ann100384_box_n20_t3,box,0.2,3,0.0513533628422578,0.2385322999907657,39.92544940000517,0.7063347101211548,ok,,2026,results/masks/sam_vit_b/ann100384_box_n20_t3.png,cpu,2026-10-05T06:59:23.352839+00:00,0.4285491541280112,0.3771957912857534,True,True,True
sam_vit_b:ann100384_point_n00_t0,"setup1,setup2",sam_vit_b,92091,100384,ann100384_point_n00_t0,point,0.0,0,0.1324914891932546,0.2927232000220101,39.92544940000517,0.8299280405044556,ok,,2026,results/masks/sam_vit_b/ann100384_point_n00_t0.png,cpu,2026-10-05T06:59:18.615341+00:00,0.1324914891932546,0.0,True,False,True
sam_vit_b:ann100384_point_n10_t1,setup3,sam_vit_b,92091,100384,ann100384_point_n10_t1,point,0.1,1,0.0507521773555027,0.2594386999844573,39.92544940000517,0.8171530961990356,ok,,2026,results/masks/sam_vit_b/ann100384_point_n10_t1.png,cpu,2026-10-05T06:59:19.240330+00:00,0.1324914891932546,0.0817393118377519,True,False,True
sam_vit_b:ann100384_point_n10_t2,setup3,sam_vit_b,92091,100384,ann100384_point_n10_t2,point,0.1,2,0.0558834013228246,0.2500903999898582,39.92544940000517,0.8048824071884155,ok,,2026,results/masks/sam_vit_b/ann100384_point_n10_t2.png,cpu,2026-10-05T06:59:19.806059+00:00,0.1324914891932546,0.07660808787043,True,False,True
sam_vit_b:ann100384_point_n10_t3,setup3,sam_vit_b,92091,100384,ann100384_point_n10_t3,point,0.1,3,0.2405095822013363,0.3350822000065818,39.92544940000517,0.5775976777076721,ok,,2026,results/masks/sam_vit_b/ann100384_point_n10_t3.png,cpu,2026-10-05T06:59:20.463370+00:00,0.1324914891932546,-0.10801809300808171,True,False,True
sam_vit_b:ann100384_point_n20_t1,setup3,sam_vit_b,92091,100384,ann100384_point_n20_t1,point,0.2,1,0.0688604991496262,0.8885986999957822,39.92544940000517,0.756808340549469,ok,,2026,results/masks/sam_vit_b/ann100384_point_n20_t1.png,cpu,2026-10-05T06:59:21.143668+00:00,0.1324914891932546,0.06363099004362839,True,False,True
sam_vit_b:ann100384_point_n20_t2,setup3,sam_vit_b,92091,100384,ann100384_point_n20_t2,point,0.2,2,0.000619386807061,0.2966763000003993,39.92544940000517,0.6359662413597107,ok,,2026,results/masks/sam_vit_b/ann100384_point_n20_t2.png,cpu,2026-10-05T06:59:22.379498+00:00,0.1324914891932546,0.1318721023861936,True,False,True
sam_vit_b:ann100384_point_n20_t3,setup3,sam_vit_b,92091,100384,ann100384_point_n20_t3,point,0.2,3,0.0012496373820096,0.2386191000114195,39.92544940000517,0.7618864178657532,ok,,2026,results/masks/sam_vit_b/ann100384_point_n20_t3.png,cpu,2026-10-05T06:59:23.078098+00:00,0.1324914891932546,0.131241851811245,True,False,True
sam_vit_b:ann1042325_box_n00_t0,"setup1,setup2",sam_vit_b,474854,1042325,ann1042325_box_n00_t0,box,0.0,0,0.7798058252427185,0.3865679000155069,21.824972599977627,0.8704092502593994,ok,,2026,results/masks/sam_vit_b/ann1042325_box_n00_t0.png,cpu,2026-10-05T07:23:00.849465+00:00,0.7798058252427185,0.0,False,False,False
sam_vit_b:ann1042325_box_n10_t1,setup3,sam_vit_b,474854,1042325,ann1042325_box_n10_t1,box,0.1,1,0.7769607843137255,0.2179659999965224,21.824972599977627,0.9064648747444152,ok,,2026,results/masks/sam_vit_b/ann1042325_box_n10_t1.png,cpu,2026-10-05T07:23:01.514731+00:00,0.7798058252427185,0.002845040928992959,False,False,False
sam_vit_b:ann1042325_box_n10_t2,setup3,sam_vit_b,474854,1042325,ann1042325_box_n10_t2,box,0.1,2,0.7627934978928357,0.1605082000023685,21.824972599977627,0.6868147253990173,ok,,2026,results/masks/sam_vit_b/ann1042325_box_n10_t2.png,cpu,2026-10-05T07:23:02.008114+00:00,0.7798058252427185,0.017012327349882783,False,False,False
sam_vit_b:ann1042325_box_n10_t3,setup3,sam_vit_b,474854,1042325,ann1042325_box_n10_t3,box,0.1,3,0.7795334838224228,0.166065500001423,21.824972599977627,0.9121917486190796,ok,,2026,results/masks/sam_vit_b/ann1042325_box_n10_t3.png,cpu,2026-10-05T07:23:02.400949+00:00,0.7798058252427185,0.0002723414202956409,False,False,False
sam_vit_b:ann1042325_box_n20_t1,setup3,sam_vit_b,474854,1042325,ann1042325_box_n20_t1,box,0.2,1,0.5097773475314618,0.1690125000022817,21.824972599977627,0.8089572191238403,ok,,2026,results/masks/sam_vit_b/ann1042325_box_n20_t1.png,cpu,2026-10-05T07:23:02.795330+00:00,0.7798058252427185,0.2700284777112567,False,True,True
sam_vit_b:ann1042325_box_n20_t2,setup3,sam_vit_b,474854,1042325,ann1042325_box_n20_t2,box,0.2,2,0.3235471546350291,0.168177999992622,21.824972599977627,0.4950059354305267,ok,,2026,results/masks/sam_vit_b/ann1042325_box_n20_t2.png,cpu,2026-10-05T07:23:03.186745+00:00,0.7798058252427185,0.4562586706076894,True,True,True
sam_vit_b:ann1042325_box_n20_t3,setup3,sam_vit_b,474854,1042325,ann1042325_box_n20_t3,box,0.2,3,0.6426285068725287,0.1701866000075824,21.824972599977627,0.924946427345276,ok,,2026,results/masks/sam_vit_b/ann1042325_box_n20_t3.png,cpu,2026-10-05T07:23:03.615315+00:00,0.7798058252427185,0.13717731837018976,False,False,False
sam_vit_b:ann1042325_point_n00_t0,"setup1,setup2",sam_vit_b,474854,1042325,ann1042325_point_n00_t0,point,0.0,0,0.796796423915068,0.368942800007062,21.824972599977627,0.8982940316200256,ok,,2026,results/masks/sam_vit_b/ann1042325_point_n00_t0.png,cpu,2026-10-05T07:23:00.443127+00:00,0.796796423915068,0.0,False,False,False
sam_vit_b:ann1042325_point_n10_t1,setup3,sam_vit_b,474854,1042325,ann1042325_point_n10_t1,point,0.1,1,0.7905241559410557,0.1895574999798555,21.824972599977627,0.908600687980652,ok,,2026,results/masks/sam_vit_b/ann1042325_point_n10_t1.png,cpu,2026-10-05T07:23:01.293601+00:00,0.796796423915068,0.006272267974012258,False,False,False
sam_vit_b:ann1042325_point_n10_t2,setup3,sam_vit_b,474854,1042325,ann1042325_point_n10_t2,point,0.1,2,0.7943131462333826,0.2145121000066865,21.824972599977627,0.8289669156074524,ok,,2026,results/masks/sam_vit_b/ann1042325_point_n10_t2.png,cpu,2026-10-05T07:23:01.764040+00:00,0.796796423915068,0.0024832776816854363,False,False,False
sam_vit_b:ann1042325_point_n10_t3,setup3,sam_vit_b,474854,1042325,ann1042325_point_n10_t3,point,0.1,3,0.794106676613204,0.1733616999990772,21.824972599977627,0.8994276523590088,ok,,2026,results/masks/sam_vit_b/ann1042325_point_n10_t3.png,cpu,2026-10-05T07:23:02.197358+00:00,0.796796423915068,0.0026897473018639984,False,False,False
sam_vit_b:ann1042325_point_n20_t1,setup3,sam_vit_b,474854,1042325,ann1042325_point_n20_t1,point,0.2,1,0.002857332713137,0.1698022999917157,21.824972599977627,0.8142723441123962,ok,,2026,results/masks/sam_vit_b/ann1042325_point_n20_t1.png,cpu,2026-10-05T07:23:02.595573+00:00,0.796796423915068,0.793939091201931,True,True,True
sam_vit_b:ann1042325_point_n20_t2,setup3,sam_vit_b,474854,1042325,ann1042325_point_n20_t2,point,0.2,2,0.0049362922960087,0.1668819999904371,21.824972599977627,0.5412585139274597,ok,,2026,results/masks/sam_vit_b/ann1042325_point_n20_t2.png,cpu,2026-10-05T07:23:02.991298+00:00,0.796796423915068,0.7918601316190593,True,True,True
sam_vit_b:ann1042325_point_n20_t3,setup3,sam_vit_b,474854,1042325,ann1042325_point_n20_t3,point,0.2,3,0.7872142724400669,0.1714700000011362,21.824972599977627,0.7651386857032776,ok,,2026,results/masks/sam_vit_b/ann1042325_point_n20_t3.png,cpu,2026-10-05T07:23:03.382603+00:00,0.796796423915068,0.009582151475001077,False,False,False
sam_vit_b:ann1044692_box_n00_t0,"setup1,setup2",sam_vit_b,352618,1044692,ann1044692_box_n00_t0,box,0.0,0,0.7419116560791845,0.2120884000032674,26.03355490000104,0.989880919456482,ok,,2026,results/masks/sam_vit_b/ann1044692_box_n00_t0.png,cpu,2026-10-05T07:15:33.250389+00:00,0.7419116560791845,0.0,False,False,False
sam_vit_b:ann1044692_box_n10_t1,setup3,sam_vit_b,352618,1044692,ann1044692_box_n10_t1,box,0.1,1,0.7424264814541156,0.1861635000095702,26.03355490000104,0.9900566339492798,ok,,2026,results/masks/sam_vit_b/ann1044692_box_n10_t1.png,cpu,2026-10-05T07:15:33.702477+00:00,0.7419116560791845,-0.0005148253749310827,False,False,False
sam_vit_b:ann1044692_box_n10_t2,setup3,sam_vit_b,352618,1044692,ann1044692_box_n10_t2,box,0.1,2,0.7420259893679858,0.1891012999985832,26.03355490000104,0.9866251349449158,ok,,2026,results/masks/sam_vit_b/ann1044692_box_n10_t2.png,cpu,2026-10-05T07:15:34.131871+00:00,0.7419116560791845,-0.00011433328880128268,False,False,False
sam_vit_b:ann1044692_box_n10_t3,setup3,sam_vit_b,352618,1044692,ann1044692_box_n10_t3,box,0.1,3,0.7383798140770252,0.185384399985196,26.03355490000104,0.9272676706314088,ok,,2026,results/masks/sam_vit_b/ann1044692_box_n10_t3.png,cpu,2026-10-05T07:15:34.593885+00:00,0.7419116560791845,0.00353184200215928,False,False,False
sam_vit_b:ann1044692_box_n20_t1,setup3,sam_vit_b,352618,1044692,ann1044692_box_n20_t1,box,0.2,1,0.6113100566994927,0.2090737999824341,26.03355490000104,0.8446240425109863,ok,,2026,results/masks/sam_vit_b/ann1044692_box_n20_t1.png,cpu,2026-10-05T07:15:35.048042+00:00,0.7419116560791845,0.13060159937969185,False,False,False
sam_vit_b:ann1044692_box_n20_t2,setup3,sam_vit_b,352618,1044692,ann1044692_box_n20_t2,box,0.2,2,0.6876316581402347,0.1799163999967277,26.03355490000104,0.8341956734657288,ok,,2026,results/masks/sam_vit_b/ann1044692_box_n20_t2.png,cpu,2026-10-05T07:15:35.530604+00:00,0.7419116560791845,0.054279997938949776,False,False,False
sam_vit_b:ann1044692_box_n20_t3,setup3,sam_vit_b,352618,1044692,ann1044692_box_n20_t3,box,0.2,3,0.0269911504424778,0.6310565999883693,26.03355490000104,0.5178918838500977,ok,,2026,results/masks/sam_vit_b/ann1044692_box_n20_t3.png,cpu,2026-10-05T07:15:35.970796+00:00,0.7419116560791845,0.7149205056367067,True,True,True
sam_vit_b:ann1044692_point_n00_t0,"setup1,setup2",sam_vit_b,352618,1044692,ann1044692_point_n00_t0,point,0.0,0,0.7403347652199674,0.3078897999948822,26.03355490000104,0.908315896987915,ok,,2026,results/masks/sam_vit_b/ann1044692_point_n00_t0.png,cpu,2026-10-05T07:15:32.912540+00:00,0.7403347652199674,0.0,False,False,False
sam_vit_b:ann1044692_point_n10_t1,setup3,sam_vit_b,352618,1044692,ann1044692_point_n10_t1,point,0.1,1,0.0178340656500387,0.1941812000004574,26.03355490000104,0.9475723505020142,ok,,2026,results/masks/sam_vit_b/ann1044692_point_n10_t1.png,cpu,2026-10-05T07:15:33.485795+00:00,0.7403347652199674,0.7225006995699288,True,True,True
sam_vit_b:ann1044692_point_n10_t2,setup3,sam_vit_b,352618,1044692,ann1044692_point_n10_t2,point,0.1,2,0.7407078335554569,0.1922186000156216,26.03355490000104,0.9070122241973876,ok,,2026,results/masks/sam_vit_b/ann1044692_point_n10_t2.png,cpu,2026-10-05T07:15:33.914865+00:00,0.7403347652199674,-0.00037306833548944596,False,False,False
sam_vit_b:ann1044692_point_n10_t3,setup3,sam_vit_b,352618,1044692,ann1044692_point_n10_t3,point,0.1,3,0.7458579881656805,0.2216143000114243,26.03355490000104,0.9265865683555604,ok,,2026,results/masks/sam_vit_b/ann1044692_point_n10_t3.png,cpu,2026-10-05T07:15:34.346572+00:00,0.7403347652199674,-0.005523222945713058,False,False,False
sam_vit_b:ann1044692_point_n20_t1,setup3,sam_vit_b,352618,1044692,ann1044692_point_n20_t1,point,0.2,1,0.0175846909749159,0.1848471999983303,26.03355490000104,0.966825008392334,ok,,2026,results/masks/sam_vit_b/ann1044692_point_n20_t1.png,cpu,2026-10-05T07:15:34.802673+00:00,0.7403347652199674,0.7227500742450516,True,True,True
sam_vit_b:ann1044692_point_n20_t2,setup3,sam_vit_b,352618,1044692,ann1044692_point_n20_t2,point,0.2,2,0.0407449542830657,0.2156468000030145,26.03355490000104,0.5116082429885864,ok,,2026,results/masks/sam_vit_b/ann1044692_point_n20_t2.png,cpu,2026-10-05T07:15:35.287786+00:00,0.7403347652199674,0.6995898109369018,True,True,True
sam_vit_b:ann1044692_point_n20_t3,setup3,sam_vit_b,352618,1044692,ann1044692_point_n20_t3,point,0.2,3,0.014644128113879,0.2051024999818764,26.03355490000104,0.9675958156585692,ok,,2026,results/masks/sam_vit_b/ann1044692_point_n20_t3.png,cpu,2026-10-05T07:15:35.733079+00:00,0.7403347652199674,0.7256906371060884,True,True,True
sam_vit_b:ann1050658_box_n00_t0,"setup1,setup2",sam_vit_b,402783,1050658,ann1050658_box_n00_t0,box,0.0,0,0.9605223015437184,0.1908398999948986,23.19007009998313,0.984709858894348,ok,,2026,results/masks/sam_vit_b/ann1050658_box_n00_t0.png,cpu,2026-10-05T07:18:40.848741+00:00,0.9605223015437184,0.0,False,False,False
sam_vit_b:ann1050658_box_n10_t1,setup3,sam_vit_b,402783,1050658,ann1050658_box_n10_t1,box,0.1,1,0.9478122708384258,0.1928488000121433,23.19007009998313,0.9525011777877808,ok,,2026,results/masks/sam_vit_b/ann1050658_box_n10_t1.png,cpu,2026-10-05T07:18:41.379375+00:00,0.9605223015437184,0.012710030705292641,False,False,False
sam_vit_b:ann1050658_box_n10_t2,setup3,sam_vit_b,402783,1050658,ann1050658_box_n10_t2,box,0.1,2,0.9396214896214896,0.1707141000078991,23.19007009998313,0.9590295553207396,ok,,2026,results/masks/sam_vit_b/ann1050658_box_n10_t2.png,cpu,2026-10-05T07:18:41.809810+00:00,0.9605223015437184,0.020900811922228812,False,False,False
sam_vit_b:ann1050658_box_n10_t3,setup3,sam_vit_b,402783,1050658,ann1050658_box_n10_t3,box,0.1,3,0.7145563431923735,0.1907845000096131,23.19007009998313,0.936386227607727,ok,,2026,results/masks/sam_vit_b/ann1050658_box_n10_t3.png,cpu,2026-10-05T07:18:42.229823+00:00,0.9605223015437184,0.24596595835134494,False,True,True
sam_vit_b:ann1050658_box_n20_t1,setup3,sam_vit_b,402783,1050658,ann1050658_box_n20_t1,box,0.2,1,0.4357919302339864,0.1933846000174526,23.19007009998313,0.8320704698562622,ok,,2026,results/masks/sam_vit_b/ann1050658_box_n20_t1.png,cpu,2026-10-05T07:18:42.699166+00:00,0.9605223015437184,0.524730371309732,True,True,True
sam_vit_b:ann1050658_box_n20_t2,setup3,sam_vit_b,402783,1050658,ann1050658_box_n20_t2,box,0.2,2,0.4425474421175459,0.1762255000066943,23.19007009998313,0.7889043688774109,ok,,2026,results/masks/sam_vit_b/ann1050658_box_n20_t2.png,cpu,2026-10-05T07:18:43.114832+00:00,0.9605223015437184,0.5179748594261726,True,True,True
sam_vit_b:ann1050658_box_n20_t3,setup3,sam_vit_b,402783,1050658,ann1050658_box_n20_t3,box,0.2,3,0.2006011901110361,0.1713288000028114,23.19007009998313,0.7568936347961426,ok,,2026,results/masks/sam_vit_b/ann1050658_box_n20_t3.png,cpu,2026-10-05T07:18:43.514306+00:00,0.9605223015437184,0.7599211114326823,True,True,True
sam_vit_b:ann1050658_point_n00_t0,"setup1,setup2",sam_vit_b,402783,1050658,ann1050658_point_n00_t0,point,0.0,0,0.367377018976847,0.2859141000080853,23.19007009998313,0.9028319120407104,ok,,2026,results/masks/sam_vit_b/ann1050658_point_n00_t0.png,cpu,2026-10-05T07:18:40.534834+00:00,0.367377018976847,0.0,True,False,True
sam_vit_b:ann1050658_point_n10_t1,setup3,sam_vit_b,402783,1050658,ann1050658_point_n10_t1,point,0.1,1,0.3684824663759749,0.2505757999897469,23.19007009998313,0.9229547381401062,ok,,2026,results/masks/sam_vit_b/ann1050658_point_n10_t1.png,cpu,2026-10-05T07:18:41.099907+00:00,0.367377018976847,-0.0011054473991279345,True,False,True
sam_vit_b:ann1050658_point_n10_t2,setup3,sam_vit_b,402783,1050658,ann1050658_point_n10_t2,point,0.1,2,0.368236811398391,0.1840837000054307,23.19007009998313,0.882150411605835,ok,,2026,results/masks/sam_vit_b/ann1050658_point_n10_t2.png,cpu,2026-10-05T07:18:41.598815+00:00,0.367377018976847,-0.0008597924215439923,True,False,True
sam_vit_b:ann1050658_point_n10_t3,setup3,sam_vit_b,402783,1050658,ann1050658_point_n10_t3,point,0.1,3,0.1476114454132383,0.1817002999887336,23.19007009998313,0.8733972907066345,ok,,2026,results/masks/sam_vit_b/ann1050658_point_n10_t3.png,cpu,2026-10-05T07:18:42.020497+00:00,0.367377018976847,0.21976557356360868,True,True,True
sam_vit_b:ann1050658_point_n20_t1,setup3,sam_vit_b,402783,1050658,ann1050658_point_n20_t1,point,0.2,1,0.3733341521832586,0.1849513999768532,23.19007009998313,0.9243507385253906,ok,,2026,results/masks/sam_vit_b/ann1050658_point_n20_t1.png,cpu,2026-10-05T07:18:42.486748+00:00,0.367377018976847,-0.005957133206411613,True,False,True
sam_vit_b:ann1050658_point_n20_t2,setup3,sam_vit_b,402783,1050658,ann1050658_point_n20_t2,point,0.2,2,0.3725357735061106,0.1698867999948561,23.19007009998313,0.8704817295074463,ok,,2026,results/masks/sam_vit_b/ann1050658_point_n20_t2.png,cpu,2026-10-05T07:18:42.916618+00:00,0.367377018976847,-0.0051587545292636205,True,False,True
sam_vit_b:ann1050658_point_n20_t3,setup3,sam_vit_b,402783,1050658,ann1050658_point_n20_t3,point,0.2,3,0.4506508586445028,0.1708265999914147,23.19007009998313,0.7488323450088501,ok,,2026,results/masks/sam_vit_b/ann1050658_point_n20_t3.png,cpu,2026-10-05T07:18:43.317422+00:00,0.367377018976847,-0.08327383966765584,True,False,True
sam_vit_b:ann1070882_box_n00_t0,"setup1,setup2",sam_vit_b,248400,1070882,ann1070882_box_n00_t0,box,0.0,0,0.8709136630343671,0.4256240999966394,24.270004500023788,0.976097583770752,ok,,2026,results/masks/sam_vit_b/ann1070882_box_n00_t0.png,cpu,2026-10-05T07:11:22.047510+00:00,0.8709136630343671,0.0,False,False,False
sam_vit_b:ann1070882_box_n10_t1,setup3,sam_vit_b,248400,1070882,ann1070882_box_n10_t1,box,0.1,1,0.1291024478694469,0.1921649000141769,24.270004500023788,0.607661247253418,ok,,2026,results/masks/sam_vit_b/ann1070882_box_n10_t1.png,cpu,2026-10-05T07:11:22.691781+00:00,0.8709136630343671,0.7418112151649202,True,True,True
sam_vit_b:ann1070882_box_n10_t2,setup3,sam_vit_b,248400,1070882,ann1070882_box_n10_t2,box,0.1,2,0.2877704042058088,0.2431776000012178,24.270004500023788,0.4472245573997497,ok,,2026,results/masks/sam_vit_b/ann1070882_box_n10_t2.png,cpu,2026-10-05T07:11:23.106813+00:00,0.8709136630343671,0.5831432588285583,True,True,True
sam_vit_b:ann1070882_box_n10_t3,setup3,sam_vit_b,248400,1070882,ann1070882_box_n10_t3,box,0.1,3,0.812346146563151,0.2030618000135291,24.270004500023788,0.6410210728645325,ok,,2026,results/masks/sam_vit_b/ann1070882_box_n10_t3.png,cpu,2026-10-05T07:11:23.638110+00:00,0.8709136630343671,0.05856751647121616,False,False,False
sam_vit_b:ann1070882_box_n20_t1,setup3,sam_vit_b,248400,1070882,ann1070882_box_n20_t1,box,0.2,1,0.0407215086089095,0.2883563000068534,24.270004500023788,0.4744613766670227,ok,,2026,results/masks/sam_vit_b/ann1070882_box_n20_t1.png,cpu,2026-10-05T07:11:24.158502+00:00,0.8709136630343671,0.8301921544254576,True,True,True
sam_vit_b:ann1070882_box_n20_t2,setup3,sam_vit_b,248400,1070882,ann1070882_box_n20_t2,box,0.2,2,0.0097434522213283,0.2057236999971792,24.270004500023788,0.8565455675125122,ok,,2026,results/masks/sam_vit_b/ann1070882_box_n20_t2.png,cpu,2026-10-05T07:11:24.766518+00:00,0.8709136630343671,0.8611702108130388,True,True,True
sam_vit_b:ann1070882_box_n20_t3,setup3,sam_vit_b,248400,1070882,ann1070882_box_n20_t3,box,0.2,3,0.0189406099518459,0.1804596000001765,24.270004500023788,0.9459422826766968,ok,,2026,results/masks/sam_vit_b/ann1070882_box_n20_t3.png,cpu,2026-10-05T07:11:25.192578+00:00,0.8709136630343671,0.8519730530825212,True,True,True
sam_vit_b:ann1070882_point_n00_t0,"setup1,setup2",sam_vit_b,248400,1070882,ann1070882_point_n00_t0,point,0.0,0,0.4181693453547628,0.203018800006248,24.270004500023788,0.8073607087135315,ok,,2026,results/masks/sam_vit_b/ann1070882_point_n00_t0.png,cpu,2026-10-05T07:11:21.821147+00:00,0.4181693453547628,0.0,True,False,True
sam_vit_b:ann1070882_point_n10_t1,setup3,sam_vit_b,248400,1070882,ann1070882_point_n10_t1,point,0.1,1,0.4156455249485344,0.1826172999863047,24.270004500023788,0.8243134021759033,ok,,2026,results/masks/sam_vit_b/ann1070882_point_n10_t1.png,cpu,2026-10-05T07:11:22.491078+00:00,0.4181693453547628,0.002523820406228394,True,False,True
sam_vit_b:ann1070882_point_n10_t2,setup3,sam_vit_b,248400,1070882,ann1070882_point_n10_t2,point,0.1,2,0.4149593177139496,0.186601099994732,24.270004500023788,0.8324999213218689,ok,,2026,results/masks/sam_vit_b/ann1070882_point_n10_t2.png,cpu,2026-10-05T07:11:22.902010+00:00,0.4181693453547628,0.0032100276408131845,True,False,True
sam_vit_b:ann1070882_point_n10_t3,setup3,sam_vit_b,248400,1070882,ann1070882_point_n10_t3,point,0.1,3,0.4191493531948255,0.236520800011931,24.270004500023788,0.8103491067886353,ok,,2026,results/masks/sam_vit_b/ann1070882_point_n10_t3.png,cpu,2026-10-05T07:11:23.373653+00:00,0.4181693453547628,-0.000980007840062691,True,False,True
sam_vit_b:ann1070882_point_n20_t1,setup3,sam_vit_b,248400,1070882,ann1070882_point_n20_t1,point,0.2,1,0.7787386032521854,0.2641850000072736,24.270004500023788,0.7601191997528076,ok,,2026,results/masks/sam_vit_b/ann1070882_point_n20_t1.png,cpu,2026-10-05T07:11:23.861764+00:00,0.4181693453547628,-0.36056925789742256,False,False,False
sam_vit_b:ann1070882_point_n20_t2,setup3,sam_vit_b,248400,1070882,ann1070882_point_n20_t2,point,0.2,2,0.505175983436853,0.271621399995638,24.270004500023788,0.7858126759529114,ok,,2026,results/masks/sam_vit_b/ann1070882_point_n20_t2.png,cpu,2026-10-05T07:11:24.469415+00:00,0.4181693453547628,-0.08700663808209019,False,False,False
sam_vit_b:ann1070882_point_n20_t3,setup3,sam_vit_b,248400,1070882,ann1070882_point_n20_t3,point,0.2,3,0.4186114924494999,0.1805667000007815,24.270004500023788,0.8163012266159058,ok,,2026,results/masks/sam_vit_b/ann1070882_point_n20_t3.png,cpu,2026-10-05T07:11:24.991588+00:00,0.4181693453547628,-0.0004421470947371109,True,False,True
sam_vit_b:ann1152444_box_n00_t0,"setup1,setup2",sam_vit_b,521282,1152444,ann1152444_box_n00_t0,box,0.0,0,0.8847619047619047,0.4967947999830358,58.26989919997868,0.998153805732727,ok,,2026,results/masks/sam_vit_b/ann1152444_box_n00_t0.png,cpu,2026-10-05T06:47:04.741706+00:00,0.8847619047619047,0.0,False,False,False
sam_vit_b:ann1152444_box_n10_t1,setup3,sam_vit_b,521282,1152444,ann1152444_box_n10_t1,box,0.1,1,0.1534601644928138,0.2794848999765236,58.26989919997868,0.833763837814331,ok,,2026,results/masks/sam_vit_b/ann1152444_box_n10_t1.png,cpu,2026-10-05T06:47:05.737459+00:00,0.8847619047619047,0.7313017402690909,True,True,True
sam_vit_b:ann1152444_box_n10_t2,setup3,sam_vit_b,521282,1152444,ann1152444_box_n10_t2,box,0.1,2,0.7410070774625024,0.2825027999933809,58.26989919997868,0.9497718811035156,ok,,2026,results/masks/sam_vit_b/ann1152444_box_n10_t2.png,cpu,2026-10-05T06:47:06.347209+00:00,0.8847619047619047,0.14375482729940237,False,False,False
sam_vit_b:ann1152444_box_n10_t3,setup3,sam_vit_b,521282,1152444,ann1152444_box_n10_t3,box,0.1,3,0.6826762323686474,0.3638161999988369,58.26989919997868,0.9402211308479308,ok,,2026,results/masks/sam_vit_b/ann1152444_box_n10_t3.png,cpu,2026-10-05T06:47:06.966729+00:00,0.8847619047619047,0.20208567239325737,False,True,True
sam_vit_b:ann1152444_box_n20_t1,setup3,sam_vit_b,521282,1152444,ann1152444_box_n20_t1,box,0.2,1,0.0779944753219955,0.3020195999997668,58.26989919997868,0.683512270450592,ok,,2026,results/masks/sam_vit_b/ann1152444_box_n20_t1.png,cpu,2026-10-05T06:47:07.679713+00:00,0.8847619047619047,0.8067674294399092,True,True,True
sam_vit_b:ann1152444_box_n20_t2,setup3,sam_vit_b,521282,1152444,ann1152444_box_n20_t2,box,0.2,2,0.5701226017167523,0.3067895999993197,58.26989919997868,0.9169565439224244,ok,,2026,results/masks/sam_vit_b/ann1152444_box_n20_t2.png,cpu,2026-10-05T06:47:08.317235+00:00,0.8847619047619047,0.3146393030451524,False,True,True
sam_vit_b:ann1152444_box_n20_t3,setup3,sam_vit_b,521282,1152444,ann1152444_box_n20_t3,box,0.2,3,0.6214967712552254,0.4968815000029281,58.26989919997868,0.9820865392684937,ok,,2026,results/masks/sam_vit_b/ann1152444_box_n20_t3.png,cpu,2026-10-05T06:47:08.988959+00:00,0.8847619047619047,0.26326513350667935,False,True,True
sam_vit_b:ann1152444_point_n00_t0,"setup1,setup2",sam_vit_b,521282,1152444,ann1152444_point_n00_t0,point,0.0,0,0.1412286997012534,0.4923023999726865,58.26989919997868,0.7340489625930786,ok,,2026,results/masks/sam_vit_b/ann1152444_point_n00_t0.png,cpu,2026-10-05T06:47:04.101618+00:00,0.1412286997012534,0.0,True,False,True
sam_vit_b:ann1152444_point_n10_t1,setup3,sam_vit_b,521282,1152444,ann1152444_point_n10_t1,point,0.1,1,0.5424526743532988,0.4680750000115949,58.26989919997868,0.6231523156166077,ok,,2026,results/masks/sam_vit_b/ann1152444_point_n10_t1.png,cpu,2026-10-05T06:47:05.253962+00:00,0.1412286997012534,-0.4012239746520454,False,False,False
sam_vit_b:ann1152444_point_n10_t2,setup3,sam_vit_b,521282,1152444,ann1152444_point_n10_t2,point,0.1,2,0.0045251135452845,0.3056628999765962,58.26989919997868,0.831977128982544,ok,,2026,results/masks/sam_vit_b/ann1152444_point_n10_t2.png,cpu,2026-10-05T06:47:06.031259+00:00,0.1412286997012534,0.1367035861559689,True,False,True
sam_vit_b:ann1152444_point_n10_t3,setup3,sam_vit_b,521282,1152444,ann1152444_point_n10_t3,point,0.1,3,0.7010750239888106,0.3077378000016324,58.26989919997868,0.8998022675514221,ok,,2026,results/masks/sam_vit_b/ann1152444_point_n10_t3.png,cpu,2026-10-05T06:47:06.643206+00:00,0.1412286997012534,-0.5598463242875572,False,False,False
sam_vit_b:ann1152444_point_n20_t1,setup3,sam_vit_b,521282,1152444,ann1152444_point_n20_t1,point,0.2,1,0.0176496126102057,0.3258649999916088,58.26989919997868,0.5501540303230286,ok,,2026,results/masks/sam_vit_b/ann1152444_point_n20_t1.png,cpu,2026-10-05T06:47:07.342992+00:00,0.1412286997012534,0.1235790870910477,True,False,True
sam_vit_b:ann1152444_point_n20_t2,setup3,sam_vit_b,521282,1152444,ann1152444_point_n20_t2,point,0.2,2,0.7112766337244211,0.3081077999959234,58.26989919997868,0.9127416014671326,ok,,2026,results/masks/sam_vit_b/ann1152444_point_n20_t2.png,cpu,2026-10-05T06:47:07.993335+00:00,0.1412286997012534,-0.5700479340231677,False,False,False
sam_vit_b:ann1152444_point_n20_t3,setup3,sam_vit_b,521282,1152444,ann1152444_point_n20_t3,point,0.2,3,0.5838472641385645,0.3334141000232193,58.26989919997868,0.8216021656990051,ok,,2026,results/masks/sam_vit_b/ann1152444_point_n20_t3.png,cpu,2026-10-05T06:47:08.638204+00:00,0.1412286997012534,-0.44261856443731107,False,False,False
sam_vit_b:ann1152662_box_n00_t0,"setup1,setup2",sam_vit_b,213224,1152662,ann1152662_box_n00_t0,box,0.0,0,0.7935496207533941,0.261055299983127,31.523174500005556,0.9460961818695068,ok,,2026,results/masks/sam_vit_b/ann1152662_box_n00_t0.png,cpu,2026-10-05T07:09:18.698718+00:00,0.7935496207533941,0.0,False,False,False
sam_vit_b:ann1152662_box_n10_t1,setup3,sam_vit_b,213224,1152662,ann1152662_box_n10_t1,box,0.1,1,0.4171732036598631,0.2316348000022117,31.523174500005556,0.8891931176185608,ok,,2026,results/masks/sam_vit_b/ann1152662_box_n10_t1.png,cpu,2026-10-05T07:09:19.325327+00:00,0.7935496207533941,0.376376417093531,True,True,True
sam_vit_b:ann1152662_box_n10_t2,setup3,sam_vit_b,213224,1152662,ann1152662_box_n10_t2,box,0.1,2,0.643072,0.2138824999856297,31.523174500005556,0.9409093260765076,ok,,2026,results/masks/sam_vit_b/ann1152662_box_n10_t2.png,cpu,2026-10-05T07:09:19.807770+00:00,0.7935496207533941,0.1504776207533941,False,False,False
sam_vit_b:ann1152662_box_n10_t3,setup3,sam_vit_b,213224,1152662,ann1152662_box_n10_t3,box,0.1,3,0.0032514450867052,0.7590730999945663,31.523174500005556,0.6472542881965637,ok,,2026,results/masks/sam_vit_b/ann1152662_box_n10_t3.png,cpu,2026-10-05T07:09:20.255706+00:00,0.7935496207533941,0.7902981756666889,True,True,True
sam_vit_b:ann1152662_box_n20_t1,setup3,sam_vit_b,213224,1152662,ann1152662_box_n20_t1,box,0.2,1,0.2194184706033047,0.2801713999942876,31.523174500005556,0.818891167640686,ok,,2026,results/masks/sam_vit_b/ann1152662_box_n20_t1.png,cpu,2026-10-05T07:09:23.433214+00:00,0.7935496207533941,0.5741311501500894,True,True,True
sam_vit_b:ann1152662_box_n20_t2,setup3,sam_vit_b,213224,1152662,ann1152662_box_n20_t2,box,0.2,2,0.613153673403914,0.2154171000001952,31.523174500005556,0.8130136728286743,ok,,2026,results/masks/sam_vit_b/ann1152662_box_n20_t2.png,cpu,2026-10-05T07:09:24.017703+00:00,0.7935496207533941,0.18039594734948006,False,False,False
sam_vit_b:ann1152662_box_n20_t3,setup3,sam_vit_b,213224,1152662,ann1152662_box_n20_t3,box,0.2,3,0.0007087531007948,0.2127291999931913,31.523174500005556,0.9192078709602356,ok,,2026,results/masks/sam_vit_b/ann1152662_box_n20_t3.png,cpu,2026-10-05T07:09:24.550243+00:00,0.7935496207533941,0.7928408676525993,True,True,True
sam_vit_b:ann1152662_point_n00_t0,"setup1,setup2",sam_vit_b,213224,1152662,ann1152662_point_n00_t0,point,0.0,0,0.9042113955408752,0.234448400005931,31.523174500005556,0.9285358786582948,ok,,2026,results/masks/sam_vit_b/ann1152662_point_n00_t0.png,cpu,2026-10-05T07:09:18.442465+00:00,0.9042113955408752,0.0,False,False,False
sam_vit_b:ann1152662_point_n10_t1,setup3,sam_vit_b,213224,1152662,ann1152662_point_n10_t1,point,0.1,1,0.8635958773380837,0.3228678999876138,31.523174500005556,0.9176881909370422,ok,,2026,results/masks/sam_vit_b/ann1152662_point_n10_t1.png,cpu,2026-10-05T07:09:18.984375+00:00,0.9042113955408752,0.04061551820279141,False,False,False
sam_vit_b:ann1152662_point_n10_t2,setup3,sam_vit_b,213224,1152662,ann1152662_point_n10_t2,point,0.1,2,0.5278027481700269,0.2168545999738853,31.523174500005556,0.6387288570404053,ok,,2026,results/masks/sam_vit_b/ann1152662_point_n10_t2.png,cpu,2026-10-05T07:09:19.574481+00:00,0.9042113955408752,0.3764086473708482,False,True,True
sam_vit_b:ann1152662_point_n10_t3,setup3,sam_vit_b,213224,1152662,ann1152662_point_n10_t3,point,0.1,3,0.8169418063611448,0.1968404999934137,31.523174500005556,0.8870685696601868,ok,,2026,results/masks/sam_vit_b/ann1152662_point_n10_t3.png,cpu,2026-10-05T07:09:20.039415+00:00,0.9042113955408752,0.08726958917973038,False,False,False
sam_vit_b:ann1152662_point_n20_t1,setup3,sam_vit_b,213224,1152662,ann1152662_point_n20_t1,point,0.2,1,0.8866891590807817,2.3673455999814905,31.523174500005556,0.9356169104576112,ok,,2026,results/masks/sam_vit_b/ann1152662_point_n20_t1.png,cpu,2026-10-05T07:09:21.043493+00:00,0.9042113955408752,0.017522236460093432,False,False,False
sam_vit_b:ann1152662_point_n20_t2,setup3,sam_vit_b,213224,1152662,ann1152662_point_n20_t2,point,0.2,2,0.920055834020684,0.2603896000073291,31.523174500005556,0.8910475969314575,ok,,2026,results/masks/sam_vit_b/ann1152662_point_n20_t2.png,cpu,2026-10-05T07:09:23.736057+00:00,0.9042113955408752,-0.015844438479808876,False,False,False
sam_vit_b:ann1152662_point_n20_t3,setup3,sam_vit_b,213224,1152662,ann1152662_point_n20_t3,point,0.2,3,0.7837405654343098,0.279924900009064,31.523174500005556,0.7406639456748962,ok,,2026,results/masks/sam_vit_b/ann1152662_point_n20_t3.png,cpu,2026-10-05T07:09:24.249675+00:00,0.9042113955408752,0.12047083010656534,False,False,False
sam_vit_b:ann1161337_box_n00_t0,"setup1,setup2",sam_vit_b,220310,1161337,ann1161337_box_n00_t0,box,0.0,0,0.6814872934920012,0.1861382000206504,24.68507300000056,0.8588502407073975,ok,,2026,results/masks/sam_vit_b/ann1161337_box_n00_t0.png,cpu,2026-10-05T07:10:24.881073+00:00,0.6814872934920012,0.0,False,False,False
sam_vit_b:ann1161337_box_n10_t1,setup3,sam_vit_b,220310,1161337,ann1161337_box_n10_t1,box,0.1,1,0.6138246596032962,0.1758697000041138,24.68507300000056,0.9548460245132446,ok,,2026,results/masks/sam_vit_b/ann1161337_box_n10_t1.png,cpu,2026-10-05T07:10:25.272895+00:00,0.6814872934920012,0.06766263388870497,False,False,False
sam_vit_b:ann1161337_box_n10_t2,setup3,sam_vit_b,220310,1161337,ann1161337_box_n10_t2,box,0.1,2,0.2071583035438457,0.1746875999961048,24.68507300000056,0.7104861736297607,ok,,2026,results/masks/sam_vit_b/ann1161337_box_n10_t2.png,cpu,2026-10-05T07:10:25.693404+00:00,0.6814872934920012,0.47432898994815553,True,True,True
sam_vit_b:ann1161337_box_n10_t3,setup3,sam_vit_b,220310,1161337,ann1161337_box_n10_t3,box,0.1,3,0.0746670001876055,0.2366196000075433,24.68507300000056,0.6563042998313904,ok,,2026,results/masks/sam_vit_b/ann1161337_box_n10_t3.png,cpu,2026-10-05T07:10:26.236123+00:00,0.6814872934920012,0.6068202933043957,True,True,True
sam_vit_b:ann1161337_box_n20_t1,setup3,sam_vit_b,220310,1161337,ann1161337_box_n20_t1,box,0.2,1,0.6227863832053615,0.1933659999922383,24.68507300000056,0.7835134863853455,ok,,2026,results/masks/sam_vit_b/ann1161337_box_n20_t1.png,cpu,2026-10-05T07:10:26.724598+00:00,0.6814872934920012,0.05870091028663971,False,False,False
sam_vit_b:ann1161337_box_n20_t2,setup3,sam_vit_b,220310,1161337,ann1161337_box_n20_t2,box,0.2,2,0.0043962547291442,0.2035584000113885,24.68507300000056,0.7832492589950562,ok,,2026,results/masks/sam_vit_b/ann1161337_box_n20_t2.png,cpu,2026-10-05T07:10:27.177714+00:00,0.6814872934920012,0.677091038762857,True,True,True
sam_vit_b:ann1161337_box_n20_t3,setup3,sam_vit_b,220310,1161337,ann1161337_box_n20_t3,box,0.2,3,0.011209045758819,0.1785518999968189,24.68507300000056,0.7413341403007507,ok,,2026,results/masks/sam_vit_b/ann1161337_box_n20_t3.png,cpu,2026-10-05T07:10:27.633016+00:00,0.6814872934920012,0.6702782477331822,True,True,True
sam_vit_b:ann1161337_point_n00_t0,"setup1,setup2",sam_vit_b,220310,1161337,ann1161337_point_n00_t0,point,0.0,0,0.4504619092247958,0.2760504000179935,24.68507300000056,0.9184465408325196,ok,,2026,results/masks/sam_vit_b/ann1161337_point_n00_t0.png,cpu,2026-10-05T07:10:24.585954+00:00,0.4504619092247958,0.0,True,False,True
sam_vit_b:ann1161337_point_n10_t1,setup3,sam_vit_b,220310,1161337,ann1161337_point_n10_t1,point,0.1,1,0.4144827894102415,0.1699731000117026,24.68507300000056,0.8316588401794434,ok,,2026,results/masks/sam_vit_b/ann1161337_point_n10_t1.png,cpu,2026-10-05T07:10:25.085619+00:00,0.4504619092247958,0.03597911981455426,True,False,True
sam_vit_b:ann1161337_point_n10_t2,setup3,sam_vit_b,220310,1161337,ann1161337_point_n10_t2,point,0.1,2,0.18004218004218,0.1768786000029649,24.68507300000056,1.0117394924163818,ok,,2026,results/masks/sam_vit_b/ann1161337_point_n10_t2.png,cpu,2026-10-05T07:10:25.500766+00:00,0.4504619092247958,0.2704197291826158,True,True,True
sam_vit_b:ann1161337_point_n10_t3,setup3,sam_vit_b,220310,1161337,ann1161337_point_n10_t3,point,0.1,3,0.2558139534883721,0.2920957000169437,24.68507300000056,0.9771738052368164,ok,,2026,results/masks/sam_vit_b/ann1161337_point_n10_t3.png,cpu,2026-10-05T07:10:25.886108+00:00,0.4504619092247958,0.19464795573642368,True,False,True
sam_vit_b:ann1161337_point_n20_t1,setup3,sam_vit_b,220310,1161337,ann1161337_point_n20_t1,point,0.2,1,0.4528192426980833,0.2187837999954354,24.68507300000056,0.9438847899436952,ok,,2026,results/masks/sam_vit_b/ann1161337_point_n20_t1.png,cpu,2026-10-05T07:10:26.489736+00:00,0.4504619092247958,-0.0023573334732875373,True,False,True
sam_vit_b:ann1161337_point_n20_t2,setup3,sam_vit_b,220310,1161337,ann1161337_point_n20_t2,point,0.2,2,0.1798206676136363,0.2264022000017576,24.68507300000056,1.0099536180496216,ok,,2026,results/masks/sam_vit_b/ann1161337_point_n20_t2.png,cpu,2026-10-05T07:10:26.935239+00:00,0.4504619092247958,0.2706412416111595,True,True,True
sam_vit_b:ann1161337_point_n20_t3,setup3,sam_vit_b,220310,1161337,ann1161337_point_n20_t3,point,0.2,3,0.2560906143195162,0.1779424999840557,24.68507300000056,0.982047200202942,ok,,2026,results/masks/sam_vit_b/ann1161337_point_n20_t3.png,cpu,2026-10-05T07:10:27.399265+00:00,0.4504619092247958,0.1943712949052796,True,False,True
sam_vit_b:ann1216289_box_n00_t0,"setup1,setup2",sam_vit_b,257169,1216289,ann1216289_box_n00_t0,box,0.0,0,0.6068900976779552,0.2643850999884307,22.501004500023555,0.8786492943763733,ok,,2026,results/masks/sam_vit_b/ann1216289_box_n00_t0.png,cpu,2026-10-05T07:11:48.243935+00:00,0.6068900976779552,0.0,False,False,False
sam_vit_b:ann1216289_box_n10_t1,setup3,sam_vit_b,257169,1216289,ann1216289_box_n10_t1,box,0.1,1,0.0067934782608695,0.2034053000097628,22.501004500023555,0.6052330732345581,ok,,2026,results/masks/sam_vit_b/ann1216289_box_n10_t1.png,cpu,2026-10-05T07:11:48.838859+00:00,0.6068900976779552,0.6000966194170857,True,True,True
sam_vit_b:ann1216289_box_n10_t2,setup3,sam_vit_b,257169,1216289,ann1216289_box_n10_t2,box,0.1,2,0.016805333627197,0.1808620000083465,22.501004500023555,0.881605327129364,ok,,2026,results/masks/sam_vit_b/ann1216289_box_n10_t2.png,cpu,2026-10-05T07:11:49.270257+00:00,0.6068900976779552,0.5900847640507582,True,True,True
sam_vit_b:ann1216289_box_n10_t3,setup3,sam_vit_b,257169,1216289,ann1216289_box_n10_t3,box,0.1,3,0.0414923874853605,0.1823323999997228,22.501004500023555,0.5909013152122498,ok,,2026,results/masks/sam_vit_b/ann1216289_box_n10_t3.png,cpu,2026-10-05T07:11:49.672372+00:00,0.6068900976779552,0.5653977101925947,True,True,True
sam_vit_b:ann1216289_box_n20_t1,setup3,sam_vit_b,257169,1216289,ann1216289_box_n20_t1,box,0.2,1,0.5697781178270849,0.1893584000063128,22.501004500023555,0.819054365158081,ok,,2026,results/masks/sam_vit_b/ann1216289_box_n20_t1.png,cpu,2026-10-05T07:11:50.081438+00:00,0.6068900976779552,0.037111979850870336,False,False,False
sam_vit_b:ann1216289_box_n20_t2,setup3,sam_vit_b,257169,1216289,ann1216289_box_n20_t2,box,0.2,2,0.0138532007596916,0.1811457000148948,22.501004500023555,0.9304152727127076,ok,,2026,results/masks/sam_vit_b/ann1216289_box_n20_t2.png,cpu,2026-10-05T07:11:50.492131+00:00,0.6068900976779552,0.5930368969182636,True,True,True
sam_vit_b:ann1216289_box_n20_t3,setup3,sam_vit_b,257169,1216289,ann1216289_box_n20_t3,box,0.2,3,0.6338303961439976,0.2342328999948222,22.501004500023555,0.6726041436195374,ok,,2026,results/masks/sam_vit_b/ann1216289_box_n20_t3.png,cpu,2026-10-05T07:11:51.093897+00:00,0.6068900976779552,-0.0269402984660424,False,False,False
sam_vit_b:ann1216289_point_n00_t0,"setup1,setup2",sam_vit_b,257169,1216289,ann1216289_point_n00_t0,point,0.0,0,0.8622490858891128,0.2966895000135991,22.501004500023555,0.8296529054641724,ok,,2026,results/masks/sam_vit_b/ann1216289_point_n00_t0.png,cpu,2026-10-05T07:11:47.913771+00:00,0.8622490858891128,0.0,False,False,False
sam_vit_b:ann1216289_point_n10_t1,setup3,sam_vit_b,257169,1216289,ann1216289_point_n10_t1,point,0.1,1,0.8614660390047074,0.2823363999777939,22.501004500023555,0.8969179391860962,ok,,2026,results/masks/sam_vit_b/ann1216289_point_n10_t1.png,cpu,2026-10-05T07:11:48.535598+00:00,0.8622490858891128,0.0007830468844053362,False,False,False
sam_vit_b:ann1216289_point_n10_t2,setup3,sam_vit_b,257169,1216289,ann1216289_point_n10_t2,point,0.1,2,0.8700366409930457,0.1824796000146307,22.501004500023555,0.7151907682418823,ok,,2026,results/masks/sam_vit_b/ann1216289_point_n10_t2.png,cpu,2026-10-05T07:11:49.066390+00:00,0.8622490858891128,-0.007787555103932919,False,False,False
sam_vit_b:ann1216289_point_n10_t3,setup3,sam_vit_b,257169,1216289,ann1216289_point_n10_t3,point,0.1,3,0.8625851358431255,0.1782390000007581,22.501004500023555,0.793382465839386,ok,,2026,results/masks/sam_vit_b/ann1216289_point_n10_t3.png,cpu,2026-10-05T07:11:49.470341+00:00,0.8622490858891128,-0.0003360499540127071,False,False,False
sam_vit_b:ann1216289_point_n20_t1,setup3,sam_vit_b,257169,1216289,ann1216289_point_n20_t1,point,0.2,1,0.0002147766323024,0.1809210000210441,22.501004500023555,0.8138940930366516,ok,,2026,results/masks/sam_vit_b/ann1216289_point_n20_t1.png,cpu,2026-10-05T07:11:49.877873+00:00,0.8622490858891128,0.8620343092568103,True,True,True
sam_vit_b:ann1216289_point_n20_t2,setup3,sam_vit_b,257169,1216289,ann1216289_point_n20_t2,point,0.2,2,0.0011816838995568,0.1811908000090625,22.501004500023555,0.9040319919586182,ok,,2026,results/masks/sam_vit_b/ann1216289_point_n20_t2.png,cpu,2026-10-05T07:11:50.291395+00:00,0.8622490858891128,0.861067401989556,True,True,True
sam_vit_b:ann1216289_point_n20_t3,setup3,sam_vit_b,257169,1216289,ann1216289_point_n20_t3,point,0.2,3,0.0237439400617011,0.3804667999793309,22.501004500023555,0.7701762914657593,ok,,2026,results/masks/sam_vit_b/ann1216289_point_n20_t3.png,cpu,2026-10-05T07:11:50.694316+00:00,0.8622490858891128,0.8385051458274116,True,True,True
sam_vit_b:ann1266826_box_n00_t0,"setup1,setup2",sam_vit_b,448410,1266826,ann1266826_box_n00_t0,box,0.0,0,0.3704735376044568,0.2542742000077851,22.453897600003984,0.7863253355026245,ok,,2026,results/masks/sam_vit_b/ann1266826_box_n00_t0.png,cpu,2026-10-05T07:20:26.501668+00:00,0.3704735376044568,0.0,True,False,True
sam_vit_b:ann1266826_box_n10_t1,setup3,sam_vit_b,448410,1266826,ann1266826_box_n10_t1,box,0.1,1,0.3282336578581363,0.1958736999949906,22.453897600003984,0.7755159139633179,ok,,2026,results/masks/sam_vit_b/ann1266826_box_n10_t1.png,cpu,2026-10-05T07:20:27.030916+00:00,0.3704735376044568,0.042239879746320486,True,False,True
sam_vit_b:ann1266826_box_n10_t2,setup3,sam_vit_b,448410,1266826,ann1266826_box_n10_t2,box,0.1,2,0.2894898586355255,0.1715754000179004,22.453897600003984,0.783161997795105,ok,,2026,results/masks/sam_vit_b/ann1266826_box_n10_t2.png,cpu,2026-10-05T07:20:27.491193+00:00,0.3704735376044568,0.08098367896893127,True,False,True
sam_vit_b:ann1266826_box_n10_t3,setup3,sam_vit_b,448410,1266826,ann1266826_box_n10_t3,box,0.1,3,0.5840500390930414,0.2844050000130664,22.453897600003984,0.8518015146255493,ok,,2026,results/masks/sam_vit_b/ann1266826_box_n10_t3.png,cpu,2026-10-05T07:20:27.898433+00:00,0.3704735376044568,-0.21357650148858465,False,False,False
sam_vit_b:ann1266826_box_n20_t1,setup3,sam_vit_b,448410,1266826,ann1266826_box_n20_t1,box,0.2,1,0.272608125819135,0.2718640000093728,22.453897600003984,0.7869694232940674,ok,,2026,results/masks/sam_vit_b/ann1266826_box_n20_t1.png,cpu,2026-10-05T07:20:28.557047+00:00,0.3704735376044568,0.09786541178532177,True,False,True
sam_vit_b:ann1266826_box_n20_t2,setup3,sam_vit_b,448410,1266826,ann1266826_box_n20_t2,box,0.2,2,0.1048915784165405,0.1811688000161666,22.453897600003984,0.8314626216888428,ok,,2026,results/masks/sam_vit_b/ann1266826_box_n20_t2.png,cpu,2026-10-05T07:20:29.113602+00:00,0.3704735376044568,0.26558195918791627,True,True,True
sam_vit_b:ann1266826_box_n20_t3,setup3,sam_vit_b,448410,1266826,ann1266826_box_n20_t3,box,0.2,3,0.3731459797033568,0.1885280999995302,22.453897600003984,0.7881730794906616,ok,,2026,results/masks/sam_vit_b/ann1266826_box_n20_t3.png,cpu,2026-10-05T07:20:29.523280+00:00,0.3704735376044568,-0.0026724420988999964,True,False,True
sam_vit_b:ann1266826_point_n00_t0,"setup1,setup2",sam_vit_b,448410,1266826,ann1266826_point_n00_t0,point,0.0,0,0.1645569620253164,0.1845752999943215,22.453897600003984,0.7929850220680237,ok,,2026,results/masks/sam_vit_b/ann1266826_point_n00_t0.png,cpu,2026-10-05T07:20:26.254516+00:00,0.1645569620253164,0.0,True,False,True
sam_vit_b:ann1266826_point_n10_t1,setup3,sam_vit_b,448410,1266826,ann1266826_point_n10_t1,point,0.1,1,0.0002492522432701,0.2158526000275742,22.453897600003984,0.3297256827354431,ok,,2026,results/masks/sam_vit_b/ann1266826_point_n10_t1.png,cpu,2026-10-05T07:20:26.787891+00:00,0.1645569620253164,0.16430770978204629,True,False,True
sam_vit_b:ann1266826_point_n10_t2,setup3,sam_vit_b,448410,1266826,ann1266826_point_n10_t2,point,0.1,2,0.3048297703879651,0.1739397999772336,22.453897600003984,0.6018224358558655,ok,,2026,results/masks/sam_vit_b/ann1266826_point_n10_t2.png,cpu,2026-10-05T07:20:27.254600+00:00,0.1645569620253164,-0.14027280836264872,True,False,True
sam_vit_b:ann1266826_point_n10_t3,setup3,sam_vit_b,448410,1266826,ann1266826_point_n10_t3,point,0.1,3,0.0003661662394727,0.1823311999905854,22.453897600003984,0.5975080728530884,ok,,2026,results/masks/sam_vit_b/ann1266826_point_n10_t3.png,cpu,2026-10-05T07:20:27.688212+00:00,0.1645569620253164,0.1641907957858437,True,False,True
sam_vit_b:ann1266826_point_n20_t1,setup3,sam_vit_b,448410,1266826,ann1266826_point_n20_t1,point,0.2,1,0.0004812319538017,0.2795557999925222,22.453897600003984,0.6327189207077026,ok,,2026,results/masks/sam_vit_b/ann1266826_point_n20_t1.png,cpu,2026-10-05T07:20:28.212571+00:00,0.1645569620253164,0.16407573007151469,True,False,True
sam_vit_b:ann1266826_point_n20_t2,setup3,sam_vit_b,448410,1266826,ann1266826_point_n20_t2,point,0.2,2,0.0248790601243953,0.1942967000068165,22.453897600003984,0.7667326927185059,ok,,2026,results/masks/sam_vit_b/ann1266826_point_n20_t2.png,cpu,2026-10-05T07:20:28.854174+00:00,0.1645569620253164,0.13967790190092108,True,False,True
sam_vit_b:ann1266826_point_n20_t3,setup3,sam_vit_b,448410,1266826,ann1266826_point_n20_t3,point,0.2,3,0.0001076658053402,0.1723681000003125,22.453897600003984,0.777712345123291,ok,,2026,results/masks/sam_vit_b/ann1266826_point_n20_t3.png,cpu,2026-10-05T07:20:29.321533+00:00,0.1645569620253164,0.1644492962199762,True,False,True
sam_vit_b:ann1372916_box_n00_t0,"setup1,setup2",sam_vit_b,124277,1372916,ann1372916_box_n00_t0,box,0.0,0,0.9315589353612168,0.9201136999763548,43.49010610001278,0.9096317291259766,ok,,2026,results/masks/sam_vit_b/ann1372916_box_n00_t0.png,cpu,2026-10-05T07:02:25.334242+00:00,0.9315589353612168,0.0,False,False,False
sam_vit_b:ann1372916_box_n10_t1,setup3,sam_vit_b,124277,1372916,ann1372916_box_n10_t1,box,0.1,1,0.9128787878787878,0.295845399989048,43.49010610001278,0.9081624746322632,ok,,2026,results/masks/sam_vit_b/ann1372916_box_n10_t1.png,cpu,2026-10-05T07:02:26.672044+00:00,0.9315589353612168,0.018680147482428966,False,False,False
sam_vit_b:ann1372916_box_n10_t2,setup3,sam_vit_b,124277,1372916,ann1372916_box_n10_t2,box,0.1,2,0.9067164179104478,1.0480577000125777,43.49010610001278,0.9233391284942628,ok,,2026,results/masks/sam_vit_b/ann1372916_box_n10_t2.png,cpu,2026-10-05T07:02:28.918687+00:00,0.9315589353612168,0.02484251745076904,False,False,False
sam_vit_b:ann1372916_box_n10_t3,setup3,sam_vit_b,124277,1372916,ann1372916_box_n10_t3,box,0.1,3,0.9318181818181818,0.3524873999995179,43.49010610001278,0.8942156434059143,ok,,2026,results/masks/sam_vit_b/ann1372916_box_n10_t3.png,cpu,2026-10-05T07:02:30.371241+00:00,0.9315589353612168,-0.00025924645696495663,False,False,False
sam_vit_b:ann1372916_box_n20_t1,setup3,sam_vit_b,124277,1372916,ann1372916_box_n20_t1,box,0.2,1,0.8053435114503816,0.3424775000021327,43.49010610001278,0.8883630037307739,ok,,2026,results/masks/sam_vit_b/ann1372916_box_n20_t1.png,cpu,2026-10-05T07:02:31.057818+00:00,0.9315589353612168,0.12621542391083518,False,False,False
sam_vit_b:ann1372916_box_n20_t2,setup3,sam_vit_b,124277,1372916,ann1372916_box_n20_t2,box,0.2,2,0.8805970149253731,0.5071428999945056,43.49010610001278,0.89760822057724,ok,,2026,results/masks/sam_vit_b/ann1372916_box_n20_t2.png,cpu,2026-10-05T07:02:31.770350+00:00,0.9315589353612168,0.05096192043584369,False,False,False
sam_vit_b:ann1372916_box_n20_t3,setup3,sam_vit_b,124277,1372916,ann1372916_box_n20_t3,box,0.2,3,0.908745247148289,0.5080435000127181,43.49010610001278,0.8848164081573486,ok,,2026,results/masks/sam_vit_b/ann1372916_box_n20_t3.png,cpu,2026-10-05T07:02:33.222057+00:00,0.9315589353612168,0.02281368821292784,False,False,False
sam_vit_b:ann1372916_point_n00_t0,"setup1,setup2",sam_vit_b,124277,1372916,ann1372916_point_n00_t0,point,0.0,0,0.8015267175572519,0.8928905999928247,43.49010610001278,0.7942209839820862,ok,,2026,results/masks/sam_vit_b/ann1372916_point_n00_t0.png,cpu,2026-10-05T07:02:24.375862+00:00,0.8015267175572519,0.0,False,False,False
sam_vit_b:ann1372916_point_n10_t1,setup3,sam_vit_b,124277,1372916,ann1372916_point_n10_t1,point,0.1,1,0.8320610687022901,0.373939800017979,43.49010610001278,0.8024159073829651,ok,,2026,results/masks/sam_vit_b/ann1372916_point_n10_t1.png,cpu,2026-10-05T07:02:26.277189+00:00,0.8015267175572519,-0.03053435114503822,False,False,False
sam_vit_b:ann1372916_point_n10_t2,setup3,sam_vit_b,124277,1372916,ann1372916_point_n10_t2,point,0.1,2,0.9132075471698112,1.8194630999933,43.49010610001278,0.7276468873023987,ok,,2026,results/masks/sam_vit_b/ann1372916_point_n10_t2.png,cpu,2026-10-05T07:02:26.990988+00:00,0.8015267175572519,-0.11168082961255932,False,False,False
sam_vit_b:ann1372916_point_n10_t3,setup3,sam_vit_b,124277,1372916,ann1372916_point_n10_t3,point,0.1,3,0.8053435114503816,0.3602293000149075,43.49010610001278,0.7914077043533325,ok,,2026,results/masks/sam_vit_b/ann1372916_point_n10_t3.png,cpu,2026-10-05T07:02:29.988921+00:00,0.8015267175572519,-0.003816793893129722,False,False,False
sam_vit_b:ann1372916_point_n20_t1,setup3,sam_vit_b,124277,1372916,ann1372916_point_n20_t1,point,0.2,1,0.9198473282442748,0.2926460000162478,43.49010610001278,0.8159703016281128,ok,,2026,results/masks/sam_vit_b/ann1372916_point_n20_t1.png,cpu,2026-10-05T07:02:30.744771+00:00,0.8015267175572519,-0.11832061068702293,False,False,False
sam_vit_b:ann1372916_point_n20_t2,setup3,sam_vit_b,124277,1372916,ann1372916_point_n20_t2,point,0.2,2,0.1931818181818181,0.3254318000108469,43.49010610001278,0.7686313390731812,ok,,2026,results/masks/sam_vit_b/ann1372916_point_n20_t2.png,cpu,2026-10-05T07:02:31.423378+00:00,0.8015267175572519,0.6083448993754338,True,True,True
sam_vit_b:ann1372916_point_n20_t3,setup3,sam_vit_b,124277,1372916,ann1372916_point_n20_t3,point,0.2,3,0.8015267175572519,0.8615742000110913,43.49010610001278,0.7751892805099487,ok,,2026,results/masks/sam_vit_b/ann1372916_point_n20_t3.png,cpu,2026-10-05T07:02:32.315098+00:00,0.8015267175572519,0.0,False,False,False
sam_vit_b:ann141868_box_n00_t0,"setup1,setup2",sam_vit_b,382111,141868,ann141868_box_n00_t0,box,0.0,0,0.2940630797773655,0.16512469999725,21.296688400005223,0.7696915864944458,ok,,2026,results/masks/sam_vit_b/ann141868_box_n00_t0.png,cpu,2026-10-05T07:17:48.919365+00:00,0.2940630797773655,0.0,True,False,True
sam_vit_b:ann141868_box_n10_t1,setup3,sam_vit_b,382111,141868,ann141868_box_n10_t1,box,0.1,1,0.311377245508982,0.1656105000001844,21.296688400005223,0.7903626561164856,ok,,2026,results/masks/sam_vit_b/ann141868_box_n10_t1.png,cpu,2026-10-05T07:17:49.298151+00:00,0.2940630797773655,-0.017314165731616482,True,False,True
sam_vit_b:ann141868_box_n10_t2,setup3,sam_vit_b,382111,141868,ann141868_box_n10_t2,box,0.1,2,0.5041208791208791,0.1485104000021238,21.296688400005223,0.6991481184959412,ok,,2026,results/masks/sam_vit_b/ann141868_box_n10_t2.png,cpu,2026-10-05T07:17:49.677088+00:00,0.2940630797773655,-0.2100577993435136,False,False,False
sam_vit_b:ann141868_box_n10_t3,setup3,sam_vit_b,382111,141868,ann141868_box_n10_t3,box,0.1,3,0.1855166802278275,0.1560333000088576,21.296688400005223,0.6352477669715881,ok,,2026,results/masks/sam_vit_b/ann141868_box_n10_t3.png,cpu,2026-10-05T07:17:50.107487+00:00,0.2940630797773655,0.10854639954953801,True,False,True
sam_vit_b:ann141868_box_n20_t1,setup3,sam_vit_b,382111,141868,ann141868_box_n20_t1,box,0.2,1,0.3888888888888889,0.2284040999948047,21.296688400005223,0.8137571811676025,ok,,2026,results/masks/sam_vit_b/ann141868_box_n20_t1.png,cpu,2026-10-05T07:17:50.694189+00:00,0.2940630797773655,-0.09482580911152338,True,False,True
sam_vit_b:ann141868_box_n20_t2,setup3,sam_vit_b,382111,141868,ann141868_box_n20_t2,box,0.2,2,0.146523178807947,0.1722473999834619,21.296688400005223,0.3664880990982055,ok,,2026,results/masks/sam_vit_b/ann141868_box_n20_t2.png,cpu,2026-10-05T07:17:51.136447+00:00,0.2940630797773655,0.14753990096941852,True,False,True
sam_vit_b:ann141868_box_n20_t3,setup3,sam_vit_b,382111,141868,ann141868_box_n20_t3,box,0.2,3,0.0120886501007387,0.1501043000025674,21.296688400005223,0.7423943281173706,ok,,2026,results/masks/sam_vit_b/ann141868_box_n20_t3.png,cpu,2026-10-05T07:17:51.586859+00:00,0.2940630797773655,0.28197442967662684,True,True,True
sam_vit_b:ann141868_point_n00_t0,"setup1,setup2",sam_vit_b,382111,141868,ann141868_point_n00_t0,point,0.0,0,0.300148588410104,0.2108753999928012,21.296688400005223,0.7240991592407227,ok,,2026,results/masks/sam_vit_b/ann141868_point_n00_t0.png,cpu,2026-10-05T07:17:48.678697+00:00,0.300148588410104,0.0,True,False,True
sam_vit_b:ann141868_point_n10_t1,setup3,sam_vit_b,382111,141868,ann141868_point_n10_t1,point,0.1,1,0.3308714918759232,0.1604805999959353,21.296688400005223,0.7134072780609131,ok,,2026,results/masks/sam_vit_b/ann141868_point_n10_t1.png,cpu,2026-10-05T07:17:49.110137+00:00,0.300148588410104,-0.030722903465819185,True,False,True
sam_vit_b:ann141868_point_n10_t2,setup3,sam_vit_b,382111,141868,ann141868_point_n10_t2,point,0.1,2,0.0163339382940108,0.1668879000062588,21.296688400005223,0.8319107294082642,ok,,2026,results/masks/sam_vit_b/ann141868_point_n10_t2.png,cpu,2026-10-05T07:17:49.485510+00:00,0.300148588410104,0.2838146501160932,True,True,True
sam_vit_b:ann141868_point_n10_t3,setup3,sam_vit_b,382111,141868,ann141868_point_n10_t3,point,0.1,3,0.3441654357459379,0.1997578000009525,21.296688400005223,0.7146930694580078,ok,,2026,results/masks/sam_vit_b/ann141868_point_n10_t3.png,cpu,2026-10-05T07:17:49.884257+00:00,0.300148588410104,-0.044016847335833886,True,False,True
sam_vit_b:ann141868_point_n20_t1,setup3,sam_vit_b,382111,141868,ann141868_point_n20_t1,point,0.2,1,0.395007342143906,0.3788610000046901,21.296688400005223,0.7586324214935303,ok,,2026,results/masks/sam_vit_b/ann141868_point_n20_t1.png,cpu,2026-10-05T07:17:50.286149+00:00,0.300148588410104,-0.09485875373380198,True,False,True
sam_vit_b:ann141868_point_n20_t2,setup3,sam_vit_b,382111,141868,ann141868_point_n20_t2,point,0.2,2,0.0112570356472795,0.1695882999920286,21.296688400005223,0.807647705078125,ok,,2026,results/masks/sam_vit_b/ann141868_point_n20_t2.png,cpu,2026-10-05T07:17:50.944237+00:00,0.300148588410104,0.2888915527628245,True,True,True
sam_vit_b:ann141868_point_n20_t3,setup3,sam_vit_b,382111,141868,ann141868_point_n20_t3,point,0.2,3,0.4092715231788079,0.1602619999903254,21.296688400005223,0.7772344350814819,ok,,2026,results/masks/sam_vit_b/ann141868_point_n20_t3.png,cpu,2026-10-05T07:17:51.367683+00:00,0.300148588410104,-0.10912293476870388,True,False,True
sam_vit_b:ann1444448_box_n00_t0,"setup1,setup2",sam_vit_b,329080,1444448,ann1444448_box_n00_t0,box,0.0,0,0.9250398724082934,0.1809981999977026,22.93778539999039,0.94735449552536,ok,,2026,results/masks/sam_vit_b/ann1444448_box_n00_t0.png,cpu,2026-10-05T07:14:06.226882+00:00,0.9250398724082934,0.0,False,False,False
sam_vit_b:ann1444448_box_n10_t1,setup3,sam_vit_b,329080,1444448,ann1444448_box_n10_t1,box,0.1,1,0.9105431309904152,0.2208681000047363,22.93778539999039,0.9460484981536864,ok,,2026,results/masks/sam_vit_b/ann1444448_box_n10_t1.png,cpu,2026-10-05T07:14:06.634334+00:00,0.9250398724082934,0.014496741417878267,False,False,False
sam_vit_b:ann1444448_box_n10_t2,setup3,sam_vit_b,329080,1444448,ann1444448_box_n10_t2,box,0.1,2,0.9201277955271564,0.2304012000095099,22.93778539999039,0.9473345279693604,ok,,2026,results/masks/sam_vit_b/ann1444448_box_n10_t2.png,cpu,2026-10-05T07:14:07.131847+00:00,0.9250398724082934,0.00491207688113704,False,False,False
sam_vit_b:ann1444448_box_n10_t3,setup3,sam_vit_b,329080,1444448,ann1444448_box_n10_t3,box,0.1,3,0.9186602870813396,0.1717046000121627,22.93778539999039,0.947445034980774,ok,,2026,results/masks/sam_vit_b/ann1444448_box_n10_t3.png,cpu,2026-10-05T07:14:07.592877+00:00,0.9250398724082934,0.006379585326953818,False,False,False
sam_vit_b:ann1444448_box_n20_t1,setup3,sam_vit_b,329080,1444448,ann1444448_box_n20_t1,box,0.2,1,0.7699680511182109,0.3200098999950569,22.93778539999039,0.9234883189201356,ok,,2026,results/masks/sam_vit_b/ann1444448_box_n20_t1.png,cpu,2026-10-05T07:14:08.042359+00:00,0.9250398724082934,0.15507182129008257,False,False,False
sam_vit_b:ann1444448_box_n20_t2,setup3,sam_vit_b,329080,1444448,ann1444448_box_n20_t2,box,0.2,2,0.8833865814696485,0.861061100004008,22.93778539999039,0.943776309490204,ok,,2026,results/masks/sam_vit_b/ann1444448_box_n20_t2.png,cpu,2026-10-05T07:14:08.894260+00:00,0.9250398724082934,0.041653290938644894,False,False,False
sam_vit_b:ann1444448_box_n20_t3,setup3,sam_vit_b,329080,1444448,ann1444448_box_n20_t3,box,0.2,3,0.8514376996805112,0.247789900022326,22.93778539999039,0.9035921096801758,ok,,2026,results/masks/sam_vit_b/ann1444448_box_n20_t3.png,cpu,2026-10-05T07:14:10.045669+00:00,0.9250398724082934,0.07360217272778224,False,False,False
sam_vit_b:ann1444448_point_n00_t0,"setup1,setup2",sam_vit_b,329080,1444448,ann1444448_point_n00_t0,point,0.0,0,0.7532051282051282,0.1787304999888874,22.93778539999039,0.6204231381416321,ok,,2026,results/masks/sam_vit_b/ann1444448_point_n00_t0.png,cpu,2026-10-05T07:14:05.989190+00:00,0.7532051282051282,0.0,False,False,False
sam_vit_b:ann1444448_point_n10_t1,setup3,sam_vit_b,329080,1444448,ann1444448_point_n10_t1,point,0.1,1,0.8961661341853036,0.1843573999940417,22.93778539999039,0.8845194578170776,ok,,2026,results/masks/sam_vit_b/ann1444448_point_n10_t1.png,cpu,2026-10-05T07:14:06.428922+00:00,0.7532051282051282,-0.14296100598017536,False,False,False
sam_vit_b:ann1444448_point_n10_t2,setup3,sam_vit_b,329080,1444448,ann1444448_point_n10_t2,point,0.1,2,0.8976,0.2300317000190261,22.93778539999039,0.8822083473205566,ok,,2026,results/masks/sam_vit_b/ann1444448_point_n10_t2.png,cpu,2026-10-05T07:14:06.874330+00:00,0.7532051282051282,-0.14439487179487176,False,False,False
sam_vit_b:ann1444448_point_n10_t3,setup3,sam_vit_b,329080,1444448,ann1444448_point_n10_t3,point,0.1,3,0.1875,0.1889308999816421,22.93778539999039,0.746320903301239,ok,,2026,results/masks/sam_vit_b/ann1444448_point_n10_t3.png,cpu,2026-10-05T07:14:07.383043+00:00,0.7532051282051282,0.5657051282051282,True,True,True
sam_vit_b:ann1444448_point_n20_t1,setup3,sam_vit_b,329080,1444448,ann1444448_point_n20_t1,point,0.2,1,0.9057507987220448,0.2300566000049002,22.93778539999039,0.8857104182243347,ok,,2026,results/masks/sam_vit_b/ann1444448_point_n20_t1.png,cpu,2026-10-05T07:14:07.786095+00:00,0.7532051282051282,-0.1525456705169166,False,False,False
sam_vit_b:ann1444448_point_n20_t2,setup3,sam_vit_b,329080,1444448,ann1444448_point_n20_t2,point,0.2,2,0.9089456869009584,0.4586254000023473,22.93778539999039,0.8802874088287354,ok,,2026,results/masks/sam_vit_b/ann1444448_point_n20_t2.png,cpu,2026-10-05T07:14:08.389056+00:00,0.7532051282051282,-0.15574055869583026,False,False,False
sam_vit_b:ann1444448_point_n20_t3,setup3,sam_vit_b,329080,1444448,ann1444448_point_n20_t3,point,0.2,3,0.1826923076923076,0.2078357000136748,22.93778539999039,0.7260706424713135,ok,,2026,results/masks/sam_vit_b/ann1444448_point_n20_t3.png,cpu,2026-10-05T07:14:09.816258+00:00,0.7532051282051282,0.5705128205128206,True,True,True
sam_vit_b:ann1445867_box_n00_t0,"setup1,setup2",sam_vit_b,360097,1445867,ann1445867_box_n00_t0,box,0.0,0,0.8616944243301955,0.1724954999808687,23.40955209999811,0.9649768471717834,ok,,2026,results/masks/sam_vit_b/ann1445867_box_n00_t0.png,cpu,2026-10-05T07:16:30.965209+00:00,0.8616944243301955,0.0,False,False,False
sam_vit_b:ann1445867_box_n10_t1,setup3,sam_vit_b,360097,1445867,ann1445867_box_n10_t1,box,0.1,1,0.8638667632150615,0.1917814999760594,23.40955209999811,0.9620739817619324,ok,,2026,results/masks/sam_vit_b/ann1445867_box_n10_t1.png,cpu,2026-10-05T07:16:31.369347+00:00,0.8616944243301955,-0.0021723388848660097,False,False,False
sam_vit_b:ann1445867_box_n10_t2,setup3,sam_vit_b,360097,1445867,ann1445867_box_n10_t2,box,0.1,2,0.8602461984069515,0.296629499993287,23.40955209999811,0.9559767246246338,ok,,2026,results/masks/sam_vit_b/ann1445867_box_n10_t2.png,cpu,2026-10-05T07:16:32.083535+00:00,0.8616944243301955,0.0014482259232440065,False,False,False
sam_vit_b:ann1445867_box_n10_t3,setup3,sam_vit_b,360097,1445867,ann1445867_box_n10_t3,box,0.1,3,0.8493845039826213,0.2309204000048339,23.40955209999811,0.9665598273277284,ok,,2026,results/masks/sam_vit_b/ann1445867_box_n10_t3.png,cpu,2026-10-05T07:16:32.698316+00:00,0.8616944243301955,0.012309920347574166,False,False,False
sam_vit_b:ann1445867_box_n20_t1,setup3,sam_vit_b,360097,1445867,ann1445867_box_n20_t1,box,0.2,1,0.5989847715736041,0.1865785999980289,23.40955209999811,0.59972083568573,ok,,2026,results/masks/sam_vit_b/ann1445867_box_n20_t1.png,cpu,2026-10-05T07:16:33.154594+00:00,0.8616944243301955,0.2627096527565914,False,True,True
sam_vit_b:ann1445867_box_n20_t2,setup3,sam_vit_b,360097,1445867,ann1445867_box_n20_t2,box,0.2,2,0.7494569152787834,0.2171378000057302,23.40955209999811,0.9204601049423218,ok,,2026,results/masks/sam_vit_b/ann1445867_box_n20_t2.png,cpu,2026-10-05T07:16:33.558791+00:00,0.8616944243301955,0.11223750905141205,False,False,False
sam_vit_b:ann1445867_box_n20_t3,setup3,sam_vit_b,360097,1445867,ann1445867_box_n20_t3,box,0.2,3,0.7364228819695873,0.2166801000130362,23.40955209999811,0.930443525314331,ok,,2026,results/masks/sam_vit_b/ann1445867_box_n20_t3.png,cpu,2026-10-05T07:16:34.046635+00:00,0.8616944243301955,0.12527154236060822,False,False,False
sam_vit_b:ann1445867_point_n00_t0,"setup1,setup2",sam_vit_b,360097,1445867,ann1445867_point_n00_t0,point,0.0,0,0.0435097897026831,0.208301799983019,23.40955209999811,0.4923863708972931,ok,,2026,results/masks/sam_vit_b/ann1445867_point_n00_t0.png,cpu,2026-10-05T07:16:30.735170+00:00,0.0435097897026831,0.0,True,False,True
sam_vit_b:ann1445867_point_n10_t1,setup3,sam_vit_b,360097,1445867,ann1445867_point_n10_t1,point,0.1,1,0.8493845039826213,0.186135900003137,23.40955209999811,0.9159759283065796,ok,,2026,results/masks/sam_vit_b/ann1445867_point_n10_t1.png,cpu,2026-10-05T07:16:31.159862+00:00,0.0435097897026831,-0.8058747142799383,False,False,False
sam_vit_b:ann1445867_point_n10_t2,setup3,sam_vit_b,360097,1445867,ann1445867_point_n10_t2,point,0.1,2,0.0355329949238578,0.3798414999910164,23.40955209999811,0.6894234418869019,ok,,2026,results/masks/sam_vit_b/ann1445867_point_n10_t2.png,cpu,2026-10-05T07:16:31.621103+00:00,0.0435097897026831,0.007976794778825298,True,False,True
sam_vit_b:ann1445867_point_n10_t3,setup3,sam_vit_b,360097,1445867,ann1445867_point_n10_t3,point,0.1,3,0.8478260869565217,0.2711509000218939,23.40955209999811,0.8056035041809082,ok,,2026,results/masks/sam_vit_b/ann1445867_point_n10_t3.png,cpu,2026-10-05T07:16:32.406231+00:00,0.0435097897026831,-0.8043162972538387,False,False,False
sam_vit_b:ann1445867_point_n20_t1,setup3,sam_vit_b,360097,1445867,ann1445867_point_n20_t1,point,0.2,1,0.8587979724837075,0.1783901999879162,23.40955209999811,0.8427226543426514,ok,,2026,results/masks/sam_vit_b/ann1445867_point_n20_t1.png,cpu,2026-10-05T07:16:32.952016+00:00,0.0435097897026831,-0.8152881827810243,False,False,False
sam_vit_b:ann1445867_point_n20_t2,setup3,sam_vit_b,360097,1445867,ann1445867_point_n20_t2,point,0.2,2,0.8514492753623188,0.1739399000070989,23.40955209999811,0.8435311317443848,ok,,2026,results/masks/sam_vit_b/ann1445867_point_n20_t2.png,cpu,2026-10-05T07:16:33.362574+00:00,0.0435097897026831,-0.8079394856596358,False,False,False
sam_vit_b:ann1445867_point_n20_t3,setup3,sam_vit_b,360097,1445867,ann1445867_point_n20_t3,point,0.2,3,0.8420289855072464,0.2233203000214416,23.40955209999811,0.7154086828231812,ok,,2026,results/masks/sam_vit_b/ann1445867_point_n20_t3.png,cpu,2026-10-05T07:16:33.801650+00:00,0.0435097897026831,-0.7985191958045632,False,False,False
sam_vit_b:ann144786_box_n00_t0,"setup1,setup2",sam_vit_b,260925,144786,ann144786_box_n00_t0,box,0.0,0,0.9236244961507224,0.2485199999937322,25.12646860000677,0.9920699000358582,ok,,2026,results/masks/sam_vit_b/ann144786_box_n00_t0.png,cpu,2026-10-05T07:12:16.895172+00:00,0.9236244961507224,0.0,False,False,False
sam_vit_b:ann144786_box_n10_t1,setup3,sam_vit_b,260925,144786,ann144786_box_n10_t1,box,0.1,1,0.1684425921754148,0.2133411000249907,25.12646860000677,0.5323159098625183,ok,,2026,results/masks/sam_vit_b/ann144786_box_n10_t1.png,cpu,2026-10-05T07:12:17.410311+00:00,0.9236244961507224,0.7551819039753076,True,True,True
sam_vit_b:ann144786_box_n10_t2,setup3,sam_vit_b,260925,144786,ann144786_box_n10_t2,box,0.1,2,0.4445437740537592,0.2408090999815613,25.12646860000677,0.7997023463249207,ok,,2026,results/masks/sam_vit_b/ann144786_box_n10_t2.png,cpu,2026-10-05T07:12:17.934288+00:00,0.9236244961507224,0.4790807220969632,True,True,True
sam_vit_b:ann144786_box_n10_t3,setup3,sam_vit_b,260925,144786,ann144786_box_n10_t3,box,0.1,3,0.2949003382754335,0.2449664000014308,25.12646860000677,0.746156632900238,ok,,2026,results/masks/sam_vit_b/ann144786_box_n10_t3.png,cpu,2026-10-05T07:12:18.462558+00:00,0.9236244961507224,0.6287241578752889,True,True,True
sam_vit_b:ann144786_box_n20_t1,setup3,sam_vit_b,260925,144786,ann144786_box_n20_t1,box,0.2,1,0.1333222218855116,0.2065996000019367,25.12646860000677,0.6018461585044861,ok,,2026,results/masks/sam_vit_b/ann144786_box_n20_t1.png,cpu,2026-10-05T07:12:18.985293+00:00,0.9236244961507224,0.7903022742652108,True,True,True
sam_vit_b:ann144786_box_n20_t2,setup3,sam_vit_b,260925,144786,ann144786_box_n20_t2,box,0.2,2,0.2626943103285051,0.1988652999862097,25.12646860000677,0.7968132495880127,ok,,2026,results/masks/sam_vit_b/ann144786_box_n20_t2.png,cpu,2026-10-05T07:12:19.449927+00:00,0.9236244961507224,0.6609301858222173,True,True,True
sam_vit_b:ann144786_box_n20_t3,setup3,sam_vit_b,260925,144786,ann144786_box_n20_t3,box,0.2,3,0.1719196305927601,0.2818341999955009,25.12646860000677,0.6522161960601807,ok,,2026,results/masks/sam_vit_b/ann144786_box_n20_t3.png,cpu,2026-10-05T07:12:19.910786+00:00,0.9236244961507224,0.7517048655579623,True,True,True
sam_vit_b:ann144786_point_n00_t0,"setup1,setup2",sam_vit_b,260925,144786,ann144786_point_n00_t0,point,0.0,0,0.0018939967877814,0.3722832999774255,25.12646860000677,0.8223890066146851,ok,,2026,results/masks/sam_vit_b/ann144786_point_n00_t0.png,cpu,2026-10-05T07:12:16.499792+00:00,0.0018939967877814,0.0,True,False,True
sam_vit_b:ann144786_point_n10_t1,setup3,sam_vit_b,260925,144786,ann144786_point_n10_t1,point,0.1,1,0.1009689687566289,0.2130667000019457,25.12646860000677,0.9081777930259703,ok,,2026,results/masks/sam_vit_b/ann144786_point_n10_t1.png,cpu,2026-10-05T07:12:17.174838+00:00,0.0018939967877814,-0.0990749719688475,True,False,True
sam_vit_b:ann144786_point_n10_t2,setup3,sam_vit_b,260925,144786,ann144786_point_n10_t2,point,0.1,2,0.0287054153156156,0.2560835999902338,25.12646860000677,0.7042838335037231,ok,,2026,results/masks/sam_vit_b/ann144786_point_n10_t2.png,cpu,2026-10-05T07:12:17.651709+00:00,0.0018939967877814,-0.0268114185278342,True,False,True
sam_vit_b:ann144786_point_n10_t3,setup3,sam_vit_b,260925,144786,ann144786_point_n10_t3,point,0.1,3,0.1151133367677808,0.2349280999915208,25.12646860000677,0.8432413339614868,ok,,2026,results/masks/sam_vit_b/ann144786_point_n10_t3.png,cpu,2026-10-05T07:12:18.202605+00:00,0.0018939967877814,-0.11321933997999939,True,False,True
sam_vit_b:ann144786_point_n20_t1,setup3,sam_vit_b,260925,144786,ann144786_point_n20_t1,point,0.2,1,0.1091851268220249,0.2273295999912079,25.12646860000677,0.8717809915542603,ok,,2026,results/masks/sam_vit_b/ann144786_point_n20_t1.png,cpu,2026-10-05T07:12:18.733562+00:00,0.0018939967877814,-0.1072911300342435,True,False,True
sam_vit_b:ann144786_point_n20_t2,setup3,sam_vit_b,260925,144786,ann144786_point_n20_t2,point,0.2,2,0.0364897421133973,0.2108946999942418,25.12646860000677,0.8245549201965332,ok,,2026,results/masks/sam_vit_b/ann144786_point_n20_t2.png,cpu,2026-10-05T07:12:19.216728+00:00,0.0018939967877814,-0.0345957453256159,True,False,True
sam_vit_b:ann144786_point_n20_t3,setup3,sam_vit_b,260925,144786,ann144786_point_n20_t3,point,0.2,3,0.0301221249128761,0.2060331999964546,25.12646860000677,0.8024872541427612,ok,,2026,results/masks/sam_vit_b/ann144786_point_n20_t3.png,cpu,2026-10-05T07:12:19.673601+00:00,0.0018939967877814,-0.0282281281250947,True,False,True
sam_vit_b:ann1505901_box_n00_t0,"setup1,setup2",sam_vit_b,356432,1505901,ann1505901_box_n00_t0,box,0.0,0,0.8012048192771084,0.2796577000117395,27.214821100002155,0.9404730200767516,ok,,2026,results/masks/sam_vit_b/ann1505901_box_n00_t0.png,cpu,2026-10-05T07:16:04.202934+00:00,0.8012048192771084,0.0,False,False,False
sam_vit_b:ann1505901_box_n10_t1,setup3,sam_vit_b,356432,1505901,ann1505901_box_n10_t1,box,0.1,1,0.7738095238095238,0.1896778999944217,27.214821100002155,0.926025092601776,ok,,2026,results/masks/sam_vit_b/ann1505901_box_n10_t1.png,cpu,2026-10-05T07:16:04.822112+00:00,0.8012048192771084,0.02739529546758457,False,False,False
sam_vit_b:ann1505901_box_n10_t2,setup3,sam_vit_b,356432,1505901,ann1505901_box_n10_t2,box,0.1,2,0.8109756097560976,0.1923504000005778,27.214821100002155,0.9287904500961304,ok,,2026,results/masks/sam_vit_b/ann1505901_box_n10_t2.png,cpu,2026-10-05T07:16:05.270153+00:00,0.8012048192771084,-0.00977079047898921,False,False,False
sam_vit_b:ann1505901_box_n10_t3,setup3,sam_vit_b,356432,1505901,ann1505901_box_n10_t3,box,0.1,3,0.7831325301204819,0.2369962999946437,27.214821100002155,0.9378299713134766,ok,,2026,results/masks/sam_vit_b/ann1505901_box_n10_t3.png,cpu,2026-10-05T07:16:05.690610+00:00,0.8012048192771084,0.01807228915662651,False,False,False
sam_vit_b:ann1505901_box_n20_t1,setup3,sam_vit_b,356432,1505901,ann1505901_box_n20_t1,box,0.2,1,0.7678571428571429,0.2111554000002797,27.214821100002155,0.8960951566696167,ok,,2026,results/masks/sam_vit_b/ann1505901_box_n20_t1.png,cpu,2026-10-05T07:16:06.193200+00:00,0.8012048192771084,0.0333476764199655,False,False,False
sam_vit_b:ann1505901_box_n20_t2,setup3,sam_vit_b,356432,1505901,ann1505901_box_n20_t2,box,0.2,2,0.806060606060606,0.1924921999743674,27.214821100002155,0.8997694253921509,ok,,2026,results/masks/sam_vit_b/ann1505901_box_n20_t2.png,cpu,2026-10-05T07:16:06.635709+00:00,0.8012048192771084,-0.004855786783497629,False,False,False
sam_vit_b:ann1505901_box_n20_t3,setup3,sam_vit_b,356432,1505901,ann1505901_box_n20_t3,box,0.2,3,0.7710843373493976,0.1803214999963529,27.214821100002155,0.9304766654968262,ok,,2026,results/masks/sam_vit_b/ann1505901_box_n20_t3.png,cpu,2026-10-05T07:16:07.054758+00:00,0.8012048192771084,0.030120481927710774,False,False,False
sam_vit_b:ann1505901_point_n00_t0,"setup1,setup2",sam_vit_b,356432,1505901,ann1505901_point_n00_t0,point,0.0,0,0.806060606060606,0.3036291000025812,27.214821100002155,0.8852555751800537,ok,,2026,results/masks/sam_vit_b/ann1505901_point_n00_t0.png,cpu,2026-10-05T07:16:03.869341+00:00,0.806060606060606,0.0,False,False,False
sam_vit_b:ann1505901_point_n10_t1,setup3,sam_vit_b,356432,1505901,ann1505901_point_n10_t1,point,0.1,1,0.8109756097560976,0.2875597999955062,27.214821100002155,0.877368688583374,ok,,2026,results/masks/sam_vit_b/ann1505901_point_n10_t1.png,cpu,2026-10-05T07:16:04.511977+00:00,0.806060606060606,-0.004915003695491582,False,False,False
sam_vit_b:ann1505901_point_n10_t2,setup3,sam_vit_b,356432,1505901,ann1505901_point_n10_t2,point,0.1,2,0.806060606060606,0.1772089999867603,27.214821100002155,0.8852726221084595,ok,,2026,results/masks/sam_vit_b/ann1505901_point_n10_t2.png,cpu,2026-10-05T07:16:05.036795+00:00,0.806060606060606,0.0,False,False,False
sam_vit_b:ann1505901_point_n10_t3,setup3,sam_vit_b,356432,1505901,ann1505901_point_n10_t3,point,0.1,3,0.8012048192771084,0.1813084000023082,27.214821100002155,0.8896607160568237,ok,,2026,results/masks/sam_vit_b/ann1505901_point_n10_t3.png,cpu,2026-10-05T07:16:05.487044+00:00,0.806060606060606,0.004855786783497629,False,False,False
sam_vit_b:ann1505901_point_n20_t1,setup3,sam_vit_b,356432,1505901,ann1505901_point_n20_t1,point,0.2,1,0.8109756097560976,0.2194147999980487,27.214821100002155,0.862373948097229,ok,,2026,results/masks/sam_vit_b/ann1505901_point_n20_t1.png,cpu,2026-10-05T07:16:05.949437+00:00,0.806060606060606,-0.004915003695491582,False,False,False
sam_vit_b:ann1505901_point_n20_t2,setup3,sam_vit_b,356432,1505901,ann1505901_point_n20_t2,point,0.2,2,0.806060606060606,0.1824649000191129,27.214821100002155,0.8841557502746582,ok,,2026,results/masks/sam_vit_b/ann1505901_point_n20_t2.png,cpu,2026-10-05T07:16:06.427910+00:00,0.806060606060606,0.0,False,False,False
sam_vit_b:ann1505901_point_n20_t3,setup3,sam_vit_b,356432,1505901,ann1505901_point_n20_t3,point,0.2,3,0.806060606060606,0.1806686999916564,27.214821100002155,0.8991979360580444,ok,,2026,results/masks/sam_vit_b/ann1505901_point_n20_t3.png,cpu,2026-10-05T07:16:06.851501+00:00,0.806060606060606,0.0,False,False,False
sam_vit_b:ann1538400_box_n00_t0,"setup1,setup2",sam_vit_b,84664,1538400,ann1538400_box_n00_t0,box,0.0,0,0.5338499048127985,0.3281931999954395,47.20357290000538,0.9325543642044068,ok,,2026,results/masks/sam_vit_b/ann1538400_box_n00_t0.png,cpu,2026-10-05T06:56:20.586197+00:00,0.5338499048127985,0.0,False,False,False
sam_vit_b:ann1538400_box_n10_t1,setup3,sam_vit_b,84664,1538400,ann1538400_box_n10_t1,box,0.1,1,0.5309255983177008,0.3005420000117738,47.20357290000538,0.9090676307678224,ok,,2026,results/masks/sam_vit_b/ann1538400_box_n10_t1.png,cpu,2026-10-05T06:56:21.319705+00:00,0.5338499048127985,0.0029243064950976727,False,False,False
sam_vit_b:ann1538400_box_n10_t2,setup3,sam_vit_b,84664,1538400,ann1538400_box_n10_t2,box,0.1,2,0.0081374321880651,0.4685167999996338,47.20357290000538,0.4059586524963379,ok,,2026,results/masks/sam_vit_b/ann1538400_box_n10_t2.png,cpu,2026-10-05T06:56:22.238510+00:00,0.5338499048127985,0.5257124726247334,True,True,True
sam_vit_b:ann1538400_box_n10_t3,setup3,sam_vit_b,84664,1538400,ann1538400_box_n10_t3,box,0.1,3,0.5156778101261587,0.533192600007169,47.20357290000538,0.6984867453575134,ok,,2026,results/masks/sam_vit_b/ann1538400_box_n10_t3.png,cpu,2026-10-05T06:56:23.049961+00:00,0.5338499048127985,0.018172094686639828,False,False,False
sam_vit_b:ann1538400_box_n20_t1,setup3,sam_vit_b,84664,1538400,ann1538400_box_n20_t1,box,0.2,1,0.3761286208169704,0.675260599993635,47.20357290000538,0.9555038213729858,ok,,2026,results/masks/sam_vit_b/ann1538400_box_n20_t1.png,cpu,2026-10-05T06:56:24.098091+00:00,0.5338499048127985,0.15772128399582808,True,False,True
sam_vit_b:ann1538400_box_n20_t2,setup3,sam_vit_b,84664,1538400,ann1538400_box_n20_t2,box,0.2,2,0.0245159225476076,0.4162352999846916,47.20357290000538,0.5329226851463318,ok,,2026,results/masks/sam_vit_b/ann1538400_box_n20_t2.png,cpu,2026-10-05T06:56:25.476715+00:00,0.5338499048127985,0.5093339822651909,True,True,True
sam_vit_b:ann1538400_box_n20_t3,setup3,sam_vit_b,84664,1538400,ann1538400_box_n20_t3,box,0.2,3,0.3962423832092078,0.4077949000056833,47.20357290000538,0.956019401550293,ok,,2026,results/masks/sam_vit_b/ann1538400_box_n20_t3.png,cpu,2026-10-05T06:56:26.311853+00:00,0.5338499048127985,0.1376075216035907,True,False,True
sam_vit_b:ann1538400_point_n00_t0,"setup1,setup2",sam_vit_b,84664,1538400,ann1538400_point_n00_t0,point,0.0,0,0.3968022763456522,0.3755658000009134,47.20357290000538,0.9707801938056946,ok,,2026,results/masks/sam_vit_b/ann1538400_point_n00_t0.png,cpu,2026-10-05T06:56:20.186328+00:00,0.3968022763456522,0.0,True,False,True
sam_vit_b:ann1538400_point_n10_t1,setup3,sam_vit_b,84664,1538400,ann1538400_point_n10_t1,point,0.1,1,0.3967684021543985,0.3272464000037871,47.20357290000538,0.96321439743042,ok,,2026,results/masks/sam_vit_b/ann1538400_point_n10_t1.png,cpu,2026-10-05T06:56:20.936852+00:00,0.3968022763456522,3.387419125366886e-05,True,False,True
sam_vit_b:ann1538400_point_n10_t2,setup3,sam_vit_b,84664,1538400,ann1538400_point_n10_t2,point,0.1,2,0.3963619118593544,0.5617434000014327,47.20357290000538,0.9768333435058594,ok,,2026,results/masks/sam_vit_b/ann1538400_point_n10_t2.png,cpu,2026-10-05T06:56:21.657710+00:00,0.3968022763456522,0.0004403644862978062,True,False,True
sam_vit_b:ann1538400_point_n10_t3,setup3,sam_vit_b,84664,1538400,ann1538400_point_n10_t3,point,0.1,3,0.3959554215643101,0.2856776000116952,47.20357290000538,0.9788058996200562,ok,,2026,results/masks/sam_vit_b/ann1538400_point_n10_t3.png,cpu,2026-10-05T06:56:22.747021+00:00,0.3968022763456522,0.0008468547813421101,True,False,True
sam_vit_b:ann1538400_point_n20_t1,setup3,sam_vit_b,84664,1538400,ann1538400_point_n20_t1,point,0.2,1,0.395006944209207,0.4530318999895826,47.20357290000538,0.9140356779098512,ok,,2026,results/masks/sam_vit_b/ann1538400_point_n20_t1.png,cpu,2026-10-05T06:56:23.620177+00:00,0.3968022763456522,0.0017953321364451713,True,False,True
sam_vit_b:ann1538400_point_n20_t2,setup3,sam_vit_b,84664,1538400,ann1538400_point_n20_t2,point,0.2,2,0.5333111370068254,0.6111437999934424,47.20357290000538,0.9306422472000122,ok,,2026,results/masks/sam_vit_b/ann1538400_point_n20_t2.png,cpu,2026-10-05T06:56:24.806437+00:00,0.3968022763456522,-0.13650886066117324,False,False,False
sam_vit_b:ann1538400_point_n20_t3,setup3,sam_vit_b,84664,1538400,ann1538400_point_n20_t3,point,0.2,3,0.3955828054605196,0.3412425999995321,47.20357290000538,0.964729905128479,ok,,2026,results/masks/sam_vit_b/ann1538400_point_n20_t3.png,cpu,2026-10-05T06:56:25.951759+00:00,0.3968022763456522,0.0012194708851325786,True,False,True
sam_vit_b:ann170892_box_n00_t0,"setup1,setup2",sam_vit_b,151857,170892,ann170892_box_n00_t0,box,0.0,0,0.9031657060404492,0.4119108000013511,45.8868005000113,0.98005473613739,ok,,2026,results/masks/sam_vit_b/ann170892_box_n00_t0.png,cpu,2026-10-05T07:07:59.489005+00:00,0.9031657060404492,0.0,False,False,False
sam_vit_b:ann170892_box_n10_t1,setup3,sam_vit_b,151857,170892,ann170892_box_n10_t1,box,0.1,1,0.7123261996820747,0.5054352000006475,45.8868005000113,0.9154577255249025,ok,,2026,results/masks/sam_vit_b/ann170892_box_n10_t1.png,cpu,2026-10-05T07:08:00.578344+00:00,0.9031657060404492,0.19083950635837454,False,False,False
sam_vit_b:ann170892_box_n10_t2,setup3,sam_vit_b,151857,170892,ann170892_box_n10_t2,box,0.1,2,0.7949749226849552,0.3666716000007,45.8868005000113,0.9149656295776368,ok,,2026,results/masks/sam_vit_b/ann170892_box_n10_t2.png,cpu,2026-10-05T07:08:01.618627+00:00,0.9031657060404492,0.10819078335549404,False,False,False
sam_vit_b:ann170892_box_n10_t3,setup3,sam_vit_b,151857,170892,ann170892_box_n10_t3,box,0.1,3,0.2556645569620253,0.4161722999997437,45.8868005000113,0.5722142457962036,ok,,2026,results/masks/sam_vit_b/ann170892_box_n10_t3.png,cpu,2026-10-05T07:08:02.510617+00:00,0.9031657060404492,0.6475011490784239,True,True,True
sam_vit_b:ann170892_box_n20_t1,setup3,sam_vit_b,151857,170892,ann170892_box_n20_t1,box,0.2,1,0.0024165962298829,0.341530400008196,45.8868005000113,0.9408892393112184,ok,,2026,results/masks/sam_vit_b/ann170892_box_n20_t1.png,cpu,2026-10-05T07:08:03.460557+00:00,0.9031657060404492,0.9007491098105663,True,True,True
sam_vit_b:ann170892_box_n20_t2,setup3,sam_vit_b,151857,170892,ann170892_box_n20_t2,box,0.2,2,0.0017591938823135,0.6509512000193354,45.8868005000113,0.8568660020828247,ok,,2026,results/masks/sam_vit_b/ann170892_box_n20_t2.png,cpu,2026-10-05T07:08:04.376637+00:00,0.9031657060404492,0.9014065121581357,True,True,True
sam_vit_b:ann170892_box_n20_t3,setup3,sam_vit_b,151857,170892,ann170892_box_n20_t3,box,0.2,3,0.0,0.3922469000099227,45.8868005000113,0.952156662940979,ok,,2026,results/masks/sam_vit_b/ann170892_box_n20_t3.png,cpu,2026-10-05T07:08:05.652086+00:00,0.9031657060404492,0.9031657060404492,True,True,True
sam_vit_b:ann170892_point_n00_t0,"setup1,setup2",sam_vit_b,151857,170892,ann170892_point_n00_t0,point,0.0,0,0.2451487079473427,0.6063812999927904,45.8868005000113,0.5246779322624207,ok,,2026,results/masks/sam_vit_b/ann170892_point_n00_t0.png,cpu,2026-10-05T07:07:58.842776+00:00,0.2451487079473427,0.0,True,False,True
sam_vit_b:ann170892_point_n10_t1,setup3,sam_vit_b,151857,170892,ann170892_point_n10_t1,point,0.1,1,0.0916057207866081,0.5843438000010792,45.8868005000113,0.5719621181488037,ok,,2026,results/masks/sam_vit_b/ann170892_point_n10_t1.png,cpu,2026-10-05T07:07:59.959776+00:00,0.2451487079473427,0.1535429871607346,True,False,True
sam_vit_b:ann170892_point_n10_t2,setup3,sam_vit_b,151857,170892,ann170892_point_n10_t2,point,0.1,2,0.8855311714055143,0.4546285000105854,45.8868005000113,0.8006694316864014,ok,,2026,results/masks/sam_vit_b/ann170892_point_n10_t2.png,cpu,2026-10-05T07:08:01.129536+00:00,0.2451487079473427,-0.6403824634581716,False,False,False
sam_vit_b:ann170892_point_n10_t3,setup3,sam_vit_b,151857,170892,ann170892_point_n10_t3,point,0.1,3,0.5266067109300173,0.4530189000070095,45.8868005000113,0.7934703230857849,ok,,2026,results/masks/sam_vit_b/ann170892_point_n10_t3.png,cpu,2026-10-05T07:08:02.023635+00:00,0.2451487079473427,-0.28145800298267465,False,False,False
sam_vit_b:ann170892_point_n20_t1,setup3,sam_vit_b,151857,170892,ann170892_point_n20_t1,point,0.2,1,0.0255728912725499,0.4653600000019651,45.8868005000113,0.9577847719192504,ok,,2026,results/masks/sam_vit_b/ann170892_point_n20_t1.png,cpu,2026-10-05T07:08:02.963337+00:00,0.2451487079473427,0.2195758166747928,True,True,True
sam_vit_b:ann170892_point_n20_t2,setup3,sam_vit_b,151857,170892,ann170892_point_n20_t2,point,0.2,2,0.0115553388590931,0.4914882000011857,45.8868005000113,0.871856689453125,ok,,2026,results/masks/sam_vit_b/ann170892_point_n20_t2.png,cpu,2026-10-05T07:08:03.838140+00:00,0.2451487079473427,0.2335933690882496,True,True,True
sam_vit_b:ann170892_point_n20_t3,setup3,sam_vit_b,151857,170892,ann170892_point_n20_t3,point,0.2,3,0.1820981634974809,0.5610643000109121,45.8868005000113,0.7436511516571045,ok,,2026,results/masks/sam_vit_b/ann170892_point_n20_t3.png,cpu,2026-10-05T07:08:05.063350+00:00,0.2451487079473427,0.0630505444498618,True,False,True
sam_vit_b:ann1727101_box_n00_t0,"setup1,setup2",sam_vit_b,465822,1727101,ann1727101_box_n00_t0,box,0.0,0,0.7654901960784314,0.1641035999928135,23.34362329999567,0.9382045269012452,ok,,2026,results/masks/sam_vit_b/ann1727101_box_n00_t0.png,cpu,2026-10-05T07:22:09.283245+00:00,0.7654901960784314,0.0,False,False,False
sam_vit_b:ann1727101_box_n10_t1,setup3,sam_vit_b,465822,1727101,ann1727101_box_n10_t1,box,0.1,1,0.6458003169572107,0.1705079000093974,23.34362329999567,0.9335331916809082,ok,,2026,results/masks/sam_vit_b/ann1727101_box_n10_t1.png,cpu,2026-10-05T07:22:09.661031+00:00,0.7654901960784314,0.11968987912122064,False,False,False
sam_vit_b:ann1727101_box_n10_t2,setup3,sam_vit_b,465822,1727101,ann1727101_box_n10_t2,box,0.1,2,0.7304116865869854,0.1671172000060323,23.34362329999567,0.8917193412780762,ok,,2026,results/masks/sam_vit_b/ann1727101_box_n10_t2.png,cpu,2026-10-05T07:22:10.040868+00:00,0.7654901960784314,0.035078509491445975,False,False,False
sam_vit_b:ann1727101_box_n10_t3,setup3,sam_vit_b,465822,1727101,ann1727101_box_n10_t3,box,0.1,3,0.6215360253365004,0.1571410000033211,23.34362329999567,0.9235836267471312,ok,,2026,results/masks/sam_vit_b/ann1727101_box_n10_t3.png,cpu,2026-10-05T07:22:10.617592+00:00,0.7654901960784314,0.14395417074193095,False,False,False
sam_vit_b:ann1727101_box_n20_t1,setup3,sam_vit_b,465822,1727101,ann1727101_box_n20_t1,box,0.2,1,0.5914826498422713,0.1585996999929193,23.34362329999567,0.8686412572860718,ok,,2026,results/masks/sam_vit_b/ann1727101_box_n20_t1.png,cpu,2026-10-05T07:22:11.016335+00:00,0.7654901960784314,0.1740075462361601,False,False,False
sam_vit_b:ann1727101_box_n20_t2,setup3,sam_vit_b,465822,1727101,ann1727101_box_n20_t2,box,0.2,2,0.444813829787234,0.2128978000255301,23.34362329999567,0.7752282619476318,ok,,2026,results/masks/sam_vit_b/ann1727101_box_n20_t2.png,cpu,2026-10-05T07:22:11.478829+00:00,0.7654901960784314,0.3206763662911974,True,True,True
sam_vit_b:ann1727101_box_n20_t3,setup3,sam_vit_b,465822,1727101,ann1727101_box_n20_t3,box,0.2,3,0.5789056304520223,0.2876458000100683,23.34362329999567,0.8777785301208496,ok,,2026,results/masks/sam_vit_b/ann1727101_box_n20_t3.png,cpu,2026-10-05T07:22:11.997778+00:00,0.7654901960784314,0.18658456562640913,False,False,False
sam_vit_b:ann1727101_point_n00_t0,"setup1,setup2",sam_vit_b,465822,1727101,ann1727101_point_n00_t0,point,0.0,0,0.3573085846867749,0.1657714000029955,23.34362329999567,0.45316943526268,ok,,2026,results/masks/sam_vit_b/ann1727101_point_n00_t0.png,cpu,2026-10-05T07:22:09.053628+00:00,0.3573085846867749,0.0,True,False,True
sam_vit_b:ann1727101_point_n10_t1,setup3,sam_vit_b,465822,1727101,ann1727101_point_n10_t1,point,0.1,1,0.166532582461786,0.1591001000197138,23.34362329999567,0.8473830819129944,ok,,2026,results/masks/sam_vit_b/ann1727101_point_n10_t1.png,cpu,2026-10-05T07:22:09.475429+00:00,0.3573085846867749,0.1907760022249889,True,False,True
sam_vit_b:ann1727101_point_n10_t2,setup3,sam_vit_b,465822,1727101,ann1727101_point_n10_t2,point,0.1,2,0.4128289473684211,0.1571925000171177,23.34362329999567,0.8264402747154236,ok,,2026,results/masks/sam_vit_b/ann1727101_point_n10_t2.png,cpu,2026-10-05T07:22:09.858243+00:00,0.3573085846867749,-0.055520362681646174,True,False,True
sam_vit_b:ann1727101_point_n10_t3,setup3,sam_vit_b,465822,1727101,ann1727101_point_n10_t3,point,0.1,3,0.2777334397446129,0.3633624000067357,23.34362329999567,0.5832380056381226,ok,,2026,results/masks/sam_vit_b/ann1727101_point_n10_t3.png,cpu,2026-10-05T07:22:10.232275+00:00,0.3573085846867749,0.079575144942162,True,False,True
sam_vit_b:ann1727101_point_n20_t1,setup3,sam_vit_b,465822,1727101,ann1727101_point_n20_t1,point,0.2,1,0.0840064620355412,0.157148700003745,23.34362329999567,0.8301781415939331,ok,,2026,results/masks/sam_vit_b/ann1727101_point_n20_t1.png,cpu,2026-10-05T07:22:10.798760+00:00,0.3573085846867749,0.2733021226512337,True,True,True
sam_vit_b:ann1727101_point_n20_t2,setup3,sam_vit_b,465822,1727101,ann1727101_point_n20_t2,point,0.2,2,0.4103618421052631,0.237295200000517,23.34362329999567,0.8389276266098022,ok,,2026,results/masks/sam_vit_b/ann1727101_point_n20_t2.png,cpu,2026-10-05T07:22:11.212306+00:00,0.3573085846867749,-0.05305325741848821,True,False,True
sam_vit_b:ann1727101_point_n20_t3,setup3,sam_vit_b,465822,1727101,ann1727101_point_n20_t3,point,0.2,3,0.0831987075928917,0.2368338000087533,23.34362329999567,0.8638229966163635,ok,,2026,results/masks/sam_vit_b/ann1727101_point_n20_t3.png,cpu,2026-10-05T07:22:11.728789+00:00,0.3573085846867749,0.2741098770938832,True,True,True
sam_vit_b:ann173475_box_n00_t0,"setup1,setup2",sam_vit_b,519338,173475,ann173475_box_n00_t0,box,0.0,0,0.8833832571338484,0.1724864999996498,21.851047000003742,0.9890092611312866,ok,,2026,results/masks/sam_vit_b/ann173475_box_n00_t0.png,cpu,2026-10-05T07:23:25.953268+00:00,0.8833832571338484,0.0,False,False,False
sam_vit_b:ann173475_box_n10_t1,setup3,sam_vit_b,519338,173475,ann173475_box_n10_t1,box,0.1,1,0.856973917613823,0.168059199990239,21.851047000003742,0.968082308769226,ok,,2026,results/masks/sam_vit_b/ann173475_box_n10_t1.png,cpu,2026-10-05T07:23:26.370281+00:00,0.8833832571338484,0.026409339520025332,False,False,False
sam_vit_b:ann173475_box_n10_t2,setup3,sam_vit_b,519338,173475,ann173475_box_n10_t2,box,0.1,2,0.8872347165030092,0.1820541000051889,21.851047000003742,0.9882957935333252,ok,,2026,results/masks/sam_vit_b/ann173475_box_n10_t2.png,cpu,2026-10-05T07:23:26.773721+00:00,0.8833832571338484,-0.00385145936916087,False,False,False
sam_vit_b:ann173475_box_n10_t3,setup3,sam_vit_b,519338,173475,ann173475_box_n10_t3,box,0.1,3,0.8310635017505541,0.1905572000250686,21.851047000003742,0.9386877417564392,ok,,2026,results/masks/sam_vit_b/ann173475_box_n10_t3.png,cpu,2026-10-05T07:23:27.204998+00:00,0.8833832571338484,0.05231975538329425,False,False,False
sam_vit_b:ann173475_box_n20_t1,setup3,sam_vit_b,519338,173475,ann173475_box_n20_t1,box,0.2,1,0.7254962407302745,0.181984700000612,21.851047000003742,0.9377793669700624,ok,,2026,results/masks/sam_vit_b/ann173475_box_n20_t1.png,cpu,2026-10-05T07:23:27.640033+00:00,0.8833832571338484,0.15788701640357383,False,False,False
sam_vit_b:ann173475_box_n20_t2,setup3,sam_vit_b,519338,173475,ann173475_box_n20_t2,box,0.2,2,0.8132175045406258,0.3424451000173576,21.851047000003742,0.8745518922805786,ok,,2026,results/masks/sam_vit_b/ann173475_box_n20_t2.png,cpu,2026-10-05T07:23:28.135715+00:00,0.8833832571338484,0.07016575259322255,False,False,False
sam_vit_b:ann173475_box_n20_t3,setup3,sam_vit_b,519338,173475,ann173475_box_n20_t3,box,0.2,3,0.5704247998199183,0.3818552000157069,21.851047000003742,0.7579908967018127,ok,,2026,results/masks/sam_vit_b/ann173475_box_n20_t3.png,cpu,2026-10-05T07:23:28.851476+00:00,0.8833832571338484,0.31295845731393,False,True,True
sam_vit_b:ann173475_point_n00_t0,"setup1,setup2",sam_vit_b,519338,173475,ann173475_point_n00_t0,point,0.0,0,0.0071733296635243,0.1720536999928299,21.851047000003742,0.7786790132522583,ok,,2026,results/masks/sam_vit_b/ann173475_point_n00_t0.png,cpu,2026-10-05T07:23:25.749796+00:00,0.0071733296635243,0.0,True,False,True
sam_vit_b:ann173475_point_n10_t1,setup3,sam_vit_b,519338,173475,ann173475_point_n10_t1,point,0.1,1,0.2051365857015069,0.1814092000131495,21.851047000003742,0.7102649807929993,ok,,2026,results/masks/sam_vit_b/ann173475_point_n10_t1.png,cpu,2026-10-05T07:23:26.156199+00:00,0.0071733296635243,-0.1979632560379826,True,False,True
sam_vit_b:ann173475_point_n10_t2,setup3,sam_vit_b,519338,173475,ann173475_point_n10_t2,point,0.1,2,0.0030964012936076,0.1779181000019889,21.851047000003742,0.8351037502288818,ok,,2026,results/masks/sam_vit_b/ann173475_point_n10_t2.png,cpu,2026-10-05T07:23:26.568492+00:00,0.0071733296635243,0.0040769283699167,True,False,True
sam_vit_b:ann173475_point_n10_t3,setup3,sam_vit_b,519338,173475,ann173475_point_n10_t3,point,0.1,3,0.0035436592582398,0.1886066000151913,21.851047000003742,0.9049797654151917,ok,,2026,results/masks/sam_vit_b/ann173475_point_n10_t3.png,cpu,2026-10-05T07:23:26.989208+00:00,0.0071733296635243,0.0036296704052844997,True,False,True
sam_vit_b:ann173475_point_n20_t1,setup3,sam_vit_b,519338,173475,ann173475_point_n20_t1,point,0.2,1,0.0179591275029243,0.184183600009419,21.851047000003742,0.8494689464569092,ok,,2026,results/masks/sam_vit_b/ann173475_point_n20_t1.png,cpu,2026-10-05T07:23:27.427013+00:00,0.0071733296635243,-0.0107857978394,True,False,True
sam_vit_b:ann173475_point_n20_t2,setup3,sam_vit_b,519338,173475,ann173475_point_n20_t2,point,0.2,2,0.024048716713686,0.2359334999928251,21.851047000003742,0.9714806079864502,ok,,2026,results/masks/sam_vit_b/ann173475_point_n20_t2.png,cpu,2026-10-05T07:23:27.852114+00:00,0.0071733296635243,-0.0168753870501617,True,False,True
sam_vit_b:ann173475_point_n20_t3,setup3,sam_vit_b,519338,173475,ann173475_point_n20_t3,point,0.2,3,0.0337507741003234,0.3023191000102088,21.851047000003742,0.8779324293136597,ok,,2026,results/masks/sam_vit_b/ann173475_point_n20_t3.png,cpu,2026-10-05T07:23:28.519928+00:00,0.0071733296635243,-0.0265774444367991,True,False,True
sam_vit_b:ann174678_box_n00_t0,"setup1,setup2",sam_vit_b,217400,174678,ann174678_box_n00_t0,box,0.0,0,0.9184226267733598,0.1849844999960623,31.639410300005693,0.9968867301940918,ok,,2026,results/masks/sam_vit_b/ann174678_box_n00_t0.png,cpu,2026-10-05T07:09:56.876154+00:00,0.9184226267733598,0.0,False,False,False
sam_vit_b:ann174678_box_n10_t1,setup3,sam_vit_b,217400,174678,ann174678_box_n10_t1,box,0.1,1,0.8287787555967269,0.2001424999907612,31.639410300005693,0.9108524918556212,ok,,2026,results/masks/sam_vit_b/ann174678_box_n10_t1.png,cpu,2026-10-05T07:09:57.319351+00:00,0.9184226267733598,0.08964387117663297,False,False,False
sam_vit_b:ann174678_box_n10_t2,setup3,sam_vit_b,217400,174678,ann174678_box_n10_t2,box,0.1,2,0.7400884053043183,0.2523560000117868,31.639410300005693,0.98625385761261,ok,,2026,results/masks/sam_vit_b/ann174678_box_n10_t2.png,cpu,2026-10-05T07:09:57.767806+00:00,0.9184226267733598,0.17833422146904154,False,False,False
sam_vit_b:ann174678_box_n10_t3,setup3,sam_vit_b,217400,174678,ann174678_box_n10_t3,box,0.1,3,0.7586917656956568,0.2146783999924082,31.639410300005693,0.9140909910202026,ok,,2026,results/masks/sam_vit_b/ann174678_box_n10_t3.png,cpu,2026-10-05T07:09:58.287064+00:00,0.9184226267733598,0.15973086107770307,False,False,False
sam_vit_b:ann174678_box_n20_t1,setup3,sam_vit_b,217400,174678,ann174678_box_n20_t1,box,0.2,1,0.0200400072740498,0.2130608000152278,31.639410300005693,0.7249091863632202,ok,,2026,results/masks/sam_vit_b/ann174678_box_n20_t1.png,cpu,2026-10-05T07:09:58.735571+00:00,0.9184226267733598,0.8983826194993101,True,True,True
sam_vit_b:ann174678_box_n20_t2,setup3,sam_vit_b,217400,174678,ann174678_box_n20_t2,box,0.2,2,0.6143252250005667,0.1919793999986723,31.639410300005693,0.9042673110961914,ok,,2026,results/masks/sam_vit_b/ann174678_box_n20_t2.png,cpu,2026-10-05T07:09:59.174125+00:00,0.9184226267733598,0.3040974017727931,False,True,True
sam_vit_b:ann174678_box_n20_t3,setup3,sam_vit_b,217400,174678,ann174678_box_n20_t3,box,0.2,3,0.0143231547510209,0.2138842999993357,31.639410300005693,0.8354940414428711,ok,,2026,results/masks/sam_vit_b/ann174678_box_n20_t3.png,cpu,2026-10-05T07:09:59.609868+00:00,0.9184226267733598,0.904099472022339,True,True,True
sam_vit_b:ann174678_point_n00_t0,"setup1,setup2",sam_vit_b,217400,174678,ann174678_point_n00_t0,point,0.0,0,0.0048400625694271,0.3713238000054844,31.639410300005693,0.8589404821395874,ok,,2026,results/masks/sam_vit_b/ann174678_point_n00_t0.png,cpu,2026-10-05T07:09:56.472558+00:00,0.0048400625694271,0.0,True,False,True
sam_vit_b:ann174678_point_n10_t1,setup3,sam_vit_b,217400,174678,ann174678_point_n10_t1,point,0.1,1,0.0361915556814961,0.2192608999903313,31.639410300005693,0.7802673578262329,ok,,2026,results/masks/sam_vit_b/ann174678_point_n10_t1.png,cpu,2026-10-05T07:09:57.081139+00:00,0.0048400625694271,-0.031351493112069,True,False,True
sam_vit_b:ann174678_point_n10_t2,setup3,sam_vit_b,217400,174678,ann174678_point_n10_t2,point,0.1,2,0.0402847362335925,0.2074281999957747,31.639410300005693,0.8101118803024292,ok,,2026,results/masks/sam_vit_b/ann174678_point_n10_t2.png,cpu,2026-10-05T07:09:57.541470+00:00,0.0048400625694271,-0.0354446736641654,True,False,True
sam_vit_b:ann174678_point_n10_t3,setup3,sam_vit_b,217400,174678,ann174678_point_n10_t3,point,0.1,3,0.0366793616249546,0.2216132000030484,31.639410300005693,0.7934820652008057,ok,,2026,results/masks/sam_vit_b/ann174678_point_n10_t3.png,cpu,2026-10-05T07:09:58.044770+00:00,0.0048400625694271,-0.0318392990555275,True,False,True
sam_vit_b:ann174678_point_n20_t1,setup3,sam_vit_b,217400,174678,ann174678_point_n20_t1,point,0.2,1,0.0952839486592729,0.1944324999931268,31.639410300005693,0.6919118165969849,ok,,2026,results/masks/sam_vit_b/ann174678_point_n20_t1.png,cpu,2026-10-05T07:09:58.524247+00:00,0.0048400625694271,-0.0904438860898458,True,False,True
sam_vit_b:ann174678_point_n20_t2,setup3,sam_vit_b,217400,174678,ann174678_point_n20_t2,point,0.2,2,0.4790951231398683,0.1833703000156674,31.639410300005693,0.4493549764156341,ok,,2026,results/masks/sam_vit_b/ann174678_point_n20_t2.png,cpu,2026-10-05T07:09:58.969815+00:00,0.0048400625694271,-0.4742550605704412,True,False,True
sam_vit_b:ann174678_point_n20_t3,setup3,sam_vit_b,217400,174678,ann174678_point_n20_t3,point,0.2,3,0.0992522940976549,0.1975300000049173,31.639410300005693,0.7539500594139099,ok,,2026,results/masks/sam_vit_b/ann174678_point_n20_t3.png,cpu,2026-10-05T07:09:59.390112+00:00,0.0048400625694271,-0.09441223152822781,True,False,True
sam_vit_b:ann1798918_box_n00_t0,"setup1,setup2",sam_vit_b,174004,1798918,ann1798918_box_n00_t0,box,0.0,0,0.8027290239726027,0.298539300012635,36.33028779999586,0.9873340725898744,ok,,2026,results/masks/sam_vit_b/ann1798918_box_n00_t0.png,cpu,2026-10-05T07:08:42.744792+00:00,0.8027290239726027,0.0,False,False,False
sam_vit_b:ann1798918_box_n10_t1,setup3,sam_vit_b,174004,1798918,ann1798918_box_n10_t1,box,0.1,1,0.6818842438232026,0.1883717000018805,36.33028779999586,0.95251727104187,ok,,2026,results/masks/sam_vit_b/ann1798918_box_n10_t1.png,cpu,2026-10-05T07:08:43.412414+00:00,0.8027290239726027,0.12084478014940014,False,False,False
sam_vit_b:ann1798918_box_n10_t2,setup3,sam_vit_b,174004,1798918,ann1798918_box_n10_t2,box,0.1,2,0.707847749385224,0.3396719000011217,36.33028779999586,0.9745602607727052,ok,,2026,results/masks/sam_vit_b/ann1798918_box_n10_t2.png,cpu,2026-10-05T07:08:43.963867+00:00,0.8027290239726027,0.09488127458737872,False,False,False
sam_vit_b:ann1798918_box_n10_t3,setup3,sam_vit_b,174004,1798918,ann1798918_box_n10_t3,box,0.1,3,0.6247853340202645,0.3215620999981183,36.33028779999586,0.9439811706542968,ok,,2026,results/masks/sam_vit_b/ann1798918_box_n10_t3.png,cpu,2026-10-05T07:08:44.692816+00:00,0.8027290239726027,0.17794368995233822,False,False,False
sam_vit_b:ann1798918_box_n20_t1,setup3,sam_vit_b,174004,1798918,ann1798918_box_n20_t1,box,0.2,1,0.2280554165291192,0.1988060000003315,36.33028779999586,0.596717357635498,ok,,2026,results/masks/sam_vit_b/ann1798918_box_n20_t1.png,cpu,2026-10-05T07:08:45.380123+00:00,0.8027290239726027,0.5746736074434835,True,True,True
sam_vit_b:ann1798918_box_n20_t2,setup3,sam_vit_b,174004,1798918,ann1798918_box_n20_t2,box,0.2,2,0.2570939729476708,0.3143489999929443,36.33028779999586,0.8291466236114502,ok,,2026,results/masks/sam_vit_b/ann1798918_box_n20_t2.png,cpu,2026-10-05T07:08:45.917017+00:00,0.8027290239726027,0.5456350510249319,True,True,True
sam_vit_b:ann1798918_box_n20_t3,setup3,sam_vit_b,174004,1798918,ann1798918_box_n20_t3,box,0.2,3,0.1490956879557916,0.3383257999958005,36.33028779999586,0.4618619382381439,ok,,2026,results/masks/sam_vit_b/ann1798918_box_n20_t3.png,cpu,2026-10-05T07:08:46.529200+00:00,0.8027290239726027,0.6536333360168112,True,True,True
sam_vit_b:ann1798918_point_n00_t0,"setup1,setup2",sam_vit_b,174004,1798918,ann1798918_point_n00_t0,point,0.0,0,0.0826158637113024,0.2760854999942239,36.33028779999586,0.8931929469108582,ok,,2026,results/masks/sam_vit_b/ann1798918_point_n00_t0.png,cpu,2026-10-05T07:08:42.442269+00:00,0.0826158637113024,0.0,True,False,True
sam_vit_b:ann1798918_point_n10_t1,setup3,sam_vit_b,174004,1798918,ann1798918_point_n10_t1,point,0.1,1,0.0109048198872881,0.3173039999965112,36.33028779999586,0.8642994165420532,ok,,2026,results/masks/sam_vit_b/ann1798918_point_n10_t1.png,cpu,2026-10-05T07:08:43.077217+00:00,0.0826158637113024,0.0717110438240143,True,False,True
sam_vit_b:ann1798918_point_n10_t2,setup3,sam_vit_b,174004,1798918,ann1798918_point_n10_t2,point,0.1,2,0.01523657640378,0.3146884000161662,36.33028779999586,0.8899850845336914,ok,,2026,results/masks/sam_vit_b/ann1798918_point_n10_t2.png,cpu,2026-10-05T07:08:43.629861+00:00,0.0826158637113024,0.0673792873075224,True,False,True
sam_vit_b:ann1798918_point_n10_t3,setup3,sam_vit_b,174004,1798918,ann1798918_point_n10_t3,point,0.1,3,0.0109371464284559,0.3394705999817233,36.33028779999586,0.8535535335540771,ok,,2026,results/masks/sam_vit_b/ann1798918_point_n10_t3.png,cpu,2026-10-05T07:08:44.327167+00:00,0.0826158637113024,0.0716787172828465,True,False,True
sam_vit_b:ann1798918_point_n20_t1,setup3,sam_vit_b,174004,1798918,ann1798918_point_n20_t1,point,0.2,1,0.0700839412518991,0.3101398999860976,36.33028779999586,0.7969506978988647,ok,,2026,results/masks/sam_vit_b/ann1798918_point_n20_t1.png,cpu,2026-10-05T07:08:45.040613+00:00,0.0826158637113024,0.012531922459403308,True,False,True
sam_vit_b:ann1798918_point_n20_t2,setup3,sam_vit_b,174004,1798918,ann1798918_point_n20_t2,point,0.2,2,0.0007542859605831,0.2944817999959923,36.33028779999586,0.810814380645752,ok,,2026,results/masks/sam_vit_b/ann1798918_point_n20_t2.png,cpu,2026-10-05T07:08:45.603679+00:00,0.0826158637113024,0.0818615777507193,True,False,True
sam_vit_b:ann1798918_point_n20_t3,setup3,sam_vit_b,174004,1798918,ann1798918_point_n20_t3,point,0.2,3,0.0069169108774349,0.2546911000099499,36.33028779999586,0.7905309200286865,ok,,2026,results/masks/sam_vit_b/ann1798918_point_n20_t3.png,cpu,2026-10-05T07:08:46.257691+00:00,0.0826158637113024,0.0756989528338675,True,False,True
sam_vit_b:ann1825525_box_n00_t0,"setup1,setup2",sam_vit_b,94944,1825525,ann1825525_box_n00_t0,box,0.0,0,0.1639878872583275,0.4597426000109408,42.691494700004114,0.5624693632125854,ok,,2026,results/masks/sam_vit_b/ann1825525_box_n00_t0.png,cpu,2026-10-05T07:00:51.217394+00:00,0.1639878872583275,0.0,True,False,True
sam_vit_b:ann1825525_box_n10_t1,setup3,sam_vit_b,94944,1825525,ann1825525_box_n10_t1,box,0.1,1,0.0419580419580419,0.2917534000007435,42.691494700004114,0.5745874047279358,ok,,2026,results/masks/sam_vit_b/ann1825525_box_n10_t1.png,cpu,2026-10-05T07:00:51.960306+00:00,0.1639878872583275,0.1220298453002856,True,False,True
sam_vit_b:ann1825525_box_n10_t2,setup3,sam_vit_b,94944,1825525,ann1825525_box_n10_t2,box,0.1,2,0.1311111111111111,0.406872999999905,42.691494700004114,0.548233151435852,ok,,2026,results/masks/sam_vit_b/ann1825525_box_n10_t2.png,cpu,2026-10-05T07:00:52.671531+00:00,0.1639878872583275,0.0328767761472164,True,False,True
sam_vit_b:ann1825525_box_n10_t3,setup3,sam_vit_b,94944,1825525,ann1825525_box_n10_t3,box,0.1,3,0.0556181886508831,0.2475905999890528,42.691494700004114,0.6155880689620972,ok,,2026,results/masks/sam_vit_b/ann1825525_box_n10_t3.png,cpu,2026-10-05T07:00:53.375643+00:00,0.1639878872583275,0.10836969860744439,True,False,True
sam_vit_b:ann1825525_box_n20_t1,setup3,sam_vit_b,94944,1825525,ann1825525_box_n20_t1,box,0.2,1,0.0323974082073434,0.2583232999895699,42.691494700004114,0.3757636249065399,ok,,2026,results/masks/sam_vit_b/ann1825525_box_n20_t1.png,cpu,2026-10-05T07:00:53.936080+00:00,0.1639878872583275,0.1315904790509841,True,False,True
sam_vit_b:ann1825525_box_n20_t2,setup3,sam_vit_b,94944,1825525,ann1825525_box_n20_t2,box,0.2,2,0.1508577194752774,0.2883928000228479,42.691494700004114,0.6304748058319092,ok,,2026,results/masks/sam_vit_b/ann1825525_box_n20_t2.png,cpu,2026-10-05T07:00:54.572585+00:00,0.1639878872583275,0.013130167783050095,True,False,True
sam_vit_b:ann1825525_box_n20_t3,setup3,sam_vit_b,94944,1825525,ann1825525_box_n20_t3,box,0.2,3,0.0596745027124773,0.3273428000102285,42.691494700004114,0.5791177153587341,ok,,2026,results/masks/sam_vit_b/ann1825525_box_n20_t3.png,cpu,2026-10-05T07:00:55.207963+00:00,0.1639878872583275,0.10431338454585021,True,False,True
sam_vit_b:ann1825525_point_n00_t0,"setup1,setup2",sam_vit_b,94944,1825525,ann1825525_point_n00_t0,point,0.0,0,0.206645056726094,0.5989197999879252,42.691494700004114,0.7477800846099854,ok,,2026,results/masks/sam_vit_b/ann1825525_point_n00_t0.png,cpu,2026-10-05T07:00:50.585901+00:00,0.206645056726094,0.0,True,False,True
sam_vit_b:ann1825525_point_n10_t1,setup3,sam_vit_b,94944,1825525,ann1825525_point_n10_t1,point,0.1,1,0.0008071025020177,0.2454391999926883,42.691494700004114,0.3660744428634643,ok,,2026,results/masks/sam_vit_b/ann1825525_point_n10_t1.png,cpu,2026-10-05T07:00:51.697413+00:00,0.206645056726094,0.2058379542240763,True,True,True
sam_vit_b:ann1825525_point_n10_t2,setup3,sam_vit_b,94944,1825525,ann1825525_point_n10_t2,point,0.1,2,0.2085308056872037,0.3723868999804836,42.691494700004114,0.6895516514778137,ok,,2026,results/masks/sam_vit_b/ann1825525_point_n10_t2.png,cpu,2026-10-05T07:00:52.276707+00:00,0.206645056726094,-0.0018857489611096845,True,False,True
sam_vit_b:ann1825525_point_n10_t3,setup3,sam_vit_b,94944,1825525,ann1825525_point_n10_t3,point,0.1,3,0.2069785884218873,0.255139600019902,42.691494700004114,0.7174015641212463,ok,,2026,results/masks/sam_vit_b/ann1825525_point_n10_t3.png,cpu,2026-10-05T07:00:53.099247+00:00,0.206645056726094,-0.0003335316957932821,True,False,True
sam_vit_b:ann1825525_point_n20_t1,setup3,sam_vit_b,94944,1825525,ann1825525_point_n20_t1,point,0.2,1,0.0001460227065308,0.2720879999978933,42.691494700004114,0.7581460475921631,ok,,2026,results/masks/sam_vit_b/ann1825525_point_n20_t1.png,cpu,2026-10-05T07:00:53.642715+00:00,0.206645056726094,0.2064990340195632,True,True,True
sam_vit_b:ann1825525_point_n20_t2,setup3,sam_vit_b,94944,1825525,ann1825525_point_n20_t2,point,0.2,2,0.0,0.3281087999930605,42.691494700004114,0.8325803279876709,ok,,2026,results/masks/sam_vit_b/ann1825525_point_n20_t2.png,cpu,2026-10-05T07:00:54.220023+00:00,0.206645056726094,0.206645056726094,True,True,True
sam_vit_b:ann1825525_point_n20_t3,setup3,sam_vit_b,94944,1825525,ann1825525_point_n20_t3,point,0.2,3,0.0,0.2716098000237252,42.691494700004114,0.6554151177406311,ok,,2026,results/masks/sam_vit_b/ann1825525_point_n20_t3.png,cpu,2026-10-05T07:00:54.914187+00:00,0.206645056726094,0.206645056726094,True,True,True
sam_vit_b:ann1880859_box_n00_t0,"setup1,setup2",sam_vit_b,144798,1880859,ann1880859_box_n00_t0,box,0.0,0,0.938942137025204,0.3693676999828312,40.095950499991886,0.975999355316162,ok,,2026,results/masks/sam_vit_b/ann1880859_box_n00_t0.png,cpu,2026-10-05T07:07:08.236591+00:00,0.938942137025204,0.0,False,False,False
sam_vit_b:ann1880859_box_n10_t1,setup3,sam_vit_b,144798,1880859,ann1880859_box_n10_t1,box,0.1,1,0.939297124600639,0.3211620999791194,40.095950499991886,0.9690814018249512,ok,,2026,results/masks/sam_vit_b/ann1880859_box_n10_t1.png,cpu,2026-10-05T07:07:09.123951+00:00,0.938942137025204,-0.00035498757543495074,False,False,False
sam_vit_b:ann1880859_box_n10_t2,setup3,sam_vit_b,144798,1880859,ann1880859_box_n10_t2,box,0.1,2,0.9367897727272728,0.2825139999913517,40.095950499991886,0.9734203815460204,ok,,2026,results/masks/sam_vit_b/ann1880859_box_n10_t2.png,cpu,2026-10-05T07:07:09.991998+00:00,0.938942137025204,0.0021523642979311974,False,False,False
sam_vit_b:ann1880859_box_n10_t3,setup3,sam_vit_b,144798,1880859,ann1880859_box_n10_t3,box,0.1,3,0.9373888295980078,0.2496492000063881,40.095950499991886,0.9747129678726196,ok,,2026,results/masks/sam_vit_b/ann1880859_box_n10_t3.png,cpu,2026-10-05T07:07:10.573273+00:00,0.938942137025204,0.001553307427196171,False,False,False
sam_vit_b:ann1880859_box_n20_t1,setup3,sam_vit_b,144798,1880859,ann1880859_box_n20_t1,box,0.2,1,0.4725196288365453,0.2589948999811895,40.095950499991886,0.9284521341323853,ok,,2026,results/masks/sam_vit_b/ann1880859_box_n20_t1.png,cpu,2026-10-05T07:07:11.143708+00:00,0.938942137025204,0.4664225081886587,True,True,True
sam_vit_b:ann1880859_box_n20_t2,setup3,sam_vit_b,144798,1880859,ann1880859_box_n20_t2,box,0.2,2,0.4768188302425107,0.3065582000126596,40.095950499991886,0.9081079959869384,ok,,2026,results/masks/sam_vit_b/ann1880859_box_n20_t2.png,cpu,2026-10-05T07:07:11.709388+00:00,0.938942137025204,0.4621233067826933,True,True,True
sam_vit_b:ann1880859_box_n20_t3,setup3,sam_vit_b,144798,1880859,ann1880859_box_n20_t3,box,0.2,3,0.7229174115123347,0.3819290999963414,40.095950499991886,0.857236385345459,ok,,2026,results/masks/sam_vit_b/ann1880859_box_n20_t3.png,cpu,2026-10-05T07:07:12.511518+00:00,0.938942137025204,0.21602472551286933,False,True,True
sam_vit_b:ann1880859_point_n00_t0,"setup1,setup2",sam_vit_b,144798,1880859,ann1880859_point_n00_t0,point,0.0,0,0.4931899641577061,0.4524849000154063,40.095950499991886,0.7452313899993896,ok,,2026,results/masks/sam_vit_b/ann1880859_point_n00_t0.png,cpu,2026-10-05T07:07:07.704137+00:00,0.4931899641577061,0.0,True,False,True
sam_vit_b:ann1880859_point_n10_t1,setup3,sam_vit_b,144798,1880859,ann1880859_point_n10_t1,point,0.1,1,0.5306923625981442,0.438843200012343,40.095950499991886,0.7440435290336609,ok,,2026,results/masks/sam_vit_b/ann1880859_point_n10_t1.png,cpu,2026-10-05T07:07:08.633943+00:00,0.4931899641577061,-0.03750239844043812,False,False,False
sam_vit_b:ann1880859_point_n10_t2,setup3,sam_vit_b,144798,1880859,ann1880859_point_n10_t2,point,0.1,2,0.7469664525339044,0.4958480999921448,40.095950499991886,0.745613694190979,ok,,2026,results/masks/sam_vit_b/ann1880859_point_n10_t2.png,cpu,2026-10-05T07:07:09.474309+00:00,0.4931899641577061,-0.25377648837619826,False,False,False
sam_vit_b:ann1880859_point_n10_t3,setup3,sam_vit_b,144798,1880859,ann1880859_point_n10_t3,point,0.1,3,0.2664272890484739,0.2548203000042122,40.095950499991886,0.5219401121139526,ok,,2026,results/masks/sam_vit_b/ann1880859_point_n10_t3.png,cpu,2026-10-05T07:07:10.299621+00:00,0.4931899641577061,0.2267626751092322,True,True,True
sam_vit_b:ann1880859_point_n20_t1,setup3,sam_vit_b,144798,1880859,ann1880859_point_n20_t1,point,0.2,1,0.4594208080085806,0.277942200016696,40.095950499991886,0.8129149675369263,ok,,2026,results/masks/sam_vit_b/ann1880859_point_n20_t1.png,cpu,2026-10-05T07:07:10.844781+00:00,0.4931899641577061,0.03376915614912551,True,False,True
sam_vit_b:ann1880859_point_n20_t2,setup3,sam_vit_b,144798,1880859,ann1880859_point_n20_t2,point,0.2,2,0.4628305932809149,0.2652729999972507,40.095950499991886,0.8025318384170532,ok,,2026,results/masks/sam_vit_b/ann1880859_point_n20_t2.png,cpu,2026-10-05T07:07:11.423026+00:00,0.4931899641577061,0.030359370876791192,True,False,True
sam_vit_b:ann1880859_point_n20_t3,setup3,sam_vit_b,144798,1880859,ann1880859_point_n20_t3,point,0.2,3,0.4687724335965542,0.4373438000038732,40.095950499991886,0.6775882244110107,ok,,2026,results/masks/sam_vit_b/ann1880859_point_n20_t3.png,cpu,2026-10-05T07:07:12.041699+00:00,0.4931899641577061,0.024417530561151923,True,False,True
sam_vit_b:ann1902534_box_n00_t0,"setup1,setup2",sam_vit_b,465806,1902534,ann1902534_box_n00_t0,box,0.0,0,0.9163815657073858,0.1872024999756831,20.80872320002527,0.9913932085037231,ok,,2026,results/masks/sam_vit_b/ann1902534_box_n00_t0.png,cpu,2026-10-05T07:21:42.511192+00:00,0.9163815657073858,0.0,False,False,False
sam_vit_b:ann1902534_box_n10_t1,setup3,sam_vit_b,465806,1902534,ann1902534_box_n10_t1,box,0.1,1,0.9095857272452372,0.1812539999955333,20.80872320002527,0.9639785289764404,ok,,2026,results/masks/sam_vit_b/ann1902534_box_n10_t1.png,cpu,2026-10-05T07:21:42.947598+00:00,0.9163815657073858,0.006795838462148596,False,False,False
sam_vit_b:ann1902534_box_n10_t2,setup3,sam_vit_b,465806,1902534,ann1902534_box_n10_t2,box,0.1,2,0.3974946532233425,0.1980934000166598,20.80872320002527,0.4073072671890259,ok,,2026,results/masks/sam_vit_b/ann1902534_box_n10_t2.png,cpu,2026-10-05T07:21:43.373215+00:00,0.9163815657073858,0.5188869124840434,True,True,True
sam_vit_b:ann1902534_box_n10_t3,setup3,sam_vit_b,465806,1902534,ann1902534_box_n10_t3,box,0.1,3,0.9063288583829616,0.2862328999908641,20.80872320002527,0.9611303806304932,ok,,2026,results/masks/sam_vit_b/ann1902534_box_n10_t3.png,cpu,2026-10-05T07:21:43.854606+00:00,0.9163815657073858,0.010052707324424204,False,False,False
sam_vit_b:ann1902534_box_n20_t1,setup3,sam_vit_b,465806,1902534,ann1902534_box_n20_t1,box,0.2,1,0.3070112954106034,0.2512381999986246,20.80872320002527,0.6147465705871582,ok,,2026,results/masks/sam_vit_b/ann1902534_box_n20_t1.png,cpu,2026-10-05T07:21:44.482889+00:00,0.9163815657073858,0.6093702702967825,True,True,True
sam_vit_b:ann1902534_box_n20_t2,setup3,sam_vit_b,465806,1902534,ann1902534_box_n20_t2,box,0.2,2,0.0080087674928342,0.1687062999990303,20.80872320002527,0.8516076803207397,ok,,2026,results/masks/sam_vit_b/ann1902534_box_n20_t2.png,cpu,2026-10-05T07:21:45.029570+00:00,0.9163815657073858,0.9083727982145516,True,True,True
sam_vit_b:ann1902534_box_n20_t3,setup3,sam_vit_b,465806,1902534,ann1902534_box_n20_t3,box,0.2,3,0.3968076453843026,0.1736932000203523,20.80872320002527,0.8545005321502686,ok,,2026,results/masks/sam_vit_b/ann1902534_box_n20_t3.png,cpu,2026-10-05T07:21:45.460754+00:00,0.9163815657073858,0.5195739203230832,True,True,True
sam_vit_b:ann1902534_point_n00_t0,"setup1,setup2",sam_vit_b,465806,1902534,ann1902534_point_n00_t0,point,0.0,0,0.9163650985122638,0.1910733999975491,20.80872320002527,0.9025712013244628,ok,,2026,results/masks/sam_vit_b/ann1902534_point_n00_t0.png,cpu,2026-10-05T07:21:42.289039+00:00,0.9163650985122638,0.0,False,False,False
sam_vit_b:ann1902534_point_n10_t1,setup3,sam_vit_b,465806,1902534,ann1902534_point_n10_t1,point,0.1,1,0.151034200286709,0.1832218999916222,20.80872320002527,0.6019930243492126,ok,,2026,results/masks/sam_vit_b/ann1902534_point_n10_t1.png,cpu,2026-10-05T07:21:42.730483+00:00,0.9163650985122638,0.7653308982255548,True,True,True
sam_vit_b:ann1902534_point_n10_t2,setup3,sam_vit_b,465806,1902534,ann1902534_point_n10_t2,point,0.1,2,0.1667520229437673,0.181706999981543,20.80872320002527,0.8566521406173706,ok,,2026,results/masks/sam_vit_b/ann1902534_point_n10_t2.png,cpu,2026-10-05T07:21:43.159845+00:00,0.9163650985122638,0.7496130755684964,True,True,True
sam_vit_b:ann1902534_point_n10_t3,setup3,sam_vit_b,465806,1902534,ann1902534_point_n10_t3,point,0.1,3,0.9190873454618554,0.2103053999890107,20.80872320002527,0.954855740070343,ok,,2026,results/masks/sam_vit_b/ann1902534_point_n10_t3.png,cpu,2026-10-05T07:21:43.605646+00:00,0.9163650985122638,-0.002722246949591667,False,False,False
sam_vit_b:ann1902534_point_n20_t1,setup3,sam_vit_b,465806,1902534,ann1902534_point_n20_t1,point,0.2,1,0.063402642630339,0.2721645999990869,20.80872320002527,0.6685777306556702,ok,,2026,results/masks/sam_vit_b/ann1902534_point_n20_t1.png,cpu,2026-10-05T07:21:44.173888+00:00,0.9163650985122638,0.8529624558819248,True,True,True
sam_vit_b:ann1902534_point_n20_t2,setup3,sam_vit_b,465806,1902534,ann1902534_point_n20_t2,point,0.2,2,0.1657277476185598,0.195061300008092,20.80872320002527,0.8477420806884766,ok,,2026,results/masks/sam_vit_b/ann1902534_point_n20_t2.png,cpu,2026-10-05T07:21:44.809069+00:00,0.9163650985122638,0.750637350893704,True,True,True
sam_vit_b:ann1902534_point_n20_t3,setup3,sam_vit_b,465806,1902534,ann1902534_point_n20_t3,point,0.2,3,0.0845027143296118,0.1690841999952681,20.80872320002527,0.9601563215255736,ok,,2026,results/masks/sam_vit_b/ann1902534_point_n20_t3.png,cpu,2026-10-05T07:21:45.262214+00:00,0.9163650985122638,0.831862384182652,True,True,True
sam_vit_b:ann206430_box_n00_t0,"setup1,setup2",sam_vit_b,455085,206430,ann206430_box_n00_t0,box,0.0,0,0.8457963667089142,0.170718500012299,23.029728499997876,0.9552748799324036,ok,,2026,results/masks/sam_vit_b/ann206430_box_n00_t0.png,cpu,2026-10-05T07:20:53.108382+00:00,0.8457963667089142,0.0,False,False,False
sam_vit_b:ann206430_box_n10_t1,setup3,sam_vit_b,455085,206430,ann206430_box_n10_t1,box,0.1,1,0.7851851851851852,0.1716327000176534,23.029728499997876,0.9532701969146729,ok,,2026,results/masks/sam_vit_b/ann206430_box_n10_t1.png,cpu,2026-10-05T07:20:53.513559+00:00,0.8457963667089142,0.06061118152372902,False,False,False
sam_vit_b:ann206430_box_n10_t2,setup3,sam_vit_b,455085,206430,ann206430_box_n10_t2,box,0.1,2,0.8023538961038961,0.1854720000119414,23.029728499997876,0.9538350105285645,ok,,2026,results/masks/sam_vit_b/ann206430_box_n10_t2.png,cpu,2026-10-05T07:20:53.905803+00:00,0.8457963667089142,0.04344247060501816,False,False,False
sam_vit_b:ann206430_box_n10_t3,setup3,sam_vit_b,455085,206430,ann206430_box_n10_t3,box,0.1,3,0.8367525098210389,0.1882986999989953,23.029728499997876,0.9330376386642456,ok,,2026,results/masks/sam_vit_b/ann206430_box_n10_t3.png,cpu,2026-10-05T07:20:54.365157+00:00,0.8457963667089142,0.009043856887875346,False,False,False
sam_vit_b:ann206430_box_n20_t1,setup3,sam_vit_b,455085,206430,ann206430_box_n20_t1,box,0.2,1,0.7465677179962894,0.177251699991757,23.029728499997876,0.9129308462142944,ok,,2026,results/masks/sam_vit_b/ann206430_box_n20_t1.png,cpu,2026-10-05T07:20:54.758858+00:00,0.8457963667089142,0.09922864871262482,False,False,False
sam_vit_b:ann206430_box_n20_t2,setup3,sam_vit_b,455085,206430,ann206430_box_n20_t2,box,0.2,2,0.6487704918032787,0.173124299995834,23.029728499997876,0.918498158454895,ok,,2026,results/masks/sam_vit_b/ann206430_box_n20_t2.png,cpu,2026-10-05T07:20:55.188713+00:00,0.8457963667089142,0.1970258749056355,False,False,False
sam_vit_b:ann206430_box_n20_t3,setup3,sam_vit_b,455085,206430,ann206430_box_n20_t3,box,0.2,3,0.7399756986634265,0.1616164000006392,23.029728499997876,0.8647936582565308,ok,,2026,results/masks/sam_vit_b/ann206430_box_n20_t3.png,cpu,2026-10-05T07:20:55.647643+00:00,0.8457963667089142,0.10582066804548773,False,False,False
sam_vit_b:ann206430_point_n00_t0,"setup1,setup2",sam_vit_b,455085,206430,ann206430_point_n00_t0,point,0.0,0,0.1853245531514581,0.1919386000081431,23.029728499997876,0.6264841556549072,ok,,2026,results/masks/sam_vit_b/ann206430_point_n00_t0.png,cpu,2026-10-05T07:20:52.853102+00:00,0.1853245531514581,0.0,True,False,True
sam_vit_b:ann206430_point_n10_t1,setup3,sam_vit_b,455085,206430,ann206430_point_n10_t1,point,0.1,1,0.1820368220268701,0.1805772999941837,23.029728499997876,0.6756466627120972,ok,,2026,results/masks/sam_vit_b/ann206430_point_n10_t1.png,cpu,2026-10-05T07:20:53.306399+00:00,0.1853245531514581,0.0032877311245879948,True,False,True
sam_vit_b:ann206430_point_n10_t2,setup3,sam_vit_b,455085,206430,ann206430_point_n10_t2,point,0.1,2,0.1963478742045559,0.163175499998033,23.029728499997876,0.6186944842338562,ok,,2026,results/masks/sam_vit_b/ann206430_point_n10_t2.png,cpu,2026-10-05T07:20:53.712001+00:00,0.1853245531514581,-0.011023321053097807,True,False,True
sam_vit_b:ann206430_point_n10_t3,setup3,sam_vit_b,455085,206430,ann206430_point_n10_t3,point,0.1,3,0.2099354197714853,0.2109690000070259,23.029728499997876,0.6257028579711914,ok,,2026,results/masks/sam_vit_b/ann206430_point_n10_t3.png,cpu,2026-10-05T07:20:54.124405+00:00,0.1853245531514581,-0.024610866620027205,True,False,True
sam_vit_b:ann206430_point_n20_t1,setup3,sam_vit_b,455085,206430,ann206430_point_n20_t1,point,0.2,1,0.1817278224136503,0.1533789000241086,23.029728499997876,0.7013390064239502,ok,,2026,results/masks/sam_vit_b/ann206430_point_n20_t1.png,cpu,2026-10-05T07:20:54.578499+00:00,0.1853245531514581,0.0035967307378078073,True,False,True
sam_vit_b:ann206430_point_n20_t2,setup3,sam_vit_b,455085,206430,ann206430_point_n20_t2,point,0.2,2,0.2219570405727923,0.1657785999996122,23.029728499997876,0.62209153175354,ok,,2026,results/masks/sam_vit_b/ann206430_point_n20_t2.png,cpu,2026-10-05T07:20:54.959947+00:00,0.1853245531514581,-0.03663248742133421,True,False,True
sam_vit_b:ann206430_point_n20_t3,setup3,sam_vit_b,455085,206430,ann206430_point_n20_t3,point,0.2,3,0.1823925513342755,0.1612790999934077,23.029728499997876,0.6691557765007019,ok,,2026,results/masks/sam_vit_b/ann206430_point_n20_t3.png,cpu,2026-10-05T07:20:55.422539+00:00,0.1853245531514581,0.002932001817182589,True,False,True
sam_vit_b:ann2132347_box_n00_t0,"setup1,setup2",sam_vit_b,389381,2132347,ann2132347_box_n00_t0,box,0.0,0,0.5092474277286648,0.1842898000031709,22.11923320000642,1.017058253288269,ok,,2026,results/masks/sam_vit_b/ann2132347_box_n00_t0.png,cpu,2026-10-05T07:18:14.186558+00:00,0.5092474277286648,0.0,False,False,False
sam_vit_b:ann2132347_box_n10_t1,setup3,sam_vit_b,389381,2132347,ann2132347_box_n10_t1,box,0.1,1,0.3903041042067304,0.1873288000060711,22.11923320000642,0.7529836297035217,ok,,2026,results/masks/sam_vit_b/ann2132347_box_n10_t1.png,cpu,2026-10-05T07:18:14.631148+00:00,0.5092474277286648,0.11894332352193443,True,False,True
sam_vit_b:ann2132347_box_n10_t2,setup3,sam_vit_b,389381,2132347,ann2132347_box_n10_t2,box,0.1,2,0.0851204644067595,0.1712348999863024,22.11923320000642,0.8990492820739746,ok,,2026,results/masks/sam_vit_b/ann2132347_box_n10_t2.png,cpu,2026-10-05T07:18:15.050207+00:00,0.5092474277286648,0.42412696332190536,True,True,True
sam_vit_b:ann2132347_box_n10_t3,setup3,sam_vit_b,389381,2132347,ann2132347_box_n10_t3,box,0.1,3,0.1311345848741676,0.1684318000043276,22.11923320000642,0.7409671545028687,ok,,2026,results/masks/sam_vit_b/ann2132347_box_n10_t3.png,cpu,2026-10-05T07:18:15.451808+00:00,0.5092474277286648,0.3781128428544972,True,True,True
sam_vit_b:ann2132347_box_n20_t1,setup3,sam_vit_b,389381,2132347,ann2132347_box_n20_t1,box,0.2,1,0.2542095270816611,0.2623870999959763,22.11923320000642,0.9950193762779236,ok,,2026,results/masks/sam_vit_b/ann2132347_box_n20_t1.png,cpu,2026-10-05T07:18:15.897782+00:00,0.5092474277286648,0.2550379006470037,True,True,True
sam_vit_b:ann2132347_box_n20_t2,setup3,sam_vit_b,389381,2132347,ann2132347_box_n20_t2,box,0.2,2,0.2563011227295815,0.2619427000172436,22.11923320000642,0.9886391162872314,ok,,2026,results/masks/sam_vit_b/ann2132347_box_n20_t2.png,cpu,2026-10-05T07:18:16.509139+00:00,0.5092474277286648,0.2529463049990833,True,True,True
sam_vit_b:ann2132347_box_n20_t3,setup3,sam_vit_b,389381,2132347,ann2132347_box_n20_t3,box,0.2,3,0.2103368369991788,0.171015100000659,22.11923320000642,0.9220619201660156,ok,,2026,results/masks/sam_vit_b/ann2132347_box_n20_t3.png,cpu,2026-10-05T07:18:17.063853+00:00,0.5092474277286648,0.298910590729486,True,True,True
sam_vit_b:ann2132347_point_n00_t0,"setup1,setup2",sam_vit_b,389381,2132347,ann2132347_point_n00_t0,point,0.0,0,0.0047336962005781,0.1740640999923925,22.11923320000642,0.8494811058044434,ok,,2026,results/masks/sam_vit_b/ann2132347_point_n00_t0.png,cpu,2026-10-05T07:18:13.947104+00:00,0.0047336962005781,0.0,True,False,True
sam_vit_b:ann2132347_point_n10_t1,setup3,sam_vit_b,389381,2132347,ann2132347_point_n10_t1,point,0.1,1,0.0153258979183608,0.1678982000157702,22.11923320000642,0.8587743639945984,ok,,2026,results/masks/sam_vit_b/ann2132347_point_n10_t1.png,cpu,2026-10-05T07:18:14.400962+00:00,0.0047336962005781,-0.0105922017177827,True,False,True
sam_vit_b:ann2132347_point_n10_t2,setup3,sam_vit_b,389381,2132347,ann2132347_point_n10_t2,point,0.1,2,0.0074670718750185,0.1734475999837741,22.11923320000642,0.938872456550598,ok,,2026,results/masks/sam_vit_b/ann2132347_point_n10_t2.png,cpu,2026-10-05T07:18:14.851093+00:00,0.0047336962005781,-0.0027333756744404,True,False,True
sam_vit_b:ann2132347_point_n10_t3,setup3,sam_vit_b,389381,2132347,ann2132347_point_n10_t3,point,0.1,3,0.0188724602755337,0.1722371999931056,22.11923320000642,0.8896023035049438,ok,,2026,results/masks/sam_vit_b/ann2132347_point_n10_t3.png,cpu,2026-10-05T07:18:15.251776+00:00,0.0047336962005781,-0.0141387640749556,True,False,True
sam_vit_b:ann2132347_point_n20_t1,setup3,sam_vit_b,389381,2132347,ann2132347_point_n20_t1,point,0.2,1,0.0156256492138206,0.1811288000026252,22.11923320000642,0.6154943704605103,ok,,2026,results/masks/sam_vit_b/ann2132347_point_n20_t1.png,cpu,2026-10-05T07:18:15.688061+00:00,0.0047336962005781,-0.010891953013242498,True,False,True
sam_vit_b:ann2132347_point_n20_t2,setup3,sam_vit_b,389381,2132347,ann2132347_point_n20_t2,point,0.2,2,0.0269182598992123,0.2829864000086672,22.11923320000642,0.9483925104141236,ok,,2026,results/masks/sam_vit_b/ann2132347_point_n20_t2.png,cpu,2026-10-05T07:18:16.191797+00:00,0.0047336962005781,-0.022184563698634197,True,False,True
sam_vit_b:ann2132347_point_n20_t3,setup3,sam_vit_b,389381,2132347,ann2132347_point_n20_t3,point,0.2,3,0.0045764009663269,0.1862361000094097,22.11923320000642,0.8779813647270203,ok,,2026,results/masks/sam_vit_b/ann2132347_point_n20_t3.png,cpu,2026-10-05T07:18:16.812867+00:00,0.0047336962005781,0.00015729523425120004,True,False,True
sam_vit_b:ann2191728_box_n00_t0,"setup1,setup2",sam_vit_b,67310,2191728,ann2191728_box_n00_t0,box,0.0,0,0.7395833333333334,0.3741246999998111,46.74375839999993,0.8634166717529297,ok,,2026,results/masks/sam_vit_b/ann2191728_box_n00_t0.png,cpu,2026-10-05T06:55:28.657602+00:00,0.7395833333333334,0.0,False,False,False
sam_vit_b:ann2191728_box_n10_t1,setup3,sam_vit_b,67310,2191728,ann2191728_box_n10_t1,box,0.1,1,0.6785515320334262,0.5406082999834325,46.74375839999993,0.8338619470596313,ok,,2026,results/masks/sam_vit_b/ann2191728_box_n10_t1.png,cpu,2026-10-05T06:55:29.627842+00:00,0.7395833333333334,0.06103180129990715,False,False,False
sam_vit_b:ann2191728_box_n10_t2,setup3,sam_vit_b,67310,2191728,ann2191728_box_n10_t2,box,0.1,2,0.697738554881412,0.2784556999977212,46.74375839999993,0.8501907587051392,ok,,2026,results/masks/sam_vit_b/ann2191728_box_n10_t2.png,cpu,2026-10-05T06:55:30.533362+00:00,0.7395833333333334,0.04184477845192136,False,False,False
sam_vit_b:ann2191728_box_n10_t3,setup3,sam_vit_b,67310,2191728,ann2191728_box_n10_t3,box,0.1,3,0.4895833333333333,0.2458629999891854,46.74375839999993,0.6304558515548706,ok,,2026,results/masks/sam_vit_b/ann2191728_box_n10_t3.png,cpu,2026-10-05T06:55:31.100435+00:00,0.7395833333333334,0.25000000000000006,True,True,True
sam_vit_b:ann2191728_box_n20_t1,setup3,sam_vit_b,67310,2191728,ann2191728_box_n20_t1,box,0.2,1,0.5294117647058824,0.2433077000023331,46.74375839999993,0.8131917715072632,ok,,2026,results/masks/sam_vit_b/ann2191728_box_n20_t1.png,cpu,2026-10-05T06:55:31.635509+00:00,0.7395833333333334,0.210171568627451,False,True,True
sam_vit_b:ann2191728_box_n20_t2,setup3,sam_vit_b,67310,2191728,ann2191728_box_n20_t2,box,0.2,2,0.3797396717600452,0.2449752999818883,46.74375839999993,0.8269691467285156,ok,,2026,results/masks/sam_vit_b/ann2191728_box_n20_t2.png,cpu,2026-10-05T06:55:32.150911+00:00,0.7395833333333334,0.3598436615732882,True,True,True
sam_vit_b:ann2191728_box_n20_t3,setup3,sam_vit_b,67310,2191728,ann2191728_box_n20_t3,box,0.2,3,0.0125408942202835,0.2405938000010792,46.74375839999993,0.7660823464393616,ok,,2026,results/masks/sam_vit_b/ann2191728_box_n20_t3.png,cpu,2026-10-05T06:55:32.668053+00:00,0.7395833333333334,0.7270424391130499,True,True,True
sam_vit_b:ann2191728_point_n00_t0,"setup1,setup2",sam_vit_b,67310,2191728,ann2191728_point_n00_t0,point,0.0,0,0.1978021978021978,0.3591830999939702,46.74375839999993,0.7389277219772339,ok,,2026,results/masks/sam_vit_b/ann2191728_point_n00_t0.png,cpu,2026-10-05T06:55:28.234286+00:00,0.1978021978021978,0.0,True,False,True
sam_vit_b:ann2191728_point_n10_t1,setup3,sam_vit_b,67310,2191728,ann2191728_point_n10_t1,point,0.1,1,0.3411028993746446,0.5408910000114702,46.74375839999993,0.6728200912475586,ok,,2026,results/masks/sam_vit_b/ann2191728_point_n10_t1.png,cpu,2026-10-05T06:55:29.057300+00:00,0.1978021978021978,-0.14330070157244681,True,False,True
sam_vit_b:ann2191728_point_n10_t2,setup3,sam_vit_b,67310,2191728,ann2191728_point_n10_t2,point,0.1,2,0.6744060475161987,0.2923912999976892,46.74375839999993,0.7411450147628784,ok,,2026,results/masks/sam_vit_b/ann2191728_point_n10_t2.png,cpu,2026-10-05T06:55:30.225567+00:00,0.1978021978021978,-0.47660384971400094,False,False,False
sam_vit_b:ann2191728_point_n10_t3,setup3,sam_vit_b,67310,2191728,ann2191728_point_n10_t3,point,0.1,3,0.012790306294177,0.2551545000169426,46.74375839999993,0.8739060759544373,ok,,2026,results/masks/sam_vit_b/ann2191728_point_n10_t3.png,cpu,2026-10-05T06:55:30.827740+00:00,0.1978021978021978,0.1850118915080208,True,False,True
sam_vit_b:ann2191728_point_n20_t1,setup3,sam_vit_b,67310,2191728,ann2191728_point_n20_t1,point,0.2,1,0.5735702387562466,0.2577044999925419,46.74375839999993,0.6077456474304199,ok,,2026,results/masks/sam_vit_b/ann2191728_point_n20_t1.png,cpu,2026-10-05T06:55:31.360000+00:00,0.1978021978021978,-0.3757680409540488,False,False,False
sam_vit_b:ann2191728_point_n20_t2,setup3,sam_vit_b,67310,2191728,ann2191728_point_n20_t2,point,0.2,2,0.6828729281767956,0.2420292999886442,46.74375839999993,0.6714016199111938,ok,,2026,results/masks/sam_vit_b/ann2191728_point_n20_t2.png,cpu,2026-10-05T06:55:31.894075+00:00,0.1978021978021978,-0.4850707303745978,False,False,False
sam_vit_b:ann2191728_point_n20_t3,setup3,sam_vit_b,67310,2191728,ann2191728_point_n20_t3,point,0.2,3,0.0103887399463806,0.2444146999914664,46.74375839999993,0.8164486289024353,ok,,2026,results/masks/sam_vit_b/ann2191728_point_n20_t3.png,cpu,2026-10-05T06:55:32.409199+00:00,0.1978021978021978,0.1874134578558172,True,False,True
sam_vit_b:ann2194765_box_n00_t0,"setup1,setup2",sam_vit_b,348045,2194765,ann2194765_box_n00_t0,box,0.0,0,0.9086422586939056,0.1825793000170961,25.4170807999908,0.9812573194503784,ok,,2026,results/masks/sam_vit_b/ann2194765_box_n00_t0.png,cpu,2026-10-05T07:15:03.509635+00:00,0.9086422586939056,0.0,False,False,False
sam_vit_b:ann2194765_box_n10_t1,setup3,sam_vit_b,348045,2194765,ann2194765_box_n10_t1,box,0.1,1,0.8426221886441565,0.5688784999947529,25.4170807999908,0.965862274169922,ok,,2026,results/masks/sam_vit_b/ann2194765_box_n10_t1.png,cpu,2026-10-05T07:15:03.964605+00:00,0.9086422586939056,0.06602007004974908,False,False,False
sam_vit_b:ann2194765_box_n10_t2,setup3,sam_vit_b,348045,2194765,ann2194765_box_n10_t2,box,0.1,2,0.8835553514010106,0.1961868999933358,25.4170807999908,0.9615688323974608,ok,,2026,results/masks/sam_vit_b/ann2194765_box_n10_t2.png,cpu,2026-10-05T07:15:04.868429+00:00,0.9086422586939056,0.025086907292894978,False,False,False
sam_vit_b:ann2194765_box_n10_t3,setup3,sam_vit_b,348045,2194765,ann2194765_box_n10_t3,box,0.1,3,0.827746470690757,0.1893947999924421,25.4170807999908,0.9690039157867432,ok,,2026,results/masks/sam_vit_b/ann2194765_box_n10_t3.png,cpu,2026-10-05T07:15:05.345742+00:00,0.9086422586939056,0.08089578800314856,False,False,False
sam_vit_b:ann2194765_box_n20_t1,setup3,sam_vit_b,348045,2194765,ann2194765_box_n20_t1,box,0.2,1,0.6814556040756914,0.1911909000191372,25.4170807999908,0.8453945517539978,ok,,2026,results/masks/sam_vit_b/ann2194765_box_n20_t1.png,cpu,2026-10-05T07:15:05.761091+00:00,0.9086422586939056,0.2271866546182142,False,True,True
sam_vit_b:ann2194765_box_n20_t2,setup3,sam_vit_b,348045,2194765,ann2194765_box_n20_t2,box,0.2,2,0.0023623400051541,0.188219100004062,25.4170807999908,0.7863194346427917,ok,,2026,results/masks/sam_vit_b/ann2194765_box_n20_t2.png,cpu,2026-10-05T07:15:06.180281+00:00,0.9086422586939056,0.9062799186887515,True,True,True
sam_vit_b:ann2194765_box_n20_t3,setup3,sam_vit_b,348045,2194765,ann2194765_box_n20_t3,box,0.2,3,0.4257193524397917,0.1945264000096358,25.4170807999908,0.6874665021896362,ok,,2026,results/masks/sam_vit_b/ann2194765_box_n20_t3.png,cpu,2026-10-05T07:15:06.642017+00:00,0.9086422586939056,0.4829229062541139,True,True,True
sam_vit_b:ann2194765_point_n00_t0,"setup1,setup2",sam_vit_b,348045,2194765,ann2194765_point_n00_t0,point,0.0,0,0.9104279617026184,0.2054503000108525,25.4170807999908,0.9273526668548584,ok,,2026,results/masks/sam_vit_b/ann2194765_point_n00_t0.png,cpu,2026-10-05T07:15:03.276677+00:00,0.9104279617026184,0.0,False,False,False
sam_vit_b:ann2194765_point_n10_t1,setup3,sam_vit_b,348045,2194765,ann2194765_point_n10_t1,point,0.1,1,0.9123414071510956,0.1960181000176817,25.4170807999908,0.9339174032211304,ok,,2026,results/masks/sam_vit_b/ann2194765_point_n10_t1.png,cpu,2026-10-05T07:15:03.737345+00:00,0.9104279617026184,-0.001913445448477158,False,False,False
sam_vit_b:ann2194765_point_n10_t2,setup3,sam_vit_b,348045,2194765,ann2194765_point_n10_t2,point,0.1,2,0.8918528783417057,0.2815086999908089,25.4170807999908,0.8982285261154175,ok,,2026,results/masks/sam_vit_b/ann2194765_point_n10_t2.png,cpu,2026-10-05T07:15:04.562422+00:00,0.9104279617026184,0.018575083360912736,False,False,False
sam_vit_b:ann2194765_point_n10_t3,setup3,sam_vit_b,348045,2194765,ann2194765_point_n10_t3,point,0.1,3,0.9198778872184782,0.200427599978866,25.4170807999908,0.9555169939994812,ok,,2026,results/masks/sam_vit_b/ann2194765_point_n10_t3.png,cpu,2026-10-05T07:15:05.119161+00:00,0.9104279617026184,-0.00944992551585977,False,False,False
sam_vit_b:ann2194765_point_n20_t1,setup3,sam_vit_b,348045,2194765,ann2194765_point_n20_t1,point,0.2,1,0.8743930635838151,0.1770522000151686,25.4170807999908,0.8788290023803711,ok,,2026,results/masks/sam_vit_b/ann2194765_point_n20_t1.png,cpu,2026-10-05T07:15:05.560684+00:00,0.9104279617026184,0.03603489811880334,False,False,False
sam_vit_b:ann2194765_point_n20_t2,setup3,sam_vit_b,348045,2194765,ann2194765_point_n20_t2,point,0.2,2,0.7262042612320518,0.1794520000112243,25.4170807999908,0.851326584815979,ok,,2026,results/masks/sam_vit_b/ann2194765_point_n20_t2.png,cpu,2026-10-05T07:15:05.975923+00:00,0.9104279617026184,0.18422370047056658,False,False,False
sam_vit_b:ann2194765_point_n20_t3,setup3,sam_vit_b,348045,2194765,ann2194765_point_n20_t3,point,0.2,3,0.9384421390496932,0.1844132999831345,25.4170807999908,1.002468228340149,ok,,2026,results/masks/sam_vit_b/ann2194765_point_n20_t3.png,cpu,2026-10-05T07:15:06.394321+00:00,0.9104279617026184,-0.028014177347074787,False,False,False
sam_vit_b:ann2215064_box_n00_t0,"setup1,setup2",sam_vit_b,313034,2215064,ann2215064_box_n00_t0,box,0.0,0,0.7602739726027398,0.2790309000120032,23.590349599980986,0.9586125612258912,ok,,2026,results/masks/sam_vit_b/ann2215064_box_n00_t0.png,cpu,2026-10-05T07:13:39.884077+00:00,0.7602739726027398,0.0,False,False,False
sam_vit_b:ann2215064_box_n10_t1,setup3,sam_vit_b,313034,2215064,ann2215064_box_n10_t1,box,0.1,1,0.75,0.2830245999793987,23.590349599980986,0.9522112607955932,ok,,2026,results/masks/sam_vit_b/ann2215064_box_n10_t1.png,cpu,2026-10-05T07:13:40.531225+00:00,0.7602739726027398,0.010273972602739767,False,False,False
sam_vit_b:ann2215064_box_n10_t2,setup3,sam_vit_b,313034,2215064,ann2215064_box_n10_t2,box,0.1,2,0.75,0.1715994999976828,23.590349599980986,0.9541072845458984,ok,,2026,results/masks/sam_vit_b/ann2215064_box_n10_t2.png,cpu,2026-10-05T07:13:41.111992+00:00,0.7602739726027398,0.010273972602739767,False,False,False
sam_vit_b:ann2215064_box_n10_t3,setup3,sam_vit_b,313034,2215064,ann2215064_box_n10_t3,box,0.1,3,0.7724137931034483,0.1645687000127509,23.590349599980986,0.9583604335784912,ok,,2026,results/masks/sam_vit_b/ann2215064_box_n10_t3.png,cpu,2026-10-05T07:13:41.540393+00:00,0.7602739726027398,-0.012139820500708498,False,False,False
sam_vit_b:ann2215064_box_n20_t1,setup3,sam_vit_b,313034,2215064,ann2215064_box_n20_t1,box,0.2,1,0.7655172413793103,0.1759626000130083,23.590349599980986,0.9397439360618592,ok,,2026,results/masks/sam_vit_b/ann2215064_box_n20_t1.png,cpu,2026-10-05T07:13:41.958274+00:00,0.7602739726027398,-0.005243268776570553,False,False,False
sam_vit_b:ann2215064_box_n20_t2,setup3,sam_vit_b,313034,2215064,ann2215064_box_n20_t2,box,0.2,2,0.7465753424657534,0.1732536999916192,23.590349599980986,0.9348576664924622,ok,,2026,results/masks/sam_vit_b/ann2215064_box_n20_t2.png,cpu,2026-10-05T07:13:42.404741+00:00,0.7602739726027398,0.013698630136986356,False,False,False
sam_vit_b:ann2215064_box_n20_t3,setup3,sam_vit_b,313034,2215064,ann2215064_box_n20_t3,box,0.2,3,0.7619047619047619,0.1790422000049147,23.590349599980986,0.9498834609985352,ok,,2026,results/masks/sam_vit_b/ann2215064_box_n20_t3.png,cpu,2026-10-05T07:13:42.832070+00:00,0.7602739726027398,-0.0016307893020220954,False,False,False
sam_vit_b:ann2215064_point_n00_t0,"setup1,setup2",sam_vit_b,313034,2215064,ann2215064_point_n00_t0,point,0.0,0,0.7516778523489933,0.2294521000003442,23.590349599980986,0.9569069743156432,ok,,2026,results/masks/sam_vit_b/ann2215064_point_n00_t0.png,cpu,2026-10-05T07:13:39.590768+00:00,0.7516778523489933,0.0,False,False,False
sam_vit_b:ann2215064_point_n10_t1,setup3,sam_vit_b,313034,2215064,ann2215064_point_n10_t1,point,0.1,1,0.7516778523489933,0.2820151000050828,23.590349599980986,0.9582271575927734,ok,,2026,results/masks/sam_vit_b/ann2215064_point_n10_t1.png,cpu,2026-10-05T07:13:40.226726+00:00,0.7516778523489933,0.0,False,False,False
sam_vit_b:ann2215064_point_n10_t2,setup3,sam_vit_b,313034,2215064,ann2215064_point_n10_t2,point,0.1,2,0.7516778523489933,0.1818639999837614,23.590349599980986,0.9597744345664978,ok,,2026,results/masks/sam_vit_b/ann2215064_point_n10_t2.png,cpu,2026-10-05T07:13:40.873394+00:00,0.7516778523489933,0.0,False,False,False
sam_vit_b:ann2215064_point_n10_t3,setup3,sam_vit_b,313034,2215064,ann2215064_point_n10_t3,point,0.1,3,0.7516778523489933,0.1766740000166464,23.590349599980986,0.9554980993270874,ok,,2026,results/masks/sam_vit_b/ann2215064_point_n10_t3.png,cpu,2026-10-05T07:13:41.306420+00:00,0.7516778523489933,0.0,False,False,False
sam_vit_b:ann2215064_point_n20_t1,setup3,sam_vit_b,313034,2215064,ann2215064_point_n20_t1,point,0.2,1,0.7417218543046358,0.1781394999998156,23.590349599980986,0.9571223258972168,ok,,2026,results/masks/sam_vit_b/ann2215064_point_n20_t1.png,cpu,2026-10-05T07:13:41.723264+00:00,0.7516778523489933,0.009955998044357539,False,False,False
sam_vit_b:ann2215064_point_n20_t2,setup3,sam_vit_b,313034,2215064,ann2215064_point_n20_t2,point,0.2,2,0.7516778523489933,0.1849869000143371,23.590349599980986,0.953495442867279,ok,,2026,results/masks/sam_vit_b/ann2215064_point_n20_t2.png,cpu,2026-10-05T07:13:42.157400+00:00,0.7516778523489933,0.0,False,False,False
sam_vit_b:ann2215064_point_n20_t3,setup3,sam_vit_b,313034,2215064,ann2215064_point_n20_t3,point,0.2,3,0.7516778523489933,0.1773736999894026,23.590349599980986,0.9507336616516112,ok,,2026,results/masks/sam_vit_b/ann2215064_point_n20_t3.png,cpu,2026-10-05T07:13:42.598228+00:00,0.7516778523489933,0.0,False,False,False
sam_vit_b:ann2227685_box_n00_t0,"setup1,setup2",sam_vit_b,222455,2227685,ann2227685_box_n00_t0,box,0.0,0,0.7952640286777884,0.198635100008687,26.25088690000121,0.9218864440917968,ok,,2026,results/masks/sam_vit_b/ann2227685_box_n00_t0.png,cpu,2026-10-05T07:10:54.323677+00:00,0.7952640286777884,0.0,False,False,False
sam_vit_b:ann2227685_box_n10_t1,setup3,sam_vit_b,222455,2227685,ann2227685_box_n10_t1,box,0.1,1,0.0005838192770256,0.1942802999983541,26.25088690000121,0.477910429239273,ok,,2026,results/masks/sam_vit_b/ann2227685_box_n10_t1.png,cpu,2026-10-05T07:10:54.753288+00:00,0.7952640286777884,0.7946802094007629,True,True,True
sam_vit_b:ann2227685_box_n10_t2,setup3,sam_vit_b,222455,2227685,ann2227685_box_n10_t2,box,0.1,2,0.0452081793545208,0.2002493999898433,26.25088690000121,0.6143154501914978,ok,,2026,results/masks/sam_vit_b/ann2227685_box_n10_t2.png,cpu,2026-10-05T07:10:55.173303+00:00,0.7952640286777884,0.7500558493232676,True,True,True
sam_vit_b:ann2227685_box_n10_t3,setup3,sam_vit_b,222455,2227685,ann2227685_box_n10_t3,box,0.1,3,0.2823709327252618,0.2410545999882742,26.25088690000121,0.7744280099868774,ok,,2026,results/masks/sam_vit_b/ann2227685_box_n10_t3.png,cpu,2026-10-05T07:10:55.637828+00:00,0.7952640286777884,0.5128930959525266,True,True,True
sam_vit_b:ann2227685_box_n20_t1,setup3,sam_vit_b,222455,2227685,ann2227685_box_n20_t1,box,0.2,1,0.3215613748598186,0.3087415000190958,26.25088690000121,0.883143961429596,ok,,2026,results/masks/sam_vit_b/ann2227685_box_n20_t1.png,cpu,2026-10-05T07:10:56.227385+00:00,0.7952640286777884,0.47370265381796983,True,True,True
sam_vit_b:ann2227685_box_n20_t2,setup3,sam_vit_b,222455,2227685,ann2227685_box_n20_t2,box,0.2,2,0.3463897485169089,0.2111640999792143,26.25088690000121,0.794968843460083,ok,,2026,results/masks/sam_vit_b/ann2227685_box_n20_t2.png,cpu,2026-10-05T07:10:56.861371+00:00,0.7952640286777884,0.44887428016087955,True,True,True
sam_vit_b:ann2227685_box_n20_t3,setup3,sam_vit_b,222455,2227685,ann2227685_box_n20_t3,box,0.2,3,0.1638473359771153,0.1837839999934658,26.25088690000121,0.7196100354194641,ok,,2026,results/masks/sam_vit_b/ann2227685_box_n20_t3.png,cpu,2026-10-05T07:10:57.320799+00:00,0.7952640286777884,0.6314166927006731,True,True,True
sam_vit_b:ann2227685_point_n00_t0,"setup1,setup2",sam_vit_b,222455,2227685,ann2227685_point_n00_t0,point,0.0,0,0.0627361102350063,0.2042155999806709,26.25088690000121,0.8043528199195862,ok,,2026,results/masks/sam_vit_b/ann2227685_point_n00_t0.png,cpu,2026-10-05T07:10:54.095768+00:00,0.0627361102350063,0.0,True,False,True
sam_vit_b:ann2227685_point_n10_t1,setup3,sam_vit_b,222455,2227685,ann2227685_point_n10_t1,point,0.1,1,0.0695977627788641,0.192997899983311,26.25088690000121,0.9596572518348694,ok,,2026,results/masks/sam_vit_b/ann2227685_point_n10_t1.png,cpu,2026-10-05T07:10:54.542473+00:00,0.0627361102350063,-0.006861652543857802,True,False,True
sam_vit_b:ann2227685_point_n10_t2,setup3,sam_vit_b,222455,2227685,ann2227685_point_n10_t2,point,0.1,2,0.3073781462999444,0.1844258999917656,26.25088690000121,0.7065464854240417,ok,,2026,results/masks/sam_vit_b/ann2227685_point_n10_t2.png,cpu,2026-10-05T07:10:54.967322+00:00,0.0627361102350063,-0.24464203606493812,True,False,True
sam_vit_b:ann2227685_point_n10_t3,setup3,sam_vit_b,222455,2227685,ann2227685_point_n10_t3,point,0.1,3,0.8053341213337365,0.2136137000052258,26.25088690000121,0.8288726806640625,ok,,2026,results/masks/sam_vit_b/ann2227685_point_n10_t3.png,cpu,2026-10-05T07:10:55.400074+00:00,0.0627361102350063,-0.7425980110987302,False,False,False
sam_vit_b:ann2227685_point_n20_t1,setup3,sam_vit_b,222455,2227685,ann2227685_point_n20_t1,point,0.2,1,0.0678455532426389,0.2960657999792602,26.25088690000121,0.937819004058838,ok,,2026,results/masks/sam_vit_b/ann2227685_point_n20_t1.png,cpu,2026-10-05T07:10:55.906722+00:00,0.0627361102350063,-0.005109443007632594,True,False,True
sam_vit_b:ann2227685_point_n20_t2,setup3,sam_vit_b,222455,2227685,ann2227685_point_n20_t2,point,0.2,2,0.2225870591035748,0.2762959999963641,26.25088690000121,0.819811224937439,ok,,2026,results/masks/sam_vit_b/ann2227685_point_n20_t2.png,cpu,2026-10-05T07:10:56.562816+00:00,0.0627361102350063,-0.1598509488685685,True,False,True
sam_vit_b:ann2227685_point_n20_t3,setup3,sam_vit_b,222455,2227685,ann2227685_point_n20_t3,point,0.2,3,0.2629637665437188,0.1993191000074148,26.25088690000121,0.7343828082084656,ok,,2026,results/masks/sam_vit_b/ann2227685_point_n20_t3.png,cpu,2026-10-05T07:10:57.101455+00:00,0.0627361102350063,-0.20022765630871248,True,False,True
sam_vit_b:ann332298_box_n00_t0,"setup1,setup2",sam_vit_b,404191,332298,ann332298_box_n00_t0,box,0.0,0,0.8944112661777053,0.1629220999893732,22.069911099999445,0.9695643186569214,ok,,2026,results/masks/sam_vit_b/ann332298_box_n00_t0.png,cpu,2026-10-05T07:19:06.049328+00:00,0.8944112661777053,0.0,False,False,False
sam_vit_b:ann332298_box_n10_t1,setup3,sam_vit_b,404191,332298,ann332298_box_n10_t1,box,0.1,1,0.0003882398616454,0.1570382000063546,22.069911099999445,0.9837636947631836,ok,,2026,results/masks/sam_vit_b/ann332298_box_n10_t1.png,cpu,2026-10-05T07:19:06.433248+00:00,0.8944112661777053,0.8940230263160599,True,True,True
sam_vit_b:ann332298_box_n10_t2,setup3,sam_vit_b,404191,332298,ann332298_box_n10_t2,box,0.1,2,0.073078899200411,0.1667179000214673,22.069911099999445,0.4473262131214142,ok,,2026,results/masks/sam_vit_b/ann332298_box_n10_t2.png,cpu,2026-10-05T07:19:06.811667+00:00,0.8944112661777053,0.8213323669772943,True,True,True
sam_vit_b:ann332298_box_n10_t3,setup3,sam_vit_b,404191,332298,ann332298_box_n10_t3,box,0.1,3,0.2759702934683716,0.2868756999960169,22.069911099999445,0.7669232487678528,ok,,2026,results/masks/sam_vit_b/ann332298_box_n10_t3.png,cpu,2026-10-05T07:19:07.215053+00:00,0.8944112661777053,0.6184409727093336,True,True,True
sam_vit_b:ann332298_box_n20_t1,setup3,sam_vit_b,404191,332298,ann332298_box_n20_t1,box,0.2,1,0.000388190538032,0.1797444999974686,22.069911099999445,0.983801007270813,ok,,2026,results/masks/sam_vit_b/ann332298_box_n20_t1.png,cpu,2026-10-05T07:19:07.751569+00:00,0.8944112661777053,0.8940230756396733,True,True,True
sam_vit_b:ann332298_box_n20_t2,setup3,sam_vit_b,404191,332298,ann332298_box_n20_t2,box,0.2,2,0.0156808781291752,0.2545507000177167,22.069911099999445,0.3284772038459778,ok,,2026,results/masks/sam_vit_b/ann332298_box_n20_t2.png,cpu,2026-10-05T07:19:08.308690+00:00,0.8944112661777053,0.8787303880485301,True,True,True
sam_vit_b:ann332298_box_n20_t3,setup3,sam_vit_b,404191,332298,ann332298_box_n20_t3,box,0.2,3,0.0002393178756777,0.2278987000172492,22.069911099999445,0.9102599024772644,ok,,2026,results/masks/sam_vit_b/ann332298_box_n20_t3.png,cpu,2026-10-05T07:19:08.936023+00:00,0.8944112661777053,0.8941719483020276,True,True,True
sam_vit_b:ann332298_point_n00_t0,"setup1,setup2",sam_vit_b,404191,332298,ann332298_point_n00_t0,point,0.0,0,0.7072427608377516,0.1764995999983512,22.069911099999445,0.8828544616699219,ok,,2026,results/masks/sam_vit_b/ann332298_point_n00_t0.png,cpu,2026-10-05T07:19:05.843903+00:00,0.7072427608377516,0.0,False,False,False
sam_vit_b:ann332298_point_n10_t1,setup3,sam_vit_b,404191,332298,ann332298_point_n10_t1,point,0.1,1,0.6477708129599051,0.1693042000115383,22.069911099999445,0.8038126230239868,ok,,2026,results/masks/sam_vit_b/ann332298_point_n10_t1.png,cpu,2026-10-05T07:19:06.237625+00:00,0.7072427608377516,0.05947194787784649,False,False,False
sam_vit_b:ann332298_point_n10_t2,setup3,sam_vit_b,404191,332298,ann332298_point_n10_t2,point,0.1,2,0.599287070713573,0.171845899982145,22.069911099999445,0.5826559662818909,ok,,2026,results/masks/sam_vit_b/ann332298_point_n10_t2.png,cpu,2026-10-05T07:19:06.615229+00:00,0.7072427608377516,0.1079556901241786,False,False,False
sam_vit_b:ann332298_point_n10_t3,setup3,sam_vit_b,404191,332298,ann332298_point_n10_t3,point,0.1,3,0.0055696854576478,0.1549189000215847,22.069911099999445,0.9245696663856506,ok,,2026,results/masks/sam_vit_b/ann332298_point_n10_t3.png,cpu,2026-10-05T07:19:07.000839+00:00,0.7072427608377516,0.7016730753801038,True,True,True
sam_vit_b:ann332298_point_n20_t1,setup3,sam_vit_b,404191,332298,ann332298_point_n20_t1,point,0.2,1,0.7667002028138424,0.1583915000082925,22.069911099999445,0.8452359437942505,ok,,2026,results/masks/sam_vit_b/ann332298_point_n20_t1.png,cpu,2026-10-05T07:19:07.570794+00:00,0.7072427608377516,-0.05945744197609082,False,False,False
sam_vit_b:ann332298_point_n20_t2,setup3,sam_vit_b,404191,332298,ann332298_point_n20_t2,point,0.2,2,0.6262940789368088,0.2538933999894652,22.069911099999445,0.7995895147323608,ok,,2026,results/masks/sam_vit_b/ann332298_point_n20_t2.png,cpu,2026-10-05T07:19:07.992459+00:00,0.7072427608377516,0.08094868190094284,False,False,False
sam_vit_b:ann332298_point_n20_t3,setup3,sam_vit_b,404191,332298,ann332298_point_n20_t3,point,0.2,3,0.013014712984128,0.2965758999926038,22.069911099999445,0.7270186543464661,ok,,2026,results/masks/sam_vit_b/ann332298_point_n20_t3.png,cpu,2026-10-05T07:19:08.607710+00:00,0.7072427608377516,0.6942280478536236,True,True,True
sam_vit_b:ann339546_box_n00_t0,"setup1,setup2",sam_vit_b,541952,339546,ann339546_box_n00_t0,box,0.0,0,0.949780701754386,0.1908557999995537,21.340664599993037,0.9801198244094848,ok,,2026,results/masks/sam_vit_b/ann339546_box_n00_t0.png,cpu,2026-10-05T07:23:50.914665+00:00,0.949780701754386,0.0,False,False,False
sam_vit_b:ann339546_box_n10_t1,setup3,sam_vit_b,541952,339546,ann339546_box_n10_t1,box,0.1,1,0.9399270542801974,0.1832804000005126,21.340664599993037,0.9668189883232116,ok,,2026,results/masks/sam_vit_b/ann339546_box_n10_t1.png,cpu,2026-10-05T07:23:51.351575+00:00,0.949780701754386,0.009853647474188598,False,False,False
sam_vit_b:ann339546_box_n10_t2,setup3,sam_vit_b,541952,339546,ann339546_box_n10_t2,box,0.1,2,0.9456973943507772,0.2467019000032451,21.340664599993037,0.971049427986145,ok,,2026,results/masks/sam_vit_b/ann339546_box_n10_t2.png,cpu,2026-10-05T07:23:51.767831+00:00,0.949780701754386,0.004083307403608849,False,False,False
sam_vit_b:ann339546_box_n10_t3,setup3,sam_vit_b,541952,339546,ann339546_box_n10_t3,box,0.1,3,0.9469084553200786,0.3220708000008017,21.340664599993037,0.9663770794868468,ok,,2026,results/masks/sam_vit_b/ann339546_box_n10_t3.png,cpu,2026-10-05T07:23:52.467932+00:00,0.949780701754386,0.0028722464343073906,False,False,False
sam_vit_b:ann339546_box_n20_t1,setup3,sam_vit_b,541952,339546,ann339546_box_n20_t1,box,0.2,1,0.0078183172002978,0.2528915000148117,21.340664599993037,0.8987381458282471,ok,,2026,results/masks/sam_vit_b/ann339546_box_n20_t1.png,cpu,2026-10-05T07:23:53.120907+00:00,0.949780701754386,0.9419623845540882,True,True,True
sam_vit_b:ann339546_box_n20_t2,setup3,sam_vit_b,541952,339546,ann339546_box_n20_t2,box,0.2,2,0.0,0.2290765999932773,21.340664599993037,0.8358562588691711,ok,,2026,results/masks/sam_vit_b/ann339546_box_n20_t2.png,cpu,2026-10-05T07:23:53.750449+00:00,0.949780701754386,0.949780701754386,True,True,True
sam_vit_b:ann339546_box_n20_t3,setup3,sam_vit_b,541952,339546,ann339546_box_n20_t3,box,0.2,3,0.0009165902841429,0.2378132999874651,21.340664599993037,0.8331644535064697,ok,,2026,results/masks/sam_vit_b/ann339546_box_n20_t3.png,cpu,2026-10-05T07:23:54.307850+00:00,0.949780701754386,0.9488641114702431,True,True,True
sam_vit_b:ann339546_point_n00_t0,"setup1,setup2",sam_vit_b,541952,339546,ann339546_point_n00_t0,point,0.0,0,0.6128109178956637,0.1852520999964326,21.340664599993037,0.5542630553245544,ok,,2026,results/masks/sam_vit_b/ann339546_point_n00_t0.png,cpu,2026-10-05T07:23:50.698360+00:00,0.6128109178956637,0.0,False,False,False
sam_vit_b:ann339546_point_n10_t1,setup3,sam_vit_b,541952,339546,ann339546_point_n10_t1,point,0.1,1,0.8610460577673692,0.1847354999918025,21.340664599993037,0.9542927742004396,ok,,2026,results/masks/sam_vit_b/ann339546_point_n10_t1.png,cpu,2026-10-05T07:23:51.136365+00:00,0.6128109178956637,-0.24823513987170553,False,False,False
sam_vit_b:ann339546_point_n10_t2,setup3,sam_vit_b,541952,339546,ann339546_point_n10_t2,point,0.1,2,0.8905522961764111,0.1728213999886065,21.340664599993037,0.94556987285614,ok,,2026,results/masks/sam_vit_b/ann339546_point_n10_t2.png,cpu,2026-10-05T07:23:51.565401+00:00,0.6128109178956637,-0.2777413782807474,False,False,False
sam_vit_b:ann339546_point_n10_t3,setup3,sam_vit_b,541952,339546,ann339546_point_n10_t3,point,0.1,3,0.054989816700611,0.3767578999977559,21.340664599993037,0.6476053595542908,ok,,2026,results/masks/sam_vit_b/ann339546_point_n10_t3.png,cpu,2026-10-05T07:23:52.051809+00:00,0.6128109178956637,0.5578211011950527,True,True,True
sam_vit_b:ann339546_point_n20_t1,setup3,sam_vit_b,541952,339546,ann339546_point_n20_t1,point,0.2,1,0.8794651766114548,0.2527990999806206,21.340664599993037,0.9546302556991576,ok,,2026,results/masks/sam_vit_b/ann339546_point_n20_t1.png,cpu,2026-10-05T07:23:52.830945+00:00,0.6128109178956637,-0.2666542587157912,False,False,False
sam_vit_b:ann339546_point_n20_t2,setup3,sam_vit_b,541952,339546,ann339546_point_n20_t2,point,0.2,2,0.8976137058943504,0.2376094000064768,21.340664599993037,0.9477137327194214,ok,,2026,results/masks/sam_vit_b/ann339546_point_n20_t2.png,cpu,2026-10-05T07:23:53.445690+00:00,0.6128109178956637,-0.28480278799868675,False,False,False
sam_vit_b:ann339546_point_n20_t3,setup3,sam_vit_b,541952,339546,ann339546_point_n20_t3,point,0.2,3,0.9100124120810924,0.2237071999988984,21.340664599993037,0.8852583169937134,ok,,2026,results/masks/sam_vit_b/ann339546_point_n20_t3.png,cpu,2026-10-05T07:23:54.012957+00:00,0.6128109178956637,-0.29720149418542874,False,False,False
sam_vit_b:ann341957_box_n00_t0,"setup1,setup2",sam_vit_b,311394,341957,ann341957_box_n00_t0,box,0.0,0,0.7946567862714509,0.1857472000119742,25.854293799988227,0.9798110723495485,ok,,2026,results/masks/sam_vit_b/ann341957_box_n00_t0.png,cpu,2026-10-05T07:13:13.322110+00:00,0.7946567862714509,0.0,False,False,False
sam_vit_b:ann341957_box_n10_t1,setup3,sam_vit_b,311394,341957,ann341957_box_n10_t1,box,0.1,1,0.6894870492635856,0.199069900001632,25.854293799988227,0.9369605779647828,ok,,2026,results/masks/sam_vit_b/ann341957_box_n10_t1.png,cpu,2026-10-05T07:13:13.721277+00:00,0.7946567862714509,0.10516973700786525,False,False,False
sam_vit_b:ann341957_box_n10_t2,setup3,sam_vit_b,311394,341957,ann341957_box_n10_t2,box,0.1,2,0.6735192346834927,0.1970094999996945,25.854293799988227,0.9383686780929564,ok,,2026,results/masks/sam_vit_b/ann341957_box_n10_t2.png,cpu,2026-10-05T07:13:14.139479+00:00,0.7946567862714509,0.12113755158795814,False,False,False
sam_vit_b:ann341957_box_n10_t3,setup3,sam_vit_b,311394,341957,ann341957_box_n10_t3,box,0.1,3,0.7867317073170732,0.1639142999774776,25.854293799988227,0.9704945683479308,ok,,2026,results/masks/sam_vit_b/ann341957_box_n10_t3.png,cpu,2026-10-05T07:13:14.552475+00:00,0.7946567862714509,0.007925078954377662,False,False,False
sam_vit_b:ann341957_box_n20_t1,setup3,sam_vit_b,311394,341957,ann341957_box_n20_t1,box,0.2,1,0.6389452332657201,0.1651945000048726,25.854293799988227,0.944583296775818,ok,,2026,results/masks/sam_vit_b/ann341957_box_n20_t1.png,cpu,2026-10-05T07:13:14.926862+00:00,0.7946567862714509,0.1557115530057308,False,False,False
sam_vit_b:ann341957_box_n20_t2,setup3,sam_vit_b,311394,341957,ann341957_box_n20_t2,box,0.2,2,0.6415726912526669,0.1865595999988727,25.854293799988227,0.9487023949623108,ok,,2026,results/masks/sam_vit_b/ann341957_box_n20_t2.png,cpu,2026-10-05T07:13:15.321854+00:00,0.7946567862714509,0.15308409501878395,False,False,False
sam_vit_b:ann341957_box_n20_t3,setup3,sam_vit_b,311394,341957,ann341957_box_n20_t3,box,0.2,3,0.5635513088484124,0.1955273999774363,25.854293799988227,0.8956207036972046,ok,,2026,results/masks/sam_vit_b/ann341957_box_n20_t3.png,cpu,2026-10-05T07:13:15.757915+00:00,0.7946567862714509,0.23110547742303844,False,True,True
sam_vit_b:ann341957_point_n00_t0,"setup1,setup2",sam_vit_b,311394,341957,ann341957_point_n00_t0,point,0.0,0,0.0690018991348385,0.1887279000075068,25.854293799988227,0.8935326337814331,ok,,2026,results/masks/sam_vit_b/ann341957_point_n00_t0.png,cpu,2026-10-05T07:13:13.110837+00:00,0.0690018991348385,0.0,True,False,True
sam_vit_b:ann341957_point_n10_t1,setup3,sam_vit_b,311394,341957,ann341957_point_n10_t1,point,0.1,1,0.0021937487866433,0.1685789999901317,25.854293799988227,0.8552511930465698,ok,,2026,results/masks/sam_vit_b/ann341957_point_n10_t1.png,cpu,2026-10-05T07:13:13.530111+00:00,0.0690018991348385,0.0668081503481952,True,False,True
sam_vit_b:ann341957_point_n10_t2,setup3,sam_vit_b,311394,341957,ann341957_point_n10_t2,point,0.1,2,0.0024618128246879,0.1775907000119332,25.854293799988227,0.8104273080825806,ok,,2026,results/masks/sam_vit_b/ann341957_point_n10_t2.png,cpu,2026-10-05T07:13:13.940612+00:00,0.0690018991348385,0.06654008631015061,True,False,True
sam_vit_b:ann341957_point_n10_t3,setup3,sam_vit_b,311394,341957,ann341957_point_n10_t3,point,0.1,3,0.793935825728584,0.1711209999921266,25.854293799988227,0.6217858195304871,ok,,2026,results/masks/sam_vit_b/ann341957_point_n10_t3.png,cpu,2026-10-05T07:13:14.358120+00:00,0.0690018991348385,-0.7249339265937456,False,False,False
sam_vit_b:ann341957_point_n20_t1,setup3,sam_vit_b,311394,341957,ann341957_point_n20_t1,point,0.2,1,0.0019996893686417,0.1686651000054553,25.854293799988227,0.8321683406829834,ok,,2026,results/masks/sam_vit_b/ann341957_point_n20_t1.png,cpu,2026-10-05T07:13:14.738108+00:00,0.0690018991348385,0.06700220976619681,True,False,True
sam_vit_b:ann341957_point_n20_t2,setup3,sam_vit_b,311394,341957,ann341957_point_n20_t2,point,0.2,2,0.0021164637579852,0.1750161999952979,25.854293799988227,0.8355625867843628,ok,,2026,results/masks/sam_vit_b/ann341957_point_n20_t2.png,cpu,2026-10-05T07:13:15.124480+00:00,0.0690018991348385,0.0668854353768533,True,False,True
sam_vit_b:ann341957_point_n20_t3,setup3,sam_vit_b,311394,341957,ann341957_point_n20_t3,point,0.2,3,0.1491875923190546,0.1711810999840963,25.854293799988227,0.8698738217353821,ok,,2026,results/masks/sam_vit_b/ann341957_point_n20_t3.png,cpu,2026-10-05T07:13:15.528492+00:00,0.0690018991348385,-0.08018569318421609,True,False,True
sam_vit_b:ann36588_box_n00_t0,"setup1,setup2",sam_vit_b,337987,36588,ann36588_box_n00_t0,box,0.0,0,0.9678236014699878,0.2280564999964554,23.64204569999129,0.9904233813285828,ok,,2026,results/masks/sam_vit_b/ann36588_box_n00_t0.png,cpu,2026-10-05T07:14:34.283666+00:00,0.9678236014699878,0.0,False,False,False
sam_vit_b:ann36588_box_n10_t1,setup3,sam_vit_b,337987,36588,ann36588_box_n10_t1,box,0.1,1,0.3276095499124921,0.2329758999985642,23.64204569999129,0.916437327861786,ok,,2026,results/masks/sam_vit_b/ann36588_box_n10_t1.png,cpu,2026-10-05T07:14:34.817519+00:00,0.9678236014699878,0.6402140515574957,True,True,True
sam_vit_b:ann36588_box_n10_t2,setup3,sam_vit_b,337987,36588,ann36588_box_n10_t2,box,0.1,2,0.7124630055902663,0.2233133000263478,23.64204569999129,0.9704986214637756,ok,,2026,results/masks/sam_vit_b/ann36588_box_n10_t2.png,cpu,2026-10-05T07:14:35.320490+00:00,0.9678236014699878,0.2553605958797215,False,True,True
sam_vit_b:ann36588_box_n10_t3,setup3,sam_vit_b,337987,36588,ann36588_box_n10_t3,box,0.1,3,0.7115170014441381,0.2999510000227019,23.64204569999129,0.9710800647735596,ok,,2026,results/masks/sam_vit_b/ann36588_box_n10_t3.png,cpu,2026-10-05T07:14:35.836030+00:00,0.9678236014699878,0.2563066000258497,False,True,True
sam_vit_b:ann36588_box_n20_t1,setup3,sam_vit_b,337987,36588,ann36588_box_n20_t1,box,0.2,1,0.2819166501552077,0.2883921999891754,23.64204569999129,0.9585511684417723,ok,,2026,results/masks/sam_vit_b/ann36588_box_n20_t1.png,cpu,2026-10-05T07:14:36.602379+00:00,0.9678236014699878,0.6859069513147801,True,True,True
sam_vit_b:ann36588_box_n20_t2,setup3,sam_vit_b,337987,36588,ann36588_box_n20_t2,box,0.2,2,0.2356654554412761,0.197650899994187,23.64204569999129,0.8244578242301941,ok,,2026,results/masks/sam_vit_b/ann36588_box_n20_t2.png,cpu,2026-10-05T07:14:37.152339+00:00,0.9678236014699878,0.7321581460287117,True,True,True
sam_vit_b:ann36588_box_n20_t3,setup3,sam_vit_b,337987,36588,ann36588_box_n20_t3,box,0.2,3,8.02283068388901e-05,0.2012850999890361,23.64204569999129,0.8107490539550781,ok,,2026,results/masks/sam_vit_b/ann36588_box_n20_t3.png,cpu,2026-10-05T07:14:37.617225+00:00,0.9678236014699878,0.967743373163149,True,True,True
sam_vit_b:ann36588_point_n00_t0,"setup1,setup2",sam_vit_b,337987,36588,ann36588_point_n00_t0,point,0.0,0,0.6997714078971171,0.240655700006755,23.64204569999129,0.9713361263275146,ok,,2026,results/masks/sam_vit_b/ann36588_point_n00_t0.png,cpu,2026-10-05T07:14:34.014643+00:00,0.6997714078971171,0.0,False,False,False
sam_vit_b:ann36588_point_n10_t1,setup3,sam_vit_b,337987,36588,ann36588_point_n10_t1,point,0.1,1,0.6875102711585866,0.2520178999984637,23.64204569999129,0.9299329519271852,ok,,2026,results/masks/sam_vit_b/ann36588_point_n10_t1.png,cpu,2026-10-05T07:14:34.540762+00:00,0.6997714078971171,0.012261136738530465,False,False,False
sam_vit_b:ann36588_point_n10_t2,setup3,sam_vit_b,337987,36588,ann36588_point_n10_t2,point,0.1,2,0.701029232843379,0.2169733999762684,23.64204569999129,0.9688806533813475,ok,,2026,results/masks/sam_vit_b/ann36588_point_n10_t2.png,cpu,2026-10-05T07:14:35.078220+00:00,0.6997714078971171,-0.0012578249462619207,False,False,False
sam_vit_b:ann36588_point_n10_t3,setup3,sam_vit_b,337987,36588,ann36588_point_n10_t3,point,0.1,3,0.7043248304068593,0.2428151999774854,23.64204569999129,0.9322720766067504,ok,,2026,results/masks/sam_vit_b/ann36588_point_n10_t3.png,cpu,2026-10-05T07:14:35.570266+00:00,0.6997714078971171,-0.004553422509742222,False,False,False
sam_vit_b:ann36588_point_n20_t1,setup3,sam_vit_b,337987,36588,ann36588_point_n20_t1,point,0.2,1,0.0028902688775847,0.4045071000000462,23.64204569999129,0.8257331848144531,ok,,2026,results/masks/sam_vit_b/ann36588_point_n20_t1.png,cpu,2026-10-05T07:14:36.170239+00:00,0.6997714078971171,0.6968811390195324,True,True,True
sam_vit_b:ann36588_point_n20_t2,setup3,sam_vit_b,337987,36588,ann36588_point_n20_t2,point,0.2,2,0.7004538577912254,0.2095083000021986,23.64204569999129,0.8802042007446289,ok,,2026,results/masks/sam_vit_b/ann36588_point_n20_t2.png,cpu,2026-10-05T07:14:36.918111+00:00,0.6997714078971171,-0.0006824498941082613,False,False,False
sam_vit_b:ann36588_point_n20_t3,setup3,sam_vit_b,337987,36588,ann36588_point_n20_t3,point,0.2,3,2.01704402198578e-05,0.2177799000055529,23.64204569999129,0.9118139743804932,ok,,2026,results/masks/sam_vit_b/ann36588_point_n20_t3.png,cpu,2026-10-05T07:14:37.375450+00:00,0.6997714078971171,0.6997512374568973,True,True,True
sam_vit_b:ann37495_box_n00_t0,"setup1,setup2",sam_vit_b,32811,37495,ann37495_box_n00_t0,box,0.0,0,0.8557971014492753,0.2900850000150967,46.89144390000729,0.9573097229003906,ok,,2026,results/masks/sam_vit_b/ann37495_box_n00_t0.png,cpu,2026-10-05T06:53:34.161844+00:00,0.8557971014492753,0.0,False,False,False
sam_vit_b:ann37495_box_n10_t1,setup3,sam_vit_b,32811,37495,ann37495_box_n10_t1,box,0.1,1,0.8573497465604635,0.2325769999879412,46.89144390000729,0.9616234302520752,ok,,2026,results/masks/sam_vit_b/ann37495_box_n10_t1.png,cpu,2026-10-05T06:53:34.788035+00:00,0.8557971014492753,-0.0015526451111881334,False,False,False
sam_vit_b:ann37495_box_n10_t2,setup3,sam_vit_b,32811,37495,ann37495_box_n10_t2,box,0.1,2,0.8578754578754578,0.2310887999774422,46.89144390000729,0.9529030323028564,ok,,2026,results/masks/sam_vit_b/ann37495_box_n10_t2.png,cpu,2026-10-05T06:53:35.312089+00:00,0.8557971014492753,-0.0020783564261824816,False,False,False
sam_vit_b:ann37495_box_n10_t3,setup3,sam_vit_b,32811,37495,ann37495_box_n10_t3,box,0.1,3,0.8523391812865497,0.2490576000127475,46.89144390000729,0.9494080543518066,ok,,2026,results/masks/sam_vit_b/ann37495_box_n10_t3.png,cpu,2026-10-05T06:53:35.820998+00:00,0.8557971014492753,0.003457920162725614,False,False,False
sam_vit_b:ann37495_box_n20_t1,setup3,sam_vit_b,32811,37495,ann37495_box_n20_t1,box,0.2,1,0.8344274252370533,0.2823342999909073,46.89144390000729,0.909435510635376,ok,,2026,results/masks/sam_vit_b/ann37495_box_n20_t1.png,cpu,2026-10-05T06:53:36.322060+00:00,0.8557971014492753,0.021369676212222077,False,False,False
sam_vit_b:ann37495_box_n20_t2,setup3,sam_vit_b,32811,37495,ann37495_box_n20_t2,box,0.2,2,0.8523238380809596,0.3739165000151843,46.89144390000729,0.9552554488182068,ok,,2026,results/masks/sam_vit_b/ann37495_box_n20_t2.png,cpu,2026-10-05T06:53:37.006257+00:00,0.8557971014492753,0.003473263368315771,False,False,False
sam_vit_b:ann37495_box_n20_t3,setup3,sam_vit_b,32811,37495,ann37495_box_n20_t3,box,0.2,3,0.8583086053412463,0.4282801000226754,46.89144390000729,0.9566438794136048,ok,,2026,results/masks/sam_vit_b/ann37495_box_n20_t3.png,cpu,2026-10-05T06:53:37.740859+00:00,0.8557971014492753,-0.0025115038919709676,False,False,False
sam_vit_b:ann37495_point_n00_t0,"setup1,setup2",sam_vit_b,32811,37495,ann37495_point_n00_t0,point,0.0,0,0.8534985422740525,0.2926330000045709,46.89144390000729,0.9365566968917848,ok,,2026,results/masks/sam_vit_b/ann37495_point_n00_t0.png,cpu,2026-10-05T06:53:33.851662+00:00,0.8534985422740525,0.0,False,False,False
sam_vit_b:ann37495_point_n10_t1,setup3,sam_vit_b,32811,37495,ann37495_point_n10_t1,point,0.1,1,0.8555798687089715,0.2760877000109758,46.89144390000729,0.9364326000213624,ok,,2026,results/masks/sam_vit_b/ann37495_point_n10_t1.png,cpu,2026-10-05T06:53:34.466329+00:00,0.8534985422740525,-0.002081326434918984,False,False,False
sam_vit_b:ann37495_point_n10_t2,setup3,sam_vit_b,32811,37495,ann37495_point_n10_t2,point,0.1,2,0.8557902403495994,0.2350126999954227,46.89144390000729,0.9462499618530272,ok,,2026,results/masks/sam_vit_b/ann37495_point_n10_t2.png,cpu,2026-10-05T06:53:35.035187+00:00,0.8534985422740525,-0.0022916980755468552,False,False,False
sam_vit_b:ann37495_point_n10_t3,setup3,sam_vit_b,32811,37495,ann37495_point_n10_t3,point,0.1,3,0.8525547445255475,0.2546709000016562,46.89144390000729,0.9056997299194336,ok,,2026,results/masks/sam_vit_b/ann37495_point_n10_t3.png,cpu,2026-10-05T06:53:35.554741+00:00,0.8534985422740525,0.0009437977485050597,False,False,False
sam_vit_b:ann37495_point_n20_t1,setup3,sam_vit_b,32811,37495,ann37495_point_n20_t1,point,0.2,1,0.000839356493355,0.2279639999906066,46.89144390000729,0.9521632790565492,ok,,2026,results/masks/sam_vit_b/ann37495_point_n20_t1.png,cpu,2026-10-05T06:53:36.082256+00:00,0.8534985422740525,0.8526591857806975,True,True,True
sam_vit_b:ann37495_point_n20_t2,setup3,sam_vit_b,32811,37495,ann37495_point_n20_t2,point,0.2,2,0.8534107402031931,0.3327881000004709,46.89144390000729,0.938464105129242,ok,,2026,results/masks/sam_vit_b/ann37495_point_n20_t2.png,cpu,2026-10-05T06:53:36.658783+00:00,0.8534985422740525,8.780207085945513e-05,False,False,False
sam_vit_b:ann37495_point_n20_t3,setup3,sam_vit_b,32811,37495,ann37495_point_n20_t3,point,0.2,3,0.0004537205081669,0.326701400015736,46.89144390000729,0.9244334697723388,ok,,2026,results/masks/sam_vit_b/ann37495_point_n20_t3.png,cpu,2026-10-05T06:53:37.395234+00:00,0.8534985422740525,0.8530448217658856,True,True,True
sam_vit_b:ann451372_box_n00_t0,"setup1,setup2",sam_vit_b,109992,451372,ann451372_box_n00_t0,box,0.0,0,0.928923988153998,0.4045371999964118,40.63524420000613,0.9495962858200072,ok,,2026,results/masks/sam_vit_b/ann451372_box_n00_t0.png,cpu,2026-10-05T07:01:36.753010+00:00,0.928923988153998,0.0,False,False,False
sam_vit_b:ann451372_box_n10_t1,setup3,sam_vit_b,109992,451372,ann451372_box_n10_t1,box,0.1,1,0.921544209215442,0.3284356000076514,40.63524420000613,0.9428893327713012,ok,,2026,results/masks/sam_vit_b/ann451372_box_n10_t1.png,cpu,2026-10-05T07:01:37.565759+00:00,0.928923988153998,0.007379778938556014,False,False,False
sam_vit_b:ann451372_box_n10_t2,setup3,sam_vit_b,109992,451372,ann451372_box_n10_t2,box,0.1,2,0.9291707798617966,0.2615806999965571,40.63524420000613,0.9456763863563538,ok,,2026,results/masks/sam_vit_b/ann451372_box_n10_t2.png,cpu,2026-10-05T07:01:38.228955+00:00,0.928923988153998,-0.0002467917077986215,False,False,False
sam_vit_b:ann451372_box_n10_t3,setup3,sam_vit_b,109992,451372,ann451372_box_n10_t3,box,0.1,3,0.9223880597014924,0.2534060000034515,40.63524420000613,0.934669017791748,ok,,2026,results/masks/sam_vit_b/ann451372_box_n10_t3.png,cpu,2026-10-05T07:01:38.768898+00:00,0.928923988153998,0.006535928452505613,False,False,False
sam_vit_b:ann451372_box_n20_t1,setup3,sam_vit_b,109992,451372,ann451372_box_n20_t1,box,0.2,1,0.7803295057413879,0.2312093999935314,40.63524420000613,0.913477659225464,ok,,2026,results/masks/sam_vit_b/ann451372_box_n20_t1.png,cpu,2026-10-05T07:01:39.301692+00:00,0.928923988153998,0.14859448241261008,False,False,False
sam_vit_b:ann451372_box_n20_t2,setup3,sam_vit_b,109992,451372,ann451372_box_n20_t2,box,0.2,2,0.5956805625313912,0.2368347999872639,40.63524420000613,0.7337209582328796,ok,,2026,results/masks/sam_vit_b/ann451372_box_n20_t2.png,cpu,2026-10-05T07:01:39.837345+00:00,0.928923988153998,0.3332434256226068,False,True,True
sam_vit_b:ann451372_box_n20_t3,setup3,sam_vit_b,109992,451372,ann451372_box_n20_t3,box,0.2,3,0.354538596932361,0.3402980999962892,40.63524420000613,0.7194806337356567,ok,,2026,results/masks/sam_vit_b/ann451372_box_n20_t3.png,cpu,2026-10-05T07:01:40.467653+00:00,0.928923988153998,0.574385391221637,True,True,True
sam_vit_b:ann451372_point_n00_t0,"setup1,setup2",sam_vit_b,109992,451372,ann451372_point_n00_t0,point,0.0,0,0.5191681282886494,0.5192812000168487,40.63524420000613,0.9378597736358644,ok,,2026,results/masks/sam_vit_b/ann451372_point_n00_t0.png,cpu,2026-10-05T07:01:36.207791+00:00,0.5191681282886494,0.0,False,False,False
sam_vit_b:ann451372_point_n10_t1,setup3,sam_vit_b,109992,451372,ann451372_point_n10_t1,point,0.1,1,0.5200400801603207,0.3553916999953799,40.63524420000613,0.9214484095573424,ok,,2026,results/masks/sam_vit_b/ann451372_point_n10_t1.png,cpu,2026-10-05T07:01:37.182711+00:00,0.5191681282886494,-0.0008719518716712171,False,False,False
sam_vit_b:ann451372_point_n10_t2,setup3,sam_vit_b,109992,451372,ann451372_point_n10_t2,point,0.1,2,0.5189175645201703,0.2942853999848012,40.63524420000613,0.9409059882164,ok,,2026,results/masks/sam_vit_b/ann451372_point_n10_t2.png,cpu,2026-10-05T07:01:37.914950+00:00,0.5191681282886494,0.0002505637684790951,False,False,False
sam_vit_b:ann451372_point_n10_t3,setup3,sam_vit_b,109992,451372,ann451372_point_n10_t3,point,0.1,3,0.5189175645201703,0.2393081999907735,40.63524420000613,0.9150573015213012,ok,,2026,results/masks/sam_vit_b/ann451372_point_n10_t3.png,cpu,2026-10-05T07:01:38.509636+00:00,0.5191681282886494,0.0002505637684790951,False,False,False
sam_vit_b:ann451372_point_n20_t1,setup3,sam_vit_b,109992,451372,ann451372_point_n20_t1,point,0.2,1,3.3829499323410016e-05,0.236070099985227,40.63524420000613,1.003845453262329,ok,,2026,results/masks/sam_vit_b/ann451372_point_n20_t1.png,cpu,2026-10-05T07:01:39.044541+00:00,0.5191681282886494,0.519134298789326,True,True,True
sam_vit_b:ann451372_point_n20_t2,setup3,sam_vit_b,109992,451372,ann451372_point_n20_t2,point,0.2,2,0.5172932330827068,0.2304729000024963,40.63524420000613,0.9265044331550598,ok,,2026,results/masks/sam_vit_b/ann451372_point_n20_t2.png,cpu,2026-10-05T07:01:39.587296+00:00,0.5191681282886494,0.0018748952059426394,False,False,False
sam_vit_b:ann451372_point_n20_t3,setup3,sam_vit_b,109992,451372,ann451372_point_n20_t3,point,0.2,3,0.2272496187086934,0.3436565999872982,40.63524420000613,0.8429955244064331,ok,,2026,results/masks/sam_vit_b/ann451372_point_n20_t3.png,cpu,2026-10-05T07:01:40.094736+00:00,0.5191681282886494,0.291918509579956,True,True,True
sam_vit_b:ann474954_box_n00_t0,"setup1,setup2",sam_vit_b,455555,474954,ann474954_box_n00_t0,box,0.0,0,0.7698661820584835,0.1745547000027727,22.16973890000372,0.9430487155914308,ok,,2026,results/masks/sam_vit_b/ann474954_box_n00_t0.png,cpu,2026-10-05T07:21:18.308798+00:00,0.7698661820584835,0.0,False,False,False
sam_vit_b:ann474954_box_n10_t1,setup3,sam_vit_b,455555,474954,ann474954_box_n10_t1,box,0.1,1,0.210160619127422,0.1801350000023376,22.16973890000372,0.7729299068450928,ok,,2026,results/masks/sam_vit_b/ann474954_box_n10_t1.png,cpu,2026-10-05T07:21:18.716516+00:00,0.7698661820584835,0.5597055629310614,True,True,True
sam_vit_b:ann474954_box_n10_t2,setup3,sam_vit_b,455555,474954,ann474954_box_n10_t2,box,0.1,2,0.2983297413793103,0.1596757000079378,22.16973890000372,0.8665154576301575,ok,,2026,results/masks/sam_vit_b/ann474954_box_n10_t2.png,cpu,2026-10-05T07:21:19.132198+00:00,0.7698661820584835,0.47153644067917316,True,True,True
sam_vit_b:ann474954_box_n10_t3,setup3,sam_vit_b,455555,474954,ann474954_box_n10_t3,box,0.1,3,0.2218387466042474,0.1662495000055059,22.16973890000372,0.759512722492218,ok,,2026,results/masks/sam_vit_b/ann474954_box_n10_t3.png,cpu,2026-10-05T07:21:19.545991+00:00,0.7698661820584835,0.548027435454236,True,True,True
sam_vit_b:ann474954_box_n20_t1,setup3,sam_vit_b,455555,474954,ann474954_box_n20_t1,box,0.2,1,0.1119622974520738,0.506667000008747,22.16973890000372,0.2537463307380676,ok,,2026,results/masks/sam_vit_b/ann474954_box_n20_t1.png,cpu,2026-10-05T07:21:20.005932+00:00,0.7698661820584835,0.6579038846064097,True,True,True
sam_vit_b:ann474954_box_n20_t2,setup3,sam_vit_b,455555,474954,ann474954_box_n20_t2,box,0.2,2,0.3818660787684029,0.1698897000169381,22.16973890000372,0.8450524210929871,ok,,2026,results/masks/sam_vit_b/ann474954_box_n20_t2.png,cpu,2026-10-05T07:21:20.845072+00:00,0.7698661820584835,0.38800010329008056,True,True,True
sam_vit_b:ann474954_box_n20_t3,setup3,sam_vit_b,455555,474954,ann474954_box_n20_t3,box,0.2,3,0.0524080752249671,0.1670536000165157,22.16973890000372,0.8075164556503296,ok,,2026,results/masks/sam_vit_b/ann474954_box_n20_t3.png,cpu,2026-10-05T07:21:21.222049+00:00,0.7698661820584835,0.7174581068335164,True,True,True
sam_vit_b:ann474954_point_n00_t0,"setup1,setup2",sam_vit_b,455555,474954,ann474954_point_n00_t0,point,0.0,0,0.0087623426547071,0.1824752000102307,22.16973890000372,0.7901484966278076,ok,,2026,results/masks/sam_vit_b/ann474954_point_n00_t0.png,cpu,2026-10-05T07:21:18.058364+00:00,0.0087623426547071,0.0,True,False,True
sam_vit_b:ann474954_point_n10_t1,setup3,sam_vit_b,455555,474954,ann474954_point_n10_t1,point,0.1,1,0.3469899822114034,0.1728983000211883,22.16973890000372,0.869886577129364,ok,,2026,results/masks/sam_vit_b/ann474954_point_n10_t1.png,cpu,2026-10-05T07:21:18.516378+00:00,0.0087623426547071,-0.3382276395566963,True,False,True
sam_vit_b:ann474954_point_n10_t2,setup3,sam_vit_b,455555,474954,ann474954_point_n10_t2,point,0.1,2,0.1130287648054145,0.1810909000050742,22.16973890000372,0.7535199522972107,ok,,2026,results/masks/sam_vit_b/ann474954_point_n10_t2.png,cpu,2026-10-05T07:21:18.924537+00:00,0.0087623426547071,-0.1042664221507074,True,False,True
sam_vit_b:ann474954_point_n10_t3,setup3,sam_vit_b,455555,474954,ann474954_point_n10_t3,point,0.1,3,0.0326185271726841,0.1627571000135503,22.16973890000372,0.5351626873016357,ok,,2026,results/masks/sam_vit_b/ann474954_point_n10_t3.png,cpu,2026-10-05T07:21:19.357791+00:00,0.0087623426547071,-0.023856184517976997,True,False,True
sam_vit_b:ann474954_point_n20_t1,setup3,sam_vit_b,455555,474954,ann474954_point_n20_t1,point,0.2,1,0.3616399887672002,0.2300153000105638,22.16973890000372,0.8724416494369507,ok,,2026,results/masks/sam_vit_b/ann474954_point_n20_t1.png,cpu,2026-10-05T07:21:19.739645+00:00,0.0087623426547071,-0.3528776461124931,True,False,True
sam_vit_b:ann474954_point_n20_t2,setup3,sam_vit_b,455555,474954,ann474954_point_n20_t2,point,0.2,2,0.0241732667692654,0.2531653000041842,22.16973890000372,0.8884594440460205,ok,,2026,results/masks/sam_vit_b/ann474954_point_n20_t2.png,cpu,2026-10-05T07:21:20.546683+00:00,0.0087623426547071,-0.0154109241145583,True,False,True
sam_vit_b:ann474954_point_n20_t3,setup3,sam_vit_b,455555,474954,ann474954_point_n20_t3,point,0.2,3,0.039596317147107,0.1538017000129912,22.16973890000372,0.8373674154281616,ok,,2026,results/masks/sam_vit_b/ann474954_point_n20_t3.png,cpu,2026-10-05T07:21:21.042100+00:00,0.0087623426547071,-0.0308339744923999,True,False,True
sam_vit_b:ann48965_box_n00_t0,"setup1,setup2",sam_vit_b,405306,48965,ann48965_box_n00_t0,box,0.0,0,0.5351377386926865,0.1879157999937888,23.45537329997751,0.8781387805938721,ok,,2026,results/masks/sam_vit_b/ann48965_box_n00_t0.png,cpu,2026-10-05T07:19:32.998425+00:00,0.5351377386926865,0.0,False,False,False
sam_vit_b:ann48965_box_n10_t1,setup3,sam_vit_b,405306,48965,ann48965_box_n10_t1,box,0.1,1,0.4627214192942216,0.1983120999939274,23.45537329997751,0.8846347332000732,ok,,2026,results/masks/sam_vit_b/ann48965_box_n10_t1.png,cpu,2026-10-05T07:19:33.469777+00:00,0.5351377386926865,0.07241631939846493,True,False,True
sam_vit_b:ann48965_box_n10_t2,setup3,sam_vit_b,405306,48965,ann48965_box_n10_t2,box,0.1,2,0.4327543079488605,0.173585099983029,23.45537329997751,0.7323951721191406,ok,,2026,results/masks/sam_vit_b/ann48965_box_n10_t2.png,cpu,2026-10-05T07:19:33.940029+00:00,0.5351377386926865,0.10238343074382605,True,False,True
sam_vit_b:ann48965_box_n10_t3,setup3,sam_vit_b,405306,48965,ann48965_box_n10_t3,box,0.1,3,0.0640732424522596,0.1788716000155545,23.45537329997751,0.5210264325141907,ok,,2026,results/masks/sam_vit_b/ann48965_box_n10_t3.png,cpu,2026-10-05T07:19:34.339144+00:00,0.5351377386926865,0.47106449624042696,True,True,True
sam_vit_b:ann48965_box_n20_t1,setup3,sam_vit_b,405306,48965,ann48965_box_n20_t1,box,0.2,1,0.4634447804891522,0.1868596999847795,23.45537329997751,0.9951794743537904,ok,,2026,results/masks/sam_vit_b/ann48965_box_n20_t1.png,cpu,2026-10-05T07:19:34.787967+00:00,0.5351377386926865,0.07169295820353433,True,False,True
sam_vit_b:ann48965_box_n20_t2,setup3,sam_vit_b,405306,48965,ann48965_box_n20_t2,box,0.2,2,0.4693575611077538,0.1844236000033561,23.45537329997751,0.8928297162055969,ok,,2026,results/masks/sam_vit_b/ann48965_box_n20_t2.png,cpu,2026-10-05T07:19:35.222797+00:00,0.5351377386926865,0.06578017758493276,True,False,True
sam_vit_b:ann48965_box_n20_t3,setup3,sam_vit_b,405306,48965,ann48965_box_n20_t3,box,0.2,3,0.259466174388585,0.2045620999997481,23.45537329997751,0.8577295541763306,ok,,2026,results/masks/sam_vit_b/ann48965_box_n20_t3.png,cpu,2026-10-05T07:19:35.703103+00:00,0.5351377386926865,0.27567156430410156,True,True,True
sam_vit_b:ann48965_point_n00_t0,"setup1,setup2",sam_vit_b,405306,48965,ann48965_point_n00_t0,point,0.0,0,0.4622940627914206,0.2570999000163283,23.45537329997751,0.9751805663108826,ok,,2026,results/masks/sam_vit_b/ann48965_point_n00_t0.png,cpu,2026-10-05T07:19:32.668760+00:00,0.4622940627914206,0.0,True,False,True
sam_vit_b:ann48965_point_n10_t1,setup3,sam_vit_b,405306,48965,ann48965_point_n10_t1,point,0.1,1,0.4623572726205195,0.2196416000078898,23.45537329997751,0.9836866855621338,ok,,2026,results/masks/sam_vit_b/ann48965_point_n10_t1.png,cpu,2026-10-05T07:19:33.221874+00:00,0.4622940627914206,-6.320982909890915e-05,True,False,True
sam_vit_b:ann48965_point_n10_t2,setup3,sam_vit_b,405306,48965,ann48965_point_n10_t2,point,0.1,2,0.4628162535139279,0.1795920000004116,23.45537329997751,0.9842369556427002,ok,,2026,results/masks/sam_vit_b/ann48965_point_n10_t2.png,cpu,2026-10-05T07:19:33.699800+00:00,0.4622940627914206,-0.0005221907225073097,True,False,True
sam_vit_b:ann48965_point_n10_t3,setup3,sam_vit_b,405306,48965,ann48965_point_n10_t3,point,0.1,3,0.4629835551534322,0.1715967000054661,23.45537329997751,0.977167546749115,ok,,2026,results/masks/sam_vit_b/ann48965_point_n10_t3.png,cpu,2026-10-05T07:19:34.141223+00:00,0.4622940627914206,-0.0006894923620116011,True,False,True
sam_vit_b:ann48965_point_n20_t1,setup3,sam_vit_b,405306,48965,ann48965_point_n20_t1,point,0.2,1,0.4628057499291966,0.1777795999951195,23.45537329997751,0.97134530544281,ok,,2026,results/masks/sam_vit_b/ann48965_point_n20_t1.png,cpu,2026-10-05T07:19:34.547960+00:00,0.4622940627914206,-0.0005116871377759957,True,False,True
sam_vit_b:ann48965_point_n20_t2,setup3,sam_vit_b,405306,48965,ann48965_point_n20_t2,point,0.2,2,0.4782400333379636,0.1888034000003244,23.45537329997751,0.9916172027587892,ok,,2026,results/masks/sam_vit_b/ann48965_point_n20_t2.png,cpu,2026-10-05T07:19:35.004236+00:00,0.4622940627914206,-0.01594597054654301,True,False,True
sam_vit_b:ann48965_point_n20_t3,setup3,sam_vit_b,405306,48965,ann48965_point_n20_t3,point,0.2,3,0.4630686135016784,0.2333834999881219,23.45537329997751,0.9734442234039308,ok,,2026,results/masks/sam_vit_b/ann48965_point_n20_t3.png,cpu,2026-10-05T07:19:35.438521+00:00,0.4622940627914206,-0.000774550710257782,True,False,True
sam_vit_b:ann506923_box_n00_t0,"setup1,setup2",sam_vit_b,378284,506923,ann506923_box_n00_t0,box,0.0,0,0.7273098409969918,0.2006866000010632,22.542325400019763,0.9803495407104492,ok,,2026,results/masks/sam_vit_b/ann506923_box_n00_t0.png,cpu,2026-10-05T07:17:23.747563+00:00,0.7273098409969918,0.0,False,False,False
sam_vit_b:ann506923_box_n10_t1,setup3,sam_vit_b,378284,506923,ann506923_box_n10_t1,box,0.1,1,0.1679362955609745,0.4567248999956064,22.542325400019763,0.6854894161224365,ok,,2026,results/masks/sam_vit_b/ann506923_box_n10_t1.png,cpu,2026-10-05T07:17:24.291209+00:00,0.7273098409969918,0.5593735454360174,True,True,True
sam_vit_b:ann506923_box_n10_t2,setup3,sam_vit_b,378284,506923,ann506923_box_n10_t2,box,0.1,2,0.4705694992992738,0.3873736999812536,22.542325400019763,0.8510740995407104,ok,,2026,results/masks/sam_vit_b/ann506923_box_n10_t2.png,cpu,2026-10-05T07:17:25.361584+00:00,0.7273098409969918,0.25674034169771803,True,True,True
sam_vit_b:ann506923_box_n10_t3,setup3,sam_vit_b,378284,506923,ann506923_box_n10_t3,box,0.1,3,0.4618252690449962,0.1699419999786187,22.542325400019763,0.8120700716972351,ok,,2026,results/masks/sam_vit_b/ann506923_box_n10_t3.png,cpu,2026-10-05T07:17:25.988234+00:00,0.7273098409969918,0.2654845719519956,True,True,True
sam_vit_b:ann506923_box_n20_t1,setup3,sam_vit_b,378284,506923,ann506923_box_n20_t1,box,0.2,1,0.1152604698672114,0.1695722000149544,22.542325400019763,0.7772853374481201,ok,,2026,results/masks/sam_vit_b/ann506923_box_n20_t1.png,cpu,2026-10-05T07:17:26.379615+00:00,0.7273098409969918,0.6120493711297804,True,True,True
sam_vit_b:ann506923_box_n20_t2,setup3,sam_vit_b,378284,506923,ann506923_box_n20_t2,box,0.2,2,0.1232195774782525,0.1784895999880973,22.542325400019763,0.7994487881660461,ok,,2026,results/masks/sam_vit_b/ann506923_box_n20_t2.png,cpu,2026-10-05T07:17:26.750752+00:00,0.7273098409969918,0.6040902635187393,True,True,True
sam_vit_b:ann506923_box_n20_t3,setup3,sam_vit_b,378284,506923,ann506923_box_n20_t3,box,0.2,3,0.0626573371127277,0.1714539999957196,22.542325400019763,0.4041064381599426,ok,,2026,results/masks/sam_vit_b/ann506923_box_n20_t3.png,cpu,2026-10-05T07:17:27.154286+00:00,0.7273098409969918,0.6646525038842641,True,True,True
sam_vit_b:ann506923_point_n00_t0,"setup1,setup2",sam_vit_b,378284,506923,ann506923_point_n00_t0,point,0.0,0,0.7122337059692048,0.2271769999933894,22.542325400019763,0.9502969980239868,ok,,2026,results/masks/sam_vit_b/ann506923_point_n00_t0.png,cpu,2026-10-05T07:17:23.457997+00:00,0.7122337059692048,0.0,False,False,False
sam_vit_b:ann506923_point_n10_t1,setup3,sam_vit_b,378284,506923,ann506923_point_n10_t1,point,0.1,1,0.0935360234270703,0.2789028999977745,22.542325400019763,0.8034822940826416,ok,,2026,results/masks/sam_vit_b/ann506923_point_n10_t1.png,cpu,2026-10-05T07:17:23.980845+00:00,0.7122337059692048,0.6186976825421344,True,True,True
sam_vit_b:ann506923_point_n10_t2,setup3,sam_vit_b,378284,506923,ann506923_point_n10_t2,point,0.1,2,0.7099209125797765,0.5306168000097387,22.542325400019763,0.9343271255493164,ok,,2026,results/masks/sam_vit_b/ann506923_point_n10_t2.png,cpu,2026-10-05T07:17:24.796108+00:00,0.7122337059692048,0.002312793389428247,False,False,False
sam_vit_b:ann506923_point_n10_t3,setup3,sam_vit_b,378284,506923,ann506923_point_n10_t3,point,0.1,3,0.7030369081801605,0.177560199983418,22.542325400019763,0.941124439239502,ok,,2026,results/masks/sam_vit_b/ann506923_point_n10_t3.png,cpu,2026-10-05T07:17:25.786867+00:00,0.7122337059692048,0.009196797789044253,False,False,False
sam_vit_b:ann506923_point_n20_t1,setup3,sam_vit_b,378284,506923,ann506923_point_n20_t1,point,0.2,1,0.0981485468245425,0.1659299000166356,22.542325400019763,0.8046069145202637,ok,,2026,results/masks/sam_vit_b/ann506923_point_n20_t1.png,cpu,2026-10-05T07:17:26.179763+00:00,0.7122337059692048,0.6140851591446622,True,True,True
sam_vit_b:ann506923_point_n20_t2,setup3,sam_vit_b,378284,506923,ann506923_point_n20_t2,point,0.2,2,0.6919490913591452,0.1554824000049848,22.542325400019763,0.7752718329429626,ok,,2026,results/masks/sam_vit_b/ann506923_point_n20_t2.png,cpu,2026-10-05T07:17:26.572500+00:00,0.7122337059692048,0.020284614610059593,False,False,False
sam_vit_b:ann506923_point_n20_t3,setup3,sam_vit_b,378284,506923,ann506923_point_n20_t3,point,0.2,3,0.7140194124831266,0.1758162999758497,22.542325400019763,0.9118021726608276,ok,,2026,results/masks/sam_vit_b/ann506923_point_n20_t3.png,cpu,2026-10-05T07:17:26.955701+00:00,0.7122337059692048,-0.0017857065139218475,False,False,False
sam_vit_b:ann518621_box_n00_t0,"setup1,setup2",sam_vit_b,91495,518621,ann518621_box_n00_t0,box,0.0,0,0.8765504208898814,0.3745698999846354,39.98495220000041,0.9711715579032898,ok,,2026,results/masks/sam_vit_b/ann518621_box_n00_t0.png,cpu,2026-10-05T06:58:31.787081+00:00,0.8765504208898814,0.0,False,False,False
sam_vit_b:ann518621_box_n10_t1,setup3,sam_vit_b,91495,518621,ann518621_box_n10_t1,box,0.1,1,0.1653543307086614,0.4111321000091266,39.98495220000041,0.7364448308944702,ok,,2026,results/masks/sam_vit_b/ann518621_box_n10_t1.png,cpu,2026-10-05T06:58:32.692146+00:00,0.8765504208898814,0.71119609018122,True,True,True
sam_vit_b:ann518621_box_n10_t2,setup3,sam_vit_b,91495,518621,ann518621_box_n10_t2,box,0.1,2,0.0924671879363306,0.401189099997282,39.98495220000041,0.4356374144554138,ok,,2026,results/masks/sam_vit_b/ann518621_box_n10_t2.png,cpu,2026-10-05T06:58:33.710242+00:00,0.8765504208898814,0.7840832329535509,True,True,True
sam_vit_b:ann518621_box_n10_t3,setup3,sam_vit_b,91495,518621,ann518621_box_n10_t3,box,0.1,3,0.7256637168141593,0.4346246000204701,39.98495220000041,0.839261531829834,ok,,2026,results/masks/sam_vit_b/ann518621_box_n10_t3.png,cpu,2026-10-05T06:58:34.762457+00:00,0.8765504208898814,0.15088670407572213,False,False,False
sam_vit_b:ann518621_box_n20_t1,setup3,sam_vit_b,91495,518621,ann518621_box_n20_t1,box,0.2,1,0.100767121385678,0.9460432000050788,39.98495220000041,0.6266636848449707,ok,,2026,results/masks/sam_vit_b/ann518621_box_n20_t1.png,cpu,2026-10-05T06:58:35.768125+00:00,0.8765504208898814,0.7757832995042034,True,True,True
sam_vit_b:ann518621_box_n20_t2,setup3,sam_vit_b,91495,518621,ann518621_box_n20_t2,box,0.2,2,0.0,0.4829511000134516,39.98495220000041,0.7997013330459595,ok,,2026,results/masks/sam_vit_b/ann518621_box_n20_t2.png,cpu,2026-10-05T06:58:37.434867+00:00,0.8765504208898814,0.8765504208898814,True,True,True
sam_vit_b:ann518621_box_n20_t3,setup3,sam_vit_b,91495,518621,ann518621_box_n20_t3,box,0.2,3,0.0127372933251684,0.3385581999900751,39.98495220000041,0.5836097002029419,ok,,2026,results/masks/sam_vit_b/ann518621_box_n20_t3.png,cpu,2026-10-05T06:58:38.300411+00:00,0.8765504208898814,0.8638131275647131,True,True,True
sam_vit_b:ann518621_point_n00_t0,"setup1,setup2",sam_vit_b,91495,518621,ann518621_point_n00_t0,point,0.0,0,0.0056631475914143,0.6527526999998372,39.98495220000041,0.5584930181503296,ok,,2026,results/masks/sam_vit_b/ann518621_point_n00_t0.png,cpu,2026-10-05T06:58:31.072165+00:00,0.0056631475914143,0.0,True,False,True
sam_vit_b:ann518621_point_n10_t1,setup3,sam_vit_b,91495,518621,ann518621_point_n10_t1,point,0.1,1,0.0701221640488656,0.4780581999802962,39.98495220000041,0.8249481916427612,ok,,2026,results/masks/sam_vit_b/ann518621_point_n10_t1.png,cpu,2026-10-05T06:58:32.191508+00:00,0.0056631475914143,-0.0644590164574513,True,False,True
sam_vit_b:ann518621_point_n10_t2,setup3,sam_vit_b,91495,518621,ann518621_point_n10_t2,point,0.1,2,0.0788048226454656,0.5280829999828711,39.98495220000041,0.8633197546005249,ok,,2026,results/masks/sam_vit_b/ann518621_point_n10_t2.png,cpu,2026-10-05T06:58:33.158100+00:00,0.0056631475914143,-0.0731416750540513,True,False,True
sam_vit_b:ann518621_point_n10_t3,setup3,sam_vit_b,91495,518621,ann518621_point_n10_t3,point,0.1,3,0.1854655828071032,0.5962108999956399,39.98495220000041,0.7315722703933716,ok,,2026,results/masks/sam_vit_b/ann518621_point_n10_t3.png,cpu,2026-10-05T06:58:34.144436+00:00,0.0056631475914143,-0.1798024352156889,True,False,True
sam_vit_b:ann518621_point_n20_t1,setup3,sam_vit_b,91495,518621,ann518621_point_n20_t1,point,0.2,1,0.0006077298059143,0.5206096000038087,39.98495220000041,0.9831753969192504,ok,,2026,results/masks/sam_vit_b/ann518621_point_n20_t1.png,cpu,2026-10-05T06:58:35.227999+00:00,0.0056631475914143,0.0050554177855,True,False,True
sam_vit_b:ann518621_point_n20_t2,setup3,sam_vit_b,91495,518621,ann518621_point_n20_t2,point,0.2,2,0.0026532904675214,0.6701593000034336,39.98495220000041,0.802368700504303,ok,,2026,results/masks/sam_vit_b/ann518621_point_n20_t2.png,cpu,2026-10-05T06:58:36.740427+00:00,0.0056631475914143,0.0030098571238928997,True,False,True
sam_vit_b:ann518621_point_n20_t3,setup3,sam_vit_b,91495,518621,ann518621_point_n20_t3,point,0.2,3,0.1917053263106491,0.3359053000167478,39.98495220000041,0.7729998230934143,ok,,2026,results/masks/sam_vit_b/ann518621_point_n20_t3.png,cpu,2026-10-05T06:58:37.945976+00:00,0.0056631475914143,-0.18604217871923479,True,False,True
sam_vit_b:ann585805_box_n00_t0,"setup1,setup2",sam_vit_b,474170,585805,ann585805_box_n00_t0,box,0.0,0,0.8348104382077794,0.1903765999886673,22.713914799998747,0.7809042930603027,ok,,2026,results/masks/sam_vit_b/ann585805_box_n00_t0.png,cpu,2026-10-05T07:22:35.320447+00:00,0.8348104382077794,0.0,False,False,False
sam_vit_b:ann585805_box_n10_t1,setup3,sam_vit_b,474170,585805,ann585805_box_n10_t1,box,0.1,1,0.3905489923558026,0.2321069000172428,22.713914799998747,0.840793251991272,ok,,2026,results/masks/sam_vit_b/ann585805_box_n10_t1.png,cpu,2026-10-05T07:22:35.799120+00:00,0.8348104382077794,0.44426144585197685,True,True,True
sam_vit_b:ann585805_box_n10_t2,setup3,sam_vit_b,474170,585805,ann585805_box_n10_t2,box,0.1,2,0.2450579790171176,0.2712663999991491,22.713914799998747,0.9640323519706726,ok,,2026,results/masks/sam_vit_b/ann585805_box_n10_t2.png,cpu,2026-10-05T07:22:36.425388+00:00,0.8348104382077794,0.5897524591906619,True,True,True
sam_vit_b:ann585805_box_n10_t3,setup3,sam_vit_b,474170,585805,ann585805_box_n10_t3,box,0.1,3,0.7514851485148515,0.1774660999944899,22.713914799998747,0.8859804272651672,ok,,2026,results/masks/sam_vit_b/ann585805_box_n10_t3.png,cpu,2026-10-05T07:22:37.015175+00:00,0.8348104382077794,0.08332528969292796,False,False,False
sam_vit_b:ann585805_box_n20_t1,setup3,sam_vit_b,474170,585805,ann585805_box_n20_t1,box,0.2,1,0.4924066924066924,0.1772992000041995,22.713914799998747,0.8987933397293091,ok,,2026,results/masks/sam_vit_b/ann585805_box_n20_t1.png,cpu,2026-10-05T07:22:37.431528+00:00,0.8348104382077794,0.34240374580108707,True,True,True
sam_vit_b:ann585805_box_n20_t2,setup3,sam_vit_b,474170,585805,ann585805_box_n20_t2,box,0.2,2,0.0482333146382501,0.1734133000136353,22.713914799998747,0.95698344707489,ok,,2026,results/masks/sam_vit_b/ann585805_box_n20_t2.png,cpu,2026-10-05T07:22:37.911280+00:00,0.8348104382077794,0.7865771235695294,True,True,True
sam_vit_b:ann585805_box_n20_t3,setup3,sam_vit_b,474170,585805,ann585805_box_n20_t3,box,0.2,3,0.4128919860627177,0.175758900004439,22.713914799998747,0.7716000080108643,ok,,2026,results/masks/sam_vit_b/ann585805_box_n20_t3.png,cpu,2026-10-05T07:22:38.325520+00:00,0.8348104382077794,0.42191845214506174,True,True,True
sam_vit_b:ann585805_point_n00_t0,"setup1,setup2",sam_vit_b,474170,585805,ann585805_point_n00_t0,point,0.0,0,0.3156046161565479,0.1864714000257663,22.713914799998747,0.8236590027809143,ok,,2026,results/masks/sam_vit_b/ann585805_point_n00_t0.png,cpu,2026-10-05T07:22:35.103808+00:00,0.3156046161565479,0.0,True,False,True
sam_vit_b:ann585805_point_n10_t1,setup3,sam_vit_b,474170,585805,ann585805_point_n10_t1,point,0.1,1,0.5336059289547662,0.1939219000050798,22.713914799998747,0.7417460680007935,ok,,2026,results/masks/sam_vit_b/ann585805_point_n10_t1.png,cpu,2026-10-05T07:22:35.539903+00:00,0.3156046161565479,-0.21800131279821833,False,False,False
sam_vit_b:ann585805_point_n10_t2,setup3,sam_vit_b,474170,585805,ann585805_point_n10_t2,point,0.1,2,0.3476461458872219,0.2732214999850839,22.713914799998747,0.7215313911437988,ok,,2026,results/masks/sam_vit_b/ann585805_point_n10_t2.png,cpu,2026-10-05T07:22:36.110893+00:00,0.3156046161565479,-0.032041529730674034,True,False,True
sam_vit_b:ann585805_point_n10_t3,setup3,sam_vit_b,474170,585805,ann585805_point_n10_t3,point,0.1,3,0.3151819322459222,0.2148376000113785,22.713914799998747,0.8342387676239014,ok,,2026,results/masks/sam_vit_b/ann585805_point_n10_t3.png,cpu,2026-10-05T07:22:36.768813+00:00,0.3156046161565479,0.00042268391062566524,True,False,True
sam_vit_b:ann585805_point_n20_t1,setup3,sam_vit_b,474170,585805,ann585805_point_n20_t1,point,0.2,1,0.4699354838709677,0.177443199994741,22.713914799998747,0.7484121322631836,ok,,2026,results/masks/sam_vit_b/ann585805_point_n20_t1.png,cpu,2026-10-05T07:22:37.223727+00:00,0.3156046161565479,-0.15433086771441978,True,False,True
sam_vit_b:ann585805_point_n20_t2,setup3,sam_vit_b,474170,585805,ann585805_point_n20_t2,point,0.2,2,0.0479857158799241,0.1913754999986849,22.713914799998747,0.8994234800338745,ok,,2026,results/masks/sam_vit_b/ann585805_point_n20_t2.png,cpu,2026-10-05T07:22:37.654340+00:00,0.3156046161565479,0.2676189002766238,True,True,True
sam_vit_b:ann585805_point_n20_t3,setup3,sam_vit_b,474170,585805,ann585805_point_n20_t3,point,0.2,3,0.3144654088050314,0.1826276000065263,22.713914799998747,0.8071885108947754,ok,,2026,results/masks/sam_vit_b/ann585805_point_n20_t3.png,cpu,2026-10-05T07:22:38.115115+00:00,0.3156046161565479,0.0011392073515165135,True,False,True
sam_vit_b:ann592288_box_n00_t0,"setup1,setup2",sam_vit_b,93965,592288,ann592288_box_n00_t0,box,0.0,0,0.9023273496644516,0.3093063000123948,38.44021269999212,0.9970766305923462,ok,,2026,results/masks/sam_vit_b/ann592288_box_n00_t0.png,cpu,2026-10-05T07:00:02.514124+00:00,0.9023273496644516,0.0,False,False,False
sam_vit_b:ann592288_box_n10_t1,setup3,sam_vit_b,93965,592288,ann592288_box_n10_t1,box,0.1,1,0.0145865321342399,0.281768800021382,38.44021269999212,0.6014635562896729,ok,,2026,results/masks/sam_vit_b/ann592288_box_n10_t1.png,cpu,2026-10-05T07:00:03.148227+00:00,0.9023273496644516,0.8877408175302117,True,True,True
sam_vit_b:ann592288_box_n10_t2,setup3,sam_vit_b,93965,592288,ann592288_box_n10_t2,box,0.1,2,0.0002319455259364,0.285264099977212,38.44021269999212,0.262067973613739,ok,,2026,results/masks/sam_vit_b/ann592288_box_n10_t2.png,cpu,2026-10-05T07:00:03.829376+00:00,0.9023273496644516,0.9020954041385152,True,True,True
sam_vit_b:ann592288_box_n10_t3,setup3,sam_vit_b,93965,592288,ann592288_box_n10_t3,box,0.1,3,0.0162611886686212,0.4037132000084966,38.44021269999212,0.8677323460578918,ok,,2026,results/masks/sam_vit_b/ann592288_box_n10_t3.png,cpu,2026-10-05T07:00:04.644158+00:00,0.9023273496644516,0.8860661609958304,True,True,True
sam_vit_b:ann592288_box_n20_t1,setup3,sam_vit_b,93965,592288,ann592288_box_n20_t1,box,0.2,1,0.0147447614074025,0.5245969999814406,38.44021269999212,1.021424412727356,ok,,2026,results/masks/sam_vit_b/ann592288_box_n20_t1.png,cpu,2026-10-05T07:00:05.575043+00:00,0.9023273496644516,0.887582588257049,True,True,True
sam_vit_b:ann592288_box_n20_t2,setup3,sam_vit_b,93965,592288,ann592288_box_n20_t2,box,0.2,2,0.0078474885624462,0.3553346999979112,38.44021269999212,0.988644003868103,ok,,2026,results/masks/sam_vit_b/ann592288_box_n20_t2.png,cpu,2026-10-05T07:00:06.679004+00:00,0.9023273496644516,0.8944798611020054,True,True,True
sam_vit_b:ann592288_box_n20_t3,setup3,sam_vit_b,93965,592288,ann592288_box_n20_t3,box,0.2,3,0.377844390712464,0.3586115000071004,38.44021269999212,0.6089895963668823,ok,,2026,results/masks/sam_vit_b/ann592288_box_n20_t3.png,cpu,2026-10-05T07:00:07.485719+00:00,0.9023273496644516,0.5244829589519876,True,True,True
sam_vit_b:ann592288_point_n00_t0,"setup1,setup2",sam_vit_b,93965,592288,ann592288_point_n00_t0,point,0.0,0,0.8428500496524329,0.400823500007391,38.44021269999212,0.8734948039054871,ok,,2026,results/masks/sam_vit_b/ann592288_point_n00_t0.png,cpu,2026-10-05T07:00:02.077089+00:00,0.8428500496524329,0.0,False,False,False
sam_vit_b:ann592288_point_n10_t1,setup3,sam_vit_b,93965,592288,ann592288_point_n10_t1,point,0.1,1,0.8860945767195767,0.2767109000124037,38.44021269999212,0.9525781869888306,ok,,2026,results/masks/sam_vit_b/ann592288_point_n10_t1.png,cpu,2026-10-05T07:00:02.848288+00:00,0.8428500496524329,-0.04324452706714377,False,False,False
sam_vit_b:ann592288_point_n10_t2,setup3,sam_vit_b,93965,592288,ann592288_point_n10_t2,point,0.1,2,0.8517918004036928,0.3446105000039097,38.44021269999212,0.8502802848815918,ok,,2026,results/masks/sam_vit_b/ann592288_point_n10_t2.png,cpu,2026-10-05T07:00:03.458490+00:00,0.8428500496524329,-0.008941750751259914,False,False,False
sam_vit_b:ann592288_point_n10_t3,setup3,sam_vit_b,93965,592288,ann592288_point_n10_t3,point,0.1,3,0.4829773141248551,0.462991400010651,38.44021269999212,0.6931249499320984,ok,,2026,results/masks/sam_vit_b/ann592288_point_n10_t3.png,cpu,2026-10-05T07:00:04.142341+00:00,0.8428500496524329,0.3598727355275778,True,True,True
sam_vit_b:ann592288_point_n20_t1,setup3,sam_vit_b,93965,592288,ann592288_point_n20_t1,point,0.2,1,0.0106265466720327,0.466638400015654,38.44021269999212,0.8970451951026917,ok,,2026,results/masks/sam_vit_b/ann592288_point_n20_t1.png,cpu,2026-10-05T07:00:05.076871+00:00,0.8428500496524329,0.8322235029804003,True,True,True
sam_vit_b:ann592288_point_n20_t2,setup3,sam_vit_b,93965,592288,ann592288_point_n20_t2,point,0.2,2,0.0094255234561357,0.5306345999997575,38.44021269999212,0.741809070110321,ok,,2026,results/masks/sam_vit_b/ann592288_point_n20_t2.png,cpu,2026-10-05T07:00:06.128999+00:00,0.8428500496524329,0.8334245261962973,True,True,True
sam_vit_b:ann592288_point_n20_t3,setup3,sam_vit_b,93965,592288,ann592288_point_n20_t3,point,0.2,3,0.0086070583006401,0.3898738000134472,38.44021269999212,0.29951873421669,ok,,2026,results/masks/sam_vit_b/ann592288_point_n20_t3.png,cpu,2026-10-05T07:00:07.067559+00:00,0.8428500496524329,0.8342429913517928,True,True,True
sam_vit_b:ann595505_box_n00_t0,"setup1,setup2",sam_vit_b,134689,595505,ann595505_box_n00_t0,box,0.0,0,0.8431446858682836,0.5115938000089955,34.49186710000504,0.9788928031921388,ok,,2026,results/masks/sam_vit_b/ann595505_box_n00_t0.png,cpu,2026-10-05T07:04:26.184829+00:00,0.8431446858682836,0.0,False,False,False
sam_vit_b:ann595505_box_n10_t1,setup3,sam_vit_b,134689,595505,ann595505_box_n10_t1,box,0.1,1,0.5216792112795505,0.3148785000084899,34.49186710000504,0.8272419571876526,ok,,2026,results/masks/sam_vit_b/ann595505_box_n10_t1.png,cpu,2026-10-05T07:04:27.024394+00:00,0.8431446858682836,0.3214654745887331,False,True,True
sam_vit_b:ann595505_box_n10_t2,setup3,sam_vit_b,134689,595505,ann595505_box_n10_t2,box,0.1,2,0.7868069847870828,0.2908930999983568,34.49186710000504,0.9389061331748962,ok,,2026,results/masks/sam_vit_b/ann595505_box_n10_t2.png,cpu,2026-10-05T07:04:27.738710+00:00,0.8431446858682836,0.05633770108120084,False,False,False
sam_vit_b:ann595505_box_n10_t3,setup3,sam_vit_b,134689,595505,ann595505_box_n10_t3,box,0.1,3,0.4795859689476711,0.2721292999922298,34.49186710000504,0.6465616226196289,ok,,2026,results/masks/sam_vit_b/ann595505_box_n10_t3.png,cpu,2026-10-05T07:04:28.361817+00:00,0.8431446858682836,0.36355871692061253,True,True,True
sam_vit_b:ann595505_box_n20_t1,setup3,sam_vit_b,134689,595505,ann595505_box_n20_t1,box,0.2,1,4.333193708202736e-05,0.2600378999777604,34.49186710000504,0.5956291556358337,ok,,2026,results/masks/sam_vit_b/ann595505_box_n20_t1.png,cpu,2026-10-05T07:04:28.977473+00:00,0.8431446858682836,0.8431013539312016,True,True,True
sam_vit_b:ann595505_box_n20_t2,setup3,sam_vit_b,134689,595505,ann595505_box_n20_t2,box,0.2,2,0.7276218926704363,0.3598315000126604,34.49186710000504,0.7499004602432251,ok,,2026,results/masks/sam_vit_b/ann595505_box_n20_t2.png,cpu,2026-10-05T07:04:29.600696+00:00,0.8431446858682836,0.1155227931978473,False,False,False
sam_vit_b:ann595505_box_n20_t3,setup3,sam_vit_b,134689,595505,ann595505_box_n20_t3,box,0.2,3,0.3583628746374476,0.2949458999792114,34.49186710000504,0.6538330912590027,ok,,2026,results/masks/sam_vit_b/ann595505_box_n20_t3.png,cpu,2026-10-05T07:04:30.319657+00:00,0.8431446858682836,0.484781811230836,True,True,True
sam_vit_b:ann595505_point_n00_t0,"setup1,setup2",sam_vit_b,134689,595505,ann595505_point_n00_t0,point,0.0,0,0.8358631770326836,0.323551999987103,34.49186710000504,0.9631714820861816,ok,,2026,results/masks/sam_vit_b/ann595505_point_n00_t0.png,cpu,2026-10-05T07:04:25.829398+00:00,0.8358631770326836,0.0,False,False,False
sam_vit_b:ann595505_point_n10_t1,setup3,sam_vit_b,134689,595505,ann595505_point_n10_t1,point,0.1,1,0.8404345074878717,0.2736985000083223,34.49186710000504,0.9752958416938782,ok,,2026,results/masks/sam_vit_b/ann595505_point_n10_t1.png,cpu,2026-10-05T07:04:26.722444+00:00,0.8358631770326836,-0.004571330455188094,False,False,False
sam_vit_b:ann595505_point_n10_t2,setup3,sam_vit_b,134689,595505,ann595505_point_n10_t2,point,0.1,2,0.816837677649608,0.3401152000005822,34.49186710000504,0.7220420837402344,ok,,2026,results/masks/sam_vit_b/ann595505_point_n10_t2.png,cpu,2026-10-05T07:04:27.368242+00:00,0.8358631770326836,0.019025499383075628,False,False,False
sam_vit_b:ann595505_point_n10_t3,setup3,sam_vit_b,134689,595505,ann595505_point_n10_t3,point,0.1,3,0.8429265202702703,0.2778556999983266,34.49186710000504,0.9593777656555176,ok,,2026,results/masks/sam_vit_b/ann595505_point_n10_t3.png,cpu,2026-10-05T07:04:28.057118+00:00,0.8358631770326836,-0.007063343237586617,False,False,False
sam_vit_b:ann595505_point_n20_t1,setup3,sam_vit_b,134689,595505,ann595505_point_n20_t1,point,0.2,1,0.8396983548543383,0.2874078000022564,34.49186710000504,0.9931157231330872,ok,,2026,results/masks/sam_vit_b/ann595505_point_n20_t1.png,cpu,2026-10-05T07:04:28.660329+00:00,0.8358631770326836,-0.003835177821654656,False,False,False
sam_vit_b:ann595505_point_n20_t2,setup3,sam_vit_b,134689,595505,ann595505_point_n20_t2,point,0.2,2,0.0137726226086208,0.3091330000024754,34.49186710000504,0.7478048205375671,ok,,2026,results/masks/sam_vit_b/ann595505_point_n20_t2.png,cpu,2026-10-05T07:04:29.264402+00:00,0.8358631770326836,0.8220905544240629,True,True,True
sam_vit_b:ann595505_point_n20_t3,setup3,sam_vit_b,134689,595505,ann595505_point_n20_t3,point,0.2,3,0.0101123464150855,0.2988449999829754,34.49186710000504,0.7151452302932739,ok,,2026,results/masks/sam_vit_b/ann595505_point_n20_t3.png,cpu,2026-10-05T07:04:29.995907+00:00,0.8358631770326836,0.8257508306175981,True,True,True
sam_vit_b:ann601827_box_n00_t0,"setup1,setup2",sam_vit_b,128654,601827,ann601827_box_n00_t0,box,0.0,0,0.9241748438893844,0.2758392999821808,72.29212560001179,0.980279505252838,ok,,2026,results/masks/sam_vit_b/ann601827_box_n00_t0.png,cpu,2026-10-05T07:03:47.372002+00:00,0.9241748438893844,0.0,False,False,False
sam_vit_b:ann601827_box_n10_t1,setup3,sam_vit_b,128654,601827,ann601827_box_n10_t1,box,0.1,1,0.9232485497545738,0.3178869999828748,72.29212560001179,0.9743927717208862,ok,,2026,results/masks/sam_vit_b/ann601827_box_n10_t1.png,cpu,2026-10-05T07:03:47.957316+00:00,0.9241748438893844,0.0009262941348106013,False,False,False
sam_vit_b:ann601827_box_n10_t2,setup3,sam_vit_b,128654,601827,ann601827_box_n10_t2,box,0.1,2,0.9251456745853878,0.2993351000186521,72.29212560001179,0.952479362487793,ok,,2026,results/masks/sam_vit_b/ann601827_box_n10_t2.png,cpu,2026-10-05T07:03:48.685329+00:00,0.9241748438893844,-0.0009708306960033442,False,False,False
sam_vit_b:ann601827_box_n10_t3,setup3,sam_vit_b,128654,601827,ann601827_box_n10_t3,box,0.1,3,0.9249665029030816,0.2533840000105556,72.29212560001179,0.9756826162338256,ok,,2026,results/masks/sam_vit_b/ann601827_box_n10_t3.png,cpu,2026-10-05T07:03:49.308673+00:00,0.9241748438893844,-0.0007916590136971546,False,False,False
sam_vit_b:ann601827_box_n20_t1,setup3,sam_vit_b,128654,601827,ann601827_box_n20_t1,box,0.2,1,0.5954954954954955,0.252444599987939,72.29212560001179,0.8572158813476562,ok,,2026,results/masks/sam_vit_b/ann601827_box_n20_t1.png,cpu,2026-10-05T07:03:49.857643+00:00,0.9241748438893844,0.3286793483938889,False,True,True
sam_vit_b:ann601827_box_n20_t2,setup3,sam_vit_b,128654,601827,ann601827_box_n20_t2,box,0.2,2,0.1970006816632583,0.2869200000131968,72.29212560001179,0.5153616070747375,ok,,2026,results/masks/sam_vit_b/ann601827_box_n20_t2.png,cpu,2026-10-05T07:03:50.411400+00:00,0.9241748438893844,0.7271741622261261,True,True,True
sam_vit_b:ann601827_box_n20_t3,setup3,sam_vit_b,128654,601827,ann601827_box_n20_t3,box,0.2,3,0.8776881720430108,0.2469233000010717,72.29212560001179,0.9052608013153076,ok,,2026,results/masks/sam_vit_b/ann601827_box_n20_t3.png,cpu,2026-10-05T07:03:51.041360+00:00,0.9241748438893844,0.04648667184637367,False,False,False
sam_vit_b:ann601827_point_n00_t0,"setup1,setup2",sam_vit_b,128654,601827,ann601827_point_n00_t0,point,0.0,0,0.8815612382234186,1.2444494999945164,72.29212560001179,0.6895438432693481,ok,,2026,results/masks/sam_vit_b/ann601827_point_n00_t0.png,cpu,2026-10-05T07:03:46.093536+00:00,0.8815612382234186,0.0,False,False,False
sam_vit_b:ann601827_point_n10_t1,setup3,sam_vit_b,128654,601827,ann601827_point_n10_t1,point,0.1,1,0.923455684870188,0.2592663000104949,72.29212560001179,0.8366243839263916,ok,,2026,results/masks/sam_vit_b/ann601827_point_n10_t1.png,cpu,2026-10-05T07:03:47.668950+00:00,0.8815612382234186,-0.041894446646769445,False,False,False
sam_vit_b:ann601827_point_n10_t2,setup3,sam_vit_b,128654,601827,ann601827_point_n10_t2,point,0.1,2,0.9246208742194468,0.3634082000062335,72.29212560001179,0.9485114812850952,ok,,2026,results/masks/sam_vit_b/ann601827_point_n10_t2.png,cpu,2026-10-05T07:03:48.295607+00:00,0.8815612382234186,-0.043059635996028245,False,False,False
sam_vit_b:ann601827_point_n10_t3,setup3,sam_vit_b,128654,601827,ann601827_point_n10_t3,point,0.1,3,0.8699369936993699,0.2772280000208411,72.29212560001179,0.6818200349807739,ok,,2026,results/masks/sam_vit_b/ann601827_point_n10_t3.png,cpu,2026-10-05T07:03:49.010419+00:00,0.8815612382234186,0.011624244524048644,False,False,False
sam_vit_b:ann601827_point_n20_t1,setup3,sam_vit_b,128654,601827,ann601827_point_n20_t1,point,0.2,1,0.925033467202142,0.2541466999973636,72.29212560001179,0.9469870924949646,ok,,2026,results/masks/sam_vit_b/ann601827_point_n20_t1.png,cpu,2026-10-05T07:03:49.582696+00:00,0.8815612382234186,-0.04347222897872338,False,False,False
sam_vit_b:ann601827_point_n20_t2,setup3,sam_vit_b,128654,601827,ann601827_point_n20_t2,point,0.2,2,0.9246544806063308,0.254537300002994,72.29212560001179,0.9486634731292723,ok,,2026,results/masks/sam_vit_b/ann601827_point_n20_t2.png,cpu,2026-10-05T07:03:50.133319+00:00,0.8815612382234186,-0.043093242382912234,False,False,False
sam_vit_b:ann601827_point_n20_t3,setup3,sam_vit_b,128654,601827,ann601827_point_n20_t3,point,0.2,3,0.922077922077922,0.2857900000235531,72.29212560001179,0.7619898319244385,ok,,2026,results/masks/sam_vit_b/ann601827_point_n20_t3.png,cpu,2026-10-05T07:03:50.725478+00:00,0.8815612382234186,-0.040516683854503466,False,False,False
sam_vit_b:ann613127_box_n00_t0,"setup1,setup2",sam_vit_b,54592,613127,ann613127_box_n00_t0,box,0.0,0,0.7306892247954514,0.690703600004781,51.39727120002499,0.9457260966300964,ok,,2026,results/masks/sam_vit_b/ann613127_box_n00_t0.png,cpu,2026-10-05T06:54:31.004202+00:00,0.7306892247954514,0.0,False,False,False
sam_vit_b:ann613127_box_n10_t1,setup3,sam_vit_b,54592,613127,ann613127_box_n10_t1,box,0.1,1,0.6711563261212208,0.5998627999797463,51.39727120002499,0.8825560808181763,ok,,2026,results/masks/sam_vit_b/ann613127_box_n10_t1.png,cpu,2026-10-05T06:54:32.461649+00:00,0.7306892247954514,0.05953289867423062,False,False,False
sam_vit_b:ann613127_box_n10_t2,setup3,sam_vit_b,54592,613127,ann613127_box_n10_t2,box,0.1,2,0.6527617951668585,0.5351790999993682,51.39727120002499,0.8706493377685547,ok,,2026,results/masks/sam_vit_b/ann613127_box_n10_t2.png,cpu,2026-10-05T06:54:33.610289+00:00,0.7306892247954514,0.07792742962859289,False,False,False
sam_vit_b:ann613127_box_n10_t3,setup3,sam_vit_b,54592,613127,ann613127_box_n10_t3,box,0.1,3,0.6401319563970166,0.6728783999860752,51.39727120002499,0.9229387640953064,ok,,2026,results/masks/sam_vit_b/ann613127_box_n10_t3.png,cpu,2026-10-05T06:54:34.914287+00:00,0.7306892247954514,0.09055726839843481,False,False,False
sam_vit_b:ann613127_box_n20_t1,setup3,sam_vit_b,54592,613127,ann613127_box_n20_t1,box,0.2,1,0.6247519138077686,0.6587567000242416,51.39727120002499,0.8575695753097534,ok,,2026,results/masks/sam_vit_b/ann613127_box_n20_t1.png,cpu,2026-10-05T06:54:37.725261+00:00,0.7306892247954514,0.10593731098768278,False,False,False
sam_vit_b:ann613127_box_n20_t2,setup3,sam_vit_b,54592,613127,ann613127_box_n20_t2,box,0.2,2,0.5716530932990427,0.6555823000089731,51.39727120002499,0.910436749458313,ok,,2026,results/masks/sam_vit_b/ann613127_box_n20_t2.png,cpu,2026-10-05T06:54:39.096037+00:00,0.7306892247954514,0.15903613149640872,False,False,False
sam_vit_b:ann613127_box_n20_t3,setup3,sam_vit_b,54592,613127,ann613127_box_n20_t3,box,0.2,3,0.5643706143491336,0.8944876000168733,51.39727120002499,0.908728837966919,ok,,2026,results/masks/sam_vit_b/ann613127_box_n20_t3.png,cpu,2026-10-05T06:54:40.505133+00:00,0.7306892247954514,0.1663186104463178,False,False,False
sam_vit_b:ann613127_point_n00_t0,"setup1,setup2",sam_vit_b,54592,613127,ann613127_point_n00_t0,point,0.0,0,0.7105156313438896,1.3051980000163894,51.39727120002499,0.9053916931152344,ok,,2026,results/masks/sam_vit_b/ann613127_point_n00_t0.png,cpu,2026-10-05T06:54:29.655915+00:00,0.7105156313438896,0.0,False,False,False
sam_vit_b:ann613127_point_n10_t1,setup3,sam_vit_b,54592,613127,ann613127_point_n10_t1,point,0.1,1,0.1425524351226448,0.6907308999798261,51.39727120002499,0.3753418624401092,ok,,2026,results/masks/sam_vit_b/ann613127_point_n10_t1.png,cpu,2026-10-05T06:54:31.718546+00:00,0.7105156313438896,0.5679631962212448,True,True,True
sam_vit_b:ann613127_point_n10_t2,setup3,sam_vit_b,54592,613127,ann613127_point_n10_t2,point,0.1,2,0.1021173623714458,0.5058630999992602,51.39727120002499,0.5676034092903137,ok,,2026,results/masks/sam_vit_b/ann613127_point_n10_t2.png,cpu,2026-10-05T06:54:33.081592+00:00,0.7105156313438896,0.6083982689724439,True,True,True
sam_vit_b:ann613127_point_n10_t3,setup3,sam_vit_b,54592,613127,ann613127_point_n10_t3,point,0.1,3,0.0,0.703943700005766,51.39727120002499,0.8559991121292114,ok,,2026,results/masks/sam_vit_b/ann613127_point_n10_t3.png,cpu,2026-10-05T06:54:34.176015+00:00,0.7105156313438896,0.7105156313438896,True,True,True
sam_vit_b:ann613127_point_n20_t1,setup3,sam_vit_b,54592,613127,ann613127_point_n20_t1,point,0.2,1,0.0148774795799299,2.075630699982866,51.39727120002499,0.7245057225227356,ok,,2026,results/masks/sam_vit_b/ann613127_point_n20_t1.png,cpu,2026-10-05T06:54:35.610762+00:00,0.7105156313438896,0.6956381517639597,True,True,True
sam_vit_b:ann613127_point_n20_t2,setup3,sam_vit_b,54592,613127,ann613127_point_n20_t2,point,0.2,2,0.0,0.6649145999981556,51.39727120002499,0.826988697052002,ok,,2026,results/masks/sam_vit_b/ann613127_point_n20_t2.png,cpu,2026-10-05T06:54:38.414187+00:00,0.7105156313438896,0.7105156313438896,True,True,True
sam_vit_b:ann613127_point_n20_t3,setup3,sam_vit_b,54592,613127,ann613127_point_n20_t3,point,0.2,3,0.0,0.7089442000142299,51.39727120002499,0.8405954837799072,ok,,2026,results/masks/sam_vit_b/ann613127_point_n20_t3.png,cpu,2026-10-05T06:54:39.775942+00:00,0.7105156313438896,0.7105156313438896,True,True,True
sam_vit_b:ann648400_box_n00_t0,"setup1,setup2",sam_vit_b,32570,648400,ann648400_box_n00_t0,box,0.0,0,0.8562587904360056,0.4946300000010524,52.643494799995096,0.9472060203552246,ok,,2026,results/masks/sam_vit_b/ann648400_box_n00_t0.png,cpu,2026-10-05T06:52:40.205909+00:00,0.8562587904360056,0.0,False,False,False
sam_vit_b:ann648400_box_n10_t1,setup3,sam_vit_b,32570,648400,ann648400_box_n10_t1,box,0.1,1,0.789458010720667,0.4482156000158284,52.643494799995096,0.928004264831543,ok,,2026,results/masks/sam_vit_b/ann648400_box_n10_t1.png,cpu,2026-10-05T06:52:41.290484+00:00,0.8562587904360056,0.0668007797153386,False,False,False
sam_vit_b:ann648400_box_n10_t2,setup3,sam_vit_b,32570,648400,ann648400_box_n10_t2,box,0.1,2,0.8514431239388794,0.4191332999907899,52.643494799995096,0.947480082511902,ok,,2026,results/masks/sam_vit_b/ann648400_box_n10_t2.png,cpu,2026-10-05T06:52:42.382408+00:00,0.8562587904360056,0.00481566649712617,False,False,False
sam_vit_b:ann648400_box_n10_t3,setup3,sam_vit_b,32570,648400,ann648400_box_n10_t3,box,0.1,3,0.8512649430080623,0.3639660000044387,52.643494799995096,0.9466750621795654,ok,,2026,results/masks/sam_vit_b/ann648400_box_n10_t3.png,cpu,2026-10-05T06:52:43.205011+00:00,0.8562587904360056,0.004993847427943288,False,False,False
sam_vit_b:ann648400_box_n20_t1,setup3,sam_vit_b,32570,648400,ann648400_box_n20_t1,box,0.2,1,0.5847482871611558,0.4232061000075191,52.643494799995096,0.9256333112716676,ok,,2026,results/masks/sam_vit_b/ann648400_box_n20_t1.png,cpu,2026-10-05T06:52:44.001142+00:00,0.8562587904360056,0.2715105032748498,False,True,True
sam_vit_b:ann648400_box_n20_t2,setup3,sam_vit_b,32570,648400,ann648400_box_n20_t2,box,0.2,2,0.8482352941176471,0.5613960999762639,52.643494799995096,0.9182539582252502,ok,,2026,results/masks/sam_vit_b/ann648400_box_n20_t2.png,cpu,2026-10-05T06:52:44.991432+00:00,0.8562587904360056,0.008023496318358525,False,False,False
sam_vit_b:ann648400_box_n20_t3,setup3,sam_vit_b,32570,648400,ann648400_box_n20_t3,box,0.2,3,0.4933441999456669,0.3927701999782584,52.643494799995096,0.7712885141372681,ok,,2026,results/masks/sam_vit_b/ann648400_box_n20_t3.png,cpu,2026-10-05T06:52:46.482585+00:00,0.8562587904360056,0.3629145904903387,True,True,True
sam_vit_b:ann648400_point_n00_t0,"setup1,setup2",sam_vit_b,32570,648400,ann648400_point_n00_t0,point,0.0,0,0.770516717325228,0.6522472000215203,52.643494799995096,0.8017865419387817,ok,,2026,results/masks/sam_vit_b/ann648400_point_n00_t0.png,cpu,2026-10-05T06:52:39.507880+00:00,0.770516717325228,0.0,False,False,False
sam_vit_b:ann648400_point_n10_t1,setup3,sam_vit_b,32570,648400,ann648400_point_n10_t1,point,0.1,1,0.823980290172461,0.5512114000157453,52.643494799995096,0.8223709464073181,ok,,2026,results/masks/sam_vit_b/ann648400_point_n10_t1.png,cpu,2026-10-05T06:52:40.721929+00:00,0.770516717325228,-0.05346357284723302,False,False,False
sam_vit_b:ann648400_point_n10_t2,setup3,sam_vit_b,32570,648400,ann648400_point_n10_t2,point,0.1,2,0.7444388270980788,0.59309970002505,52.643494799995096,0.8135759234428406,ok,,2026,results/masks/sam_vit_b/ann648400_point_n10_t2.png,cpu,2026-10-05T06:52:41.764842+00:00,0.770516717325228,0.026077890227149125,False,False,False
sam_vit_b:ann648400_point_n10_t3,setup3,sam_vit_b,32570,648400,ann648400_point_n10_t3,point,0.1,3,0.0176224611708482,0.3688857000088319,52.643494799995096,0.8031801581382751,ok,,2026,results/masks/sam_vit_b/ann648400_point_n10_t3.png,cpu,2026-10-05T06:52:42.819740+00:00,0.770516717325228,0.7528942561543798,True,True,True
sam_vit_b:ann648400_point_n20_t1,setup3,sam_vit_b,32570,648400,ann648400_point_n20_t1,point,0.2,1,0.8488964346349746,0.3963708000082988,52.643494799995096,0.7994542121887207,ok,,2026,results/masks/sam_vit_b/ann648400_point_n20_t1.png,cpu,2026-10-05T06:52:43.585223+00:00,0.770516717325228,-0.07837971730974658,False,False,False
sam_vit_b:ann648400_point_n20_t2,setup3,sam_vit_b,32570,648400,ann648400_point_n20_t2,point,0.2,2,0.0001656050955414,0.5154819000163116,52.643494799995096,0.860541582107544,ok,,2026,results/masks/sam_vit_b/ann648400_point_n20_t2.png,cpu,2026-10-05T06:52:44.442766+00:00,0.770516717325228,0.7703511122296866,True,True,True
sam_vit_b:ann648400_point_n20_t3,setup3,sam_vit_b,32570,648400,ann648400_point_n20_t3,point,0.2,3,0.0081349206349206,0.8893718000035733,52.643494799995096,0.7309995889663696,ok,,2026,results/masks/sam_vit_b/ann648400_point_n20_t3.png,cpu,2026-10-05T06:52:45.574385+00:00,0.770516717325228,0.7623817966903074,True,True,True
sam_vit_b:ann657044_box_n00_t0,"setup1,setup2",sam_vit_b,361147,657044,ann657044_box_n00_t0,box,0.0,0,0.8950512794981579,0.4176404000027105,21.93417380002211,0.9374749660491944,ok,,2026,results/masks/sam_vit_b/ann657044_box_n00_t0.png,cpu,2026-10-05T07:16:56.663652+00:00,0.8950512794981579,0.0,False,False,False
sam_vit_b:ann657044_box_n10_t1,setup3,sam_vit_b,361147,657044,ann657044_box_n10_t1,box,0.1,1,0.8192349945071408,0.176023800013354,21.93417380002211,0.9275977611541748,ok,,2026,results/masks/sam_vit_b/ann657044_box_n10_t1.png,cpu,2026-10-05T07:16:57.341396+00:00,0.8950512794981579,0.07581628499101711,False,False,False
sam_vit_b:ann657044_box_n10_t2,setup3,sam_vit_b,361147,657044,ann657044_box_n10_t2,box,0.1,2,0.0956364263539151,0.2706151000165846,21.93417380002211,0.7404264807701111,ok,,2026,results/masks/sam_vit_b/ann657044_box_n10_t2.png,cpu,2026-10-05T07:16:57.758573+00:00,0.8950512794981579,0.7994148531442428,True,True,True
sam_vit_b:ann657044_box_n10_t3,setup3,sam_vit_b,361147,657044,ann657044_box_n10_t3,box,0.1,3,0.8190954773869347,0.2446039999776985,21.93417380002211,0.7493788599967957,ok,,2026,results/masks/sam_vit_b/ann657044_box_n10_t3.png,cpu,2026-10-05T07:16:58.344277+00:00,0.8950512794981579,0.07595580211122321,False,False,False
sam_vit_b:ann657044_box_n20_t1,setup3,sam_vit_b,361147,657044,ann657044_box_n20_t1,box,0.2,1,0.8165055317452407,0.2591037999955006,21.93417380002211,0.9073253870010376,ok,,2026,results/masks/sam_vit_b/ann657044_box_n20_t1.png,cpu,2026-10-05T07:16:58.878486+00:00,0.8950512794981579,0.07854574775291723,False,False,False
sam_vit_b:ann657044_box_n20_t2,setup3,sam_vit_b,361147,657044,ann657044_box_n20_t2,box,0.2,2,0.0515904415255578,0.3059536000073422,21.93417380002211,0.4421446919441223,ok,,2026,results/masks/sam_vit_b/ann657044_box_n20_t2.png,cpu,2026-10-05T07:16:59.545154+00:00,0.8950512794981579,0.8434608379726001,True,True,True
sam_vit_b:ann657044_box_n20_t3,setup3,sam_vit_b,361147,657044,ann657044_box_n20_t3,box,0.2,3,0.5790215421783773,0.3329797000042163,21.93417380002211,0.6003210544586182,ok,,2026,results/masks/sam_vit_b/ann657044_box_n20_t3.png,cpu,2026-10-05T07:17:00.500408+00:00,0.8950512794981579,0.31602973731978057,False,True,True
sam_vit_b:ann657044_point_n00_t0,"setup1,setup2",sam_vit_b,361147,657044,ann657044_point_n00_t0,point,0.0,0,0.8091190880911909,0.3885178999917116,21.93417380002211,0.9367092847824096,ok,,2026,results/masks/sam_vit_b/ann657044_point_n00_t0.png,cpu,2026-10-05T07:16:56.241703+00:00,0.8091190880911909,0.0,False,False,False
sam_vit_b:ann657044_point_n10_t1,setup3,sam_vit_b,361147,657044,ann657044_point_n10_t1,point,0.1,1,0.8100379924015197,0.2028084000048693,21.93417380002211,0.933172047138214,ok,,2026,results/masks/sam_vit_b/ann657044_point_n10_t1.png,cpu,2026-10-05T07:16:57.111063+00:00,0.8091190880911909,-0.0009189043103288164,False,False,False
sam_vit_b:ann657044_point_n10_t2,setup3,sam_vit_b,361147,657044,ann657044_point_n10_t2,point,0.1,2,0.8100620124024805,0.1917580000008456,21.93417380002211,0.9448047280311584,ok,,2026,results/masks/sam_vit_b/ann657044_point_n10_t2.png,cpu,2026-10-05T07:16:57.540192+00:00,0.8091190880911909,-0.0009429243112896168,False,False,False
sam_vit_b:ann657044_point_n10_t3,setup3,sam_vit_b,361147,657044,ann657044_point_n10_t3,point,0.1,3,0.8072807280728073,0.2590644000156317,21.93417380002211,0.9371664524078368,ok,,2026,results/masks/sam_vit_b/ann657044_point_n10_t3.png,cpu,2026-10-05T07:16:58.055290+00:00,0.8091190880911909,0.0018383600183836668,False,False,False
sam_vit_b:ann657044_point_n20_t1,setup3,sam_vit_b,361147,657044,ann657044_point_n20_t1,point,0.2,1,0.7993601919424173,0.2380407000018749,21.93417380002211,0.9410020112991332,ok,,2026,results/masks/sam_vit_b/ann657044_point_n20_t1.png,cpu,2026-10-05T07:16:58.612273+00:00,0.8091190880911909,0.009758896148773677,False,False,False
sam_vit_b:ann657044_point_n20_t2,setup3,sam_vit_b,361147,657044,ann657044_point_n20_t2,point,0.2,2,0.1791540785498489,0.3493386999762151,21.93417380002211,0.50839763879776,ok,,2026,results/masks/sam_vit_b/ann657044_point_n20_t2.png,cpu,2026-10-05T07:16:59.165051+00:00,0.8091190880911909,0.629965009541342,True,True,True
sam_vit_b:ann657044_point_n20_t3,setup3,sam_vit_b,361147,657044,ann657044_point_n20_t3,point,0.2,3,0.0017985611510791,0.5784618000034243,21.93417380002211,0.7496962547302246,ok,,2026,results/masks/sam_vit_b/ann657044_point_n20_t3.png,cpu,2026-10-05T07:16:59.883727+00:00,0.8091190880911909,0.8073205269401118,True,True,True
sam_vit_b:ann658626_box_n00_t0,"setup1,setup2",sam_vit_b,261732,658626,ann658626_box_n00_t0,box,0.0,0,0.7284500202347228,0.314774899976328,23.356448900012765,0.9041941165924072,ok,,2026,results/masks/sam_vit_b/ann658626_box_n00_t0.png,cpu,2026-10-05T07:12:43.901568+00:00,0.7284500202347228,0.0,False,False,False
sam_vit_b:ann658626_box_n10_t1,setup3,sam_vit_b,261732,658626,ann658626_box_n10_t1,box,0.1,1,0.7449392712550608,0.2462593000091146,23.356448900012765,0.922049343585968,ok,,2026,results/masks/sam_vit_b/ann658626_box_n10_t1.png,cpu,2026-10-05T07:12:44.571412+00:00,0.7284500202347228,-0.016489251020337936,False,False,False
sam_vit_b:ann658626_box_n10_t2,setup3,sam_vit_b,261732,658626,ann658626_box_n10_t2,box,0.1,2,0.7670178282009724,0.4103667000017594,23.356448900012765,0.878038763999939,ok,,2026,results/masks/sam_vit_b/ann658626_box_n10_t2.png,cpu,2026-10-05T07:12:45.085553+00:00,0.7284500202347228,-0.03856780796624959,False,False,False
sam_vit_b:ann658626_box_n10_t3,setup3,sam_vit_b,261732,658626,ann658626_box_n10_t3,box,0.1,3,0.6549210206561361,0.168011400004616,23.356448900012765,0.8744962811470032,ok,,2026,results/masks/sam_vit_b/ann658626_box_n10_t3.png,cpu,2026-10-05T07:12:45.745311+00:00,0.7284500202347228,0.07352899957858672,False,False,False
sam_vit_b:ann658626_box_n20_t1,setup3,sam_vit_b,261732,658626,ann658626_box_n20_t1,box,0.2,1,0.7519125683060109,0.1849913999903947,23.356448900012765,0.9152330160140992,ok,,2026,results/masks/sam_vit_b/ann658626_box_n20_t1.png,cpu,2026-10-05T07:12:46.122410+00:00,0.7284500202347228,-0.023462548071288114,False,False,False
sam_vit_b:ann658626_box_n20_t2,setup3,sam_vit_b,261732,658626,ann658626_box_n20_t2,box,0.2,2,0.0554693560899922,0.2263406999991275,23.356448900012765,0.691205620765686,ok,,2026,results/masks/sam_vit_b/ann658626_box_n20_t2.png,cpu,2026-10-05T07:12:46.538816+00:00,0.7284500202347228,0.6729806641447307,True,True,True
sam_vit_b:ann658626_box_n20_t3,setup3,sam_vit_b,261732,658626,ann658626_box_n20_t3,box,0.2,3,0.2040485829959514,0.1895502000115811,23.356448900012765,0.548368513584137,ok,,2026,results/masks/sam_vit_b/ann658626_box_n20_t3.png,cpu,2026-10-05T07:12:47.030028+00:00,0.7284500202347228,0.5244014372387714,True,True,True
sam_vit_b:ann658626_point_n00_t0,"setup1,setup2",sam_vit_b,261732,658626,ann658626_point_n00_t0,point,0.0,0,0.6463339494762785,0.2372033999999985,23.356448900012765,0.8619585037231445,ok,,2026,results/masks/sam_vit_b/ann658626_point_n00_t0.png,cpu,2026-10-05T07:12:43.638369+00:00,0.6463339494762785,0.0,False,False,False
sam_vit_b:ann658626_point_n10_t1,setup3,sam_vit_b,261732,658626,ann658626_point_n10_t1,point,0.1,1,0.5796119494918386,0.2734703999885823,23.356448900012765,0.6328626871109009,ok,,2026,results/masks/sam_vit_b/ann658626_point_n10_t1.png,cpu,2026-10-05T07:12:44.240152+00:00,0.6463339494762785,0.06672199998443995,False,False,False
sam_vit_b:ann658626_point_n10_t2,setup3,sam_vit_b,261732,658626,ann658626_point_n10_t2,point,0.1,2,0.642791551882461,0.1935025000129826,23.356448900012765,0.8158484697341919,ok,,2026,results/masks/sam_vit_b/ann658626_point_n10_t2.png,cpu,2026-10-05T07:12:44.837213+00:00,0.6463339494762785,0.003542397593817581,False,False,False
sam_vit_b:ann658626_point_n10_t3,setup3,sam_vit_b,261732,658626,ann658626_point_n10_t3,point,0.1,3,0.6470951792336218,0.176319299993338,23.356448900012765,0.8668853044509888,ok,,2026,results/masks/sam_vit_b/ann658626_point_n10_t3.png,cpu,2026-10-05T07:12:45.550081+00:00,0.6463339494762785,-0.0007612297573432736,False,False,False
sam_vit_b:ann658626_point_n20_t1,setup3,sam_vit_b,261732,658626,ann658626_point_n20_t1,point,0.2,1,0.680604696043744,0.1635835999913979,23.356448900012765,0.8430184125900269,ok,,2026,results/masks/sam_vit_b/ann658626_point_n20_t1.png,cpu,2026-10-05T07:12:45.934460+00:00,0.6463339494762785,-0.03427074656746543,False,False,False
sam_vit_b:ann658626_point_n20_t2,setup3,sam_vit_b,261732,658626,ann658626_point_n20_t2,point,0.2,2,0.617802676626206,0.1903420000162441,23.356448900012765,0.5315454602241516,ok,,2026,results/masks/sam_vit_b/ann658626_point_n20_t2.png,cpu,2026-10-05T07:12:46.327052+00:00,0.6463339494762785,0.02853127285007251,False,False,False
sam_vit_b:ann658626_point_n20_t3,setup3,sam_vit_b,261732,658626,ann658626_point_n20_t3,point,0.2,3,0.6499844575691638,0.1862825999851338,23.356448900012765,0.8741872310638428,ok,,2026,results/masks/sam_vit_b/ann658626_point_n20_t3.png,cpu,2026-10-05T07:12:46.822046+00:00,0.6463339494762785,-0.003650508092885252,False,False,False
sam_vit_b:ann683127_box_n00_t0,"setup1,setup2",sam_vit_b,419312,683127,ann683127_box_n00_t0,box,0.0,0,0.912657701372522,0.1802856999856885,24.76973870000802,0.967889666557312,ok,,2026,results/masks/sam_vit_b/ann683127_box_n00_t0.png,cpu,2026-10-05T07:20:01.003041+00:00,0.912657701372522,0.0,False,False,False
sam_vit_b:ann683127_box_n10_t1,setup3,sam_vit_b,419312,683127,ann683127_box_n10_t1,box,0.1,1,0.8458247066942719,0.1612320000131148,24.76973870000802,0.8486491441726685,ok,,2026,results/masks/sam_vit_b/ann683127_box_n10_t1.png,cpu,2026-10-05T07:20:01.599861+00:00,0.912657701372522,0.0668329946782501,False,False,False
sam_vit_b:ann683127_box_n10_t2,setup3,sam_vit_b,419312,683127,ann683127_box_n10_t2,box,0.1,2,0.3962243680156233,0.1561448999855201,24.76973870000802,0.7536947727203369,ok,,2026,results/masks/sam_vit_b/ann683127_box_n10_t2.png,cpu,2026-10-05T07:20:01.990558+00:00,0.912657701372522,0.5164333333568987,True,True,True
sam_vit_b:ann683127_box_n10_t3,setup3,sam_vit_b,419312,683127,ann683127_box_n10_t3,box,0.1,3,0.9156106391867428,0.1700445000024046,24.76973870000802,0.6209759712219238,ok,,2026,results/masks/sam_vit_b/ann683127_box_n10_t3.png,cpu,2026-10-05T07:20:02.354108+00:00,0.912657701372522,-0.0029529378142207907,False,False,False
sam_vit_b:ann683127_box_n20_t1,setup3,sam_vit_b,419312,683127,ann683127_box_n20_t1,box,0.2,1,0.5517337031900139,0.1587142999924253,24.76973870000802,0.5113902688026428,ok,,2026,results/masks/sam_vit_b/ann683127_box_n20_t1.png,cpu,2026-10-05T07:20:02.752783+00:00,0.912657701372522,0.3609239981825081,False,True,True
sam_vit_b:ann683127_box_n20_t2,setup3,sam_vit_b,419312,683127,ann683127_box_n20_t2,box,0.2,2,0.0206803846551545,0.1499833999841939,24.76973870000802,0.876982569694519,ok,,2026,results/masks/sam_vit_b/ann683127_box_n20_t2.png,cpu,2026-10-05T07:20:03.160052+00:00,0.912657701372522,0.8919773167173675,True,True,True
sam_vit_b:ann683127_box_n20_t3,setup3,sam_vit_b,419312,683127,ann683127_box_n20_t3,box,0.2,3,0.2746650426309379,0.1699970999907236,24.76973870000802,0.4563641846179962,ok,,2026,results/masks/sam_vit_b/ann683127_box_n20_t3.png,cpu,2026-10-05T07:20:03.585018+00:00,0.912657701372522,0.6379926587415841,True,True,True
sam_vit_b:ann683127_point_n00_t0,"setup1,setup2",sam_vit_b,419312,683127,ann683127_point_n00_t0,point,0.0,0,0.4407563025210084,0.2099761999852489,24.76973870000802,0.8751809597015381,ok,,2026,results/masks/sam_vit_b/ann683127_point_n00_t0.png,cpu,2026-10-05T07:20:00.766296+00:00,0.4407563025210084,0.0,True,False,True
sam_vit_b:ann683127_point_n10_t1,setup3,sam_vit_b,419312,683127,ann683127_point_n10_t1,point,0.1,1,0.4424989494326936,0.3579198000079486,24.76973870000802,0.8464058637619019,ok,,2026,results/masks/sam_vit_b/ann683127_point_n10_t1.png,cpu,2026-10-05T07:20:01.209624+00:00,0.4407563025210084,-0.0017426469116851862,True,False,True
sam_vit_b:ann683127_point_n10_t2,setup3,sam_vit_b,419312,683127,ann683127_point_n10_t2,point,0.1,2,0.4436037550791649,0.1551600999955553,24.76973870000802,0.8498861789703369,ok,,2026,results/masks/sam_vit_b/ann683127_point_n10_t2.png,cpu,2026-10-05T07:20:01.788110+00:00,0.4407563025210084,-0.0028474525581564936,True,False,True
sam_vit_b:ann683127_point_n10_t3,setup3,sam_vit_b,419312,683127,ann683127_point_n10_t3,point,0.1,3,0.3988552282563172,0.1593773000058718,24.76973870000802,0.8023377656936646,ok,,2026,results/masks/sam_vit_b/ann683127_point_n10_t3.png,cpu,2026-10-05T07:20:02.171348+00:00,0.4407563025210084,0.041901074264691196,True,False,True
sam_vit_b:ann683127_point_n20_t1,setup3,sam_vit_b,419312,683127,ann683127_point_n20_t1,point,0.2,1,0.5081967213114754,0.1638027000008151,24.76973870000802,0.7869205474853516,ok,,2026,results/masks/sam_vit_b/ann683127_point_n20_t1.png,cpu,2026-10-05T07:20:02.547557+00:00,0.4407563025210084,-0.06744041879046703,False,False,False
sam_vit_b:ann683127_point_n20_t2,setup3,sam_vit_b,419312,683127,ann683127_point_n20_t2,point,0.2,2,0.4445845593386577,0.1662045999837573,24.76973870000802,0.8466254472732544,ok,,2026,results/masks/sam_vit_b/ann683127_point_n20_t2.png,cpu,2026-10-05T07:20:02.934808+00:00,0.4407563025210084,-0.0038282568176493115,True,False,True
sam_vit_b:ann683127_point_n20_t3,setup3,sam_vit_b,419312,683127,ann683127_point_n20_t3,point,0.2,3,0.4028184735593693,0.1553563000052236,24.76973870000802,0.8051767349243164,ok,,2026,results/masks/sam_vit_b/ann683127_point_n20_t3.png,cpu,2026-10-05T07:20:03.371329+00:00,0.4407563025210084,0.03793782896163911,True,False,True
