run_id,setup,model,image_id,annotation_id,prompt_id,prompt_type,noise_level,trial,iou,seconds,encode_seconds,predicted_score,status,error,seed,mask_path,device,started_at_utc
mobile_sam:ann100384_box_n00_t0,setup1,mobile_sam,92091,100384,ann100384_box_n00_t0,box,0.0,0,0.8904145270521694,0.40083910000976175,3.826641899999231,0.8212709426879883,ok,,2026,results/masks/mobile_sam/ann100384_box_n00_t0.png,cpu,2026-10-05T06:48:07.426845+00:00
mobile_sam:ann100384_point_n00_t0,setup1,mobile_sam,92091,100384,ann100384_point_n00_t0,point,0.0,0,0.13169359949302914,0.33223470000666566,3.826641899999231,0.9112608432769775,ok,,2026,results/masks/mobile_sam/ann100384_point_n00_t0.png,cpu,2026-10-05T06:48:07.082994+00:00
mobile_sam:ann1042325_box_n00_t0,setup1,mobile_sam,474854,1042325,ann1042325_box_n00_t0,box,0.0,0,0.8163771712158809,0.26220669999020174,5.366192399989814,0.8917404413223267,ok,,2026,results/masks/mobile_sam/ann1042325_box_n00_t0.png,cpu,2026-10-05T06:45:33.598897+00:00
mobile_sam:ann1042325_point_n00_t0,setup1,mobile_sam,474854,1042325,ann1042325_point_n00_t0,point,0.0,0,0.80178671133445,0.38404899998568,5.366192399989814,0.9473155736923218,ok,,2026,results/masks/mobile_sam/ann1042325_point_n00_t0.png,cpu,2026-10-05T06:45:33.200367+00:00
mobile_sam:ann1044692_box_n00_t0,setup1,mobile_sam,352618,1044692,ann1044692_box_n00_t0,box,0.0,0,0.7513345195729537,0.39991310000186786,5.322991199995158,0.9635668992996216,ok,,2026,results/masks/mobile_sam/ann1044692_box_n00_t0.png,cpu,2026-10-05T06:50:10.179207+00:00
mobile_sam:ann1044692_point_n00_t0,setup1,mobile_sam,352618,1044692,ann1044692_point_n00_t0,point,0.0,0,0.7526292401125759,0.28290560000459664,5.322991199995158,0.9555575847625732,ok,,2026,results/masks/mobile_sam/ann1044692_point_n00_t0.png,cpu,2026-10-05T06:50:09.880821+00:00
mobile_sam:ann1050658_box_n00_t0,setup1,mobile_sam,402783,1050658,ann1050658_box_n00_t0,box,0.0,0,0.9600024388756783,0.46119679999537766,5.973136599990539,0.9882892370223999,ok,,2026,results/masks/mobile_sam/ann1050658_box_n00_t0.png,cpu,2026-10-05T06:50:53.392412+00:00
mobile_sam:ann1050658_point_n00_t0,setup1,mobile_sam,402783,1050658,ann1050658_point_n00_t0,point,0.0,0,0.37486949579315854,0.5312376999936532,5.973136599990539,0.9103358387947083,ok,,2026,results/masks/mobile_sam/ann1050658_point_n00_t0.png,cpu,2026-10-05T06:50:52.837295+00:00
mobile_sam:ann1070882_box_n00_t0,setup1,mobile_sam,248400,1070882,ann1070882_box_n00_t0,box,0.0,0,0.8917764989790236,0.28204980000737123,4.7718455999856815,0.9613956212997437,ok,,2026,results/masks/mobile_sam/ann1070882_box_n00_t0.png,cpu,2026-10-05T06:49:14.358980+00:00
mobile_sam:ann1070882_point_n00_t0,setup1,mobile_sam,248400,1070882,ann1070882_point_n00_t0,point,0.0,0,0.8913729128014842,0.2402814999804832,4.7718455999856815,0.8430885076522827,ok,,2026,results/masks/mobile_sam/ann1070882_point_n00_t0.png,cpu,2026-10-05T06:49:14.070430+00:00
mobile_sam:ann1152444_box_n00_t0,setup1,mobile_sam,521282,1152444,ann1152444_box_n00_t0,box,0.0,0,0.881188438039045,0.27951960000791587,5.249464799999259,0.9788200855255127,ok,,2026,results/masks/mobile_sam/ann1152444_box_n00_t0.png,cpu,2026-10-05T06:45:39.583078+00:00
mobile_sam:ann1152444_point_n00_t0,setup1,mobile_sam,521282,1152444,ann1152444_point_n00_t0,point,0.0,0,0.6357908825305629,0.3634536999743432,5.249464799999259,0.54771888256073,ok,,2026,results/masks/mobile_sam/ann1152444_point_n00_t0.png,cpu,2026-10-05T06:45:39.204862+00:00
mobile_sam:ann1152662_box_n00_t0,setup1,mobile_sam,213224,1152662,ann1152662_box_n00_t0,box,0.0,0,0.8970044614404079,0.2903039999946486,5.52845770001295,0.9463538527488708,ok,,2026,results/masks/mobile_sam/ann1152662_box_n00_t0.png,cpu,2026-10-05T06:49:00.453943+00:00
mobile_sam:ann1152662_point_n00_t0,setup1,mobile_sam,213224,1152662,ann1152662_point_n00_t0,point,0.0,0,0.8677904381534124,0.35395460002473556,5.52845770001295,0.8817591667175293,ok,,2026,results/masks/mobile_sam/ann1152662_point_n00_t0.png,cpu,2026-10-05T06:49:00.047767+00:00
mobile_sam:ann1161337_box_n00_t0,setup1,mobile_sam,220310,1161337,ann1161337_box_n00_t0,box,0.0,0,0.6621354532677443,0.33387109998147935,5.326993200025754,0.8073460459709167,ok,,2026,results/masks/mobile_sam/ann1161337_box_n00_t0.png,cpu,2026-10-05T06:44:57.756099+00:00
mobile_sam:ann1161337_point_n00_t0,setup1,mobile_sam,220310,1161337,ann1161337_point_n00_t0,point,0.0,0,0.4549527460770328,0.37970690001384355,5.326993200025754,0.9652734398841858,ok,,2026,results/masks/mobile_sam/ann1161337_point_n00_t0.png,cpu,2026-10-05T06:44:57.365878+00:00
mobile_sam:ann1216289_box_n00_t0,setup1,mobile_sam,257169,1216289,ann1216289_box_n00_t0,box,0.0,0,0.8261910103956324,0.7494430000078864,9.314007200009655,0.9012085199356079,ok,,2026,results/masks/mobile_sam/ann1216289_box_n00_t0.png,cpu,2026-10-05T06:49:24.730859+00:00
mobile_sam:ann1216289_point_n00_t0,setup1,mobile_sam,257169,1216289,ann1216289_point_n00_t0,point,0.0,0,0.8370530715831903,0.6984877999930177,9.314007200009655,0.929918646812439,ok,,2026,results/masks/mobile_sam/ann1216289_point_n00_t0.png,cpu,2026-10-05T06:49:24.012518+00:00
mobile_sam:ann1266826_box_n00_t0,setup1,mobile_sam,448410,1266826,ann1266826_box_n00_t0,box,0.0,0,0.40106951871657753,0.22324809999554418,3.57913520000875,0.6821894645690918,ok,,2026,results/masks/mobile_sam/ann1266826_box_n00_t0.png,cpu,2026-10-05T06:51:14.780123+00:00
mobile_sam:ann1266826_point_n00_t0,setup1,mobile_sam,448410,1266826,ann1266826_point_n00_t0,point,0.0,0,0.2231793265465936,0.24529520000214688,3.57913520000875,0.752282977104187,ok,,2026,results/masks/mobile_sam/ann1266826_point_n00_t0.png,cpu,2026-10-05T06:51:14.485214+00:00
mobile_sam:ann1372916_box_n00_t0,setup1,mobile_sam,124277,1372916,ann1372916_box_n00_t0,box,0.0,0,0.9176029962546817,0.30235320000792854,3.8547753000166267,0.9075785875320435,ok,,2026,results/masks/mobile_sam/ann1372916_box_n00_t0.png,cpu,2026-10-05T06:48:27.017805+00:00
mobile_sam:ann1372916_point_n00_t0,setup1,mobile_sam,124277,1372916,ann1372916_point_n00_t0,point,0.0,0,0.8830188679245283,0.31325080001261085,3.8547753000166267,0.8076794743537903,ok,,2026,results/masks/mobile_sam/ann1372916_point_n00_t0.png,cpu,2026-10-05T06:48:26.655630+00:00
mobile_sam:ann141868_box_n00_t0,setup1,mobile_sam,382111,141868,ann141868_box_n00_t0,box,0.0,0,0.3005181347150259,0.420509999996284,7.559821699978784,0.8530012369155884,ok,,2026,results/masks/mobile_sam/ann141868_box_n00_t0.png,cpu,2026-10-05T06:50:40.073942+00:00
mobile_sam:ann141868_point_n00_t0,setup1,mobile_sam,382111,141868,ann141868_point_n00_t0,point,0.0,0,0.39111747851002865,0.3452335000038147,7.559821699978784,0.7208362817764282,ok,,2026,results/masks/mobile_sam/ann141868_point_n00_t0.png,cpu,2026-10-05T06:50:39.707364+00:00
mobile_sam:ann1444448_box_n00_t0,setup1,mobile_sam,329080,1444448,ann1444448_box_n00_t0,box,0.0,0,0.9429477020602218,0.4061622999724932,5.2597952999931294,0.9377607703208923,ok,,2026,results/masks/mobile_sam/ann1444448_box_n00_t0.png,cpu,2026-10-05T06:49:49.910357+00:00
mobile_sam:ann1444448_point_n00_t0,setup1,mobile_sam,329080,1444448,ann1444448_point_n00_t0,point,0.0,0,0.8853503184713376,0.40261330001521856,5.2597952999931294,0.8083655834197998,ok,,2026,results/masks/mobile_sam/ann1444448_point_n00_t0.png,cpu,2026-10-05T06:49:49.490464+00:00
mobile_sam:ann1445867_box_n00_t0,setup1,mobile_sam,360097,1445867,ann1445867_box_n00_t0,box,0.0,0,0.8672438672438673,0.4018287999788299,5.0355296000197995,0.962994396686554,ok,,2026,results/masks/mobile_sam/ann1445867_box_n00_t0.png,cpu,2026-10-05T06:50:25.776985+00:00
mobile_sam:ann1445867_point_n00_t0,setup1,mobile_sam,360097,1445867,ann1445867_point_n00_t0,point,0.0,0,0.6287164612037709,0.4085557000071276,5.0355296000197995,0.4994063973426819,ok,,2026,results/masks/mobile_sam/ann1445867_point_n00_t0.png,cpu,2026-10-05T06:50:25.352294+00:00
mobile_sam:ann144786_box_n00_t0,setup1,mobile_sam,260925,144786,ann144786_box_n00_t0,box,0.0,0,0.8768312656488262,0.5876135000144131,8.214911099988967,0.9750134944915771,ok,,2026,results/masks/mobile_sam/ann144786_box_n00_t0.png,cpu,2026-10-05T06:45:07.028807+00:00
mobile_sam:ann144786_point_n00_t0,setup1,mobile_sam,260925,144786,ann144786_point_n00_t0,point,0.0,0,0.0071214279220582445,0.6434325999871362,8.214911099988967,0.6347865462303162,ok,,2026,results/masks/mobile_sam/ann144786_point_n00_t0.png,cpu,2026-10-05T06:45:06.364440+00:00
mobile_sam:ann1505901_box_n00_t0,setup1,mobile_sam,356432,1505901,ann1505901_box_n00_t0,box,0.0,0,0.7150837988826816,0.2752368000219576,8.884260499995435,0.927459716796875,ok,,2026,results/masks/mobile_sam/ann1505901_box_n00_t0.png,cpu,2026-10-05T06:50:19.981727+00:00
mobile_sam:ann1505901_point_n00_t0,setup1,mobile_sam,356432,1505901,ann1505901_point_n00_t0,point,0.0,0,0.7043010752688172,0.4380521999846678,8.884260499995435,0.8167786002159119,ok,,2026,results/masks/mobile_sam/ann1505901_point_n00_t0.png,cpu,2026-10-05T06:50:19.533128+00:00
mobile_sam:ann1538400_box_n00_t0,setup1,mobile_sam,84664,1538400,ann1538400_box_n00_t0,box,0.0,0,0.5348938450204272,0.2886657000053674,3.519207799981814,0.9316290616989136,ok,,2026,results/masks/mobile_sam/ann1538400_box_n00_t0.png,cpu,2026-10-05T06:47:58.224105+00:00
mobile_sam:ann1538400_point_n00_t0,setup1,mobile_sam,84664,1538400,ann1538400_point_n00_t0,point,0.0,0,0.3986314826733512,0.4717876999930013,3.519207799981814,0.9621356725692749,ok,,2026,results/masks/mobile_sam/ann1538400_point_n00_t0.png,cpu,2026-10-05T06:47:57.739698+00:00
mobile_sam:ann170892_box_n00_t0,setup1,mobile_sam,151857,170892,ann170892_box_n00_t0,box,0.0,0,0.8733027930103281,1.1928227000171319,6.27085430000443,0.9630903005599976,ok,,2026,results/masks/mobile_sam/ann170892_box_n00_t0.png,cpu,2026-10-05T06:48:43.053723+00:00
mobile_sam:ann170892_point_n00_t0,setup1,mobile_sam,151857,170892,ann170892_point_n00_t0,point,0.0,0,0.7414662214730291,0.324716700008139,6.27085430000443,0.7794047594070435,ok,,2026,results/masks/mobile_sam/ann170892_point_n00_t0.png,cpu,2026-10-05T06:48:42.711202+00:00
mobile_sam:ann1727101_box_n00_t0,setup1,mobile_sam,465822,1727101,ann1727101_box_n00_t0,box,0.0,0,0.8601823708206687,0.2988232999923639,3.5796863999858033,0.7839022874832153,ok,,2026,results/masks/mobile_sam/ann1727101_box_n00_t0.png,cpu,2026-10-05T06:51:27.449146+00:00
mobile_sam:ann1727101_point_n00_t0,setup1,mobile_sam,465822,1727101,ann1727101_point_n00_t0,point,0.0,0,0.5095676824946846,0.2840571000124328,3.5796863999858033,0.7599736452102661,ok,,2026,results/masks/mobile_sam/ann1727101_point_n00_t0.png,cpu,2026-10-05T06:51:27.148334+00:00
mobile_sam:ann173475_box_n00_t0,setup1,mobile_sam,519338,173475,ann173475_box_n00_t0,box,0.0,0,0.8282611326234269,0.431068600009894,3.8444827999919653,0.924992561340332,ok,,2026,results/masks/mobile_sam/ann173475_box_n00_t0.png,cpu,2026-10-05T06:51:38.178246+00:00
mobile_sam:ann173475_point_n00_t0,setup1,mobile_sam,519338,173475,ann173475_point_n00_t0,point,0.0,0,0.007293745269386913,0.4726012999890372,3.8444827999919653,0.7297510504722595,ok,,2026,results/masks/mobile_sam/ann173475_point_n00_t0.png,cpu,2026-10-05T06:51:37.647838+00:00
mobile_sam:ann174678_box_n00_t0,setup1,mobile_sam,217400,174678,ann174678_box_n00_t0,box,0.0,0,0.934826929539599,0.30626549999578856,3.74944789998699,0.9705392718315125,ok,,2026,results/masks/mobile_sam/ann174678_box_n00_t0.png,cpu,2026-10-05T06:49:04.799542+00:00
mobile_sam:ann174678_point_n00_t0,setup1,mobile_sam,217400,174678,ann174678_point_n00_t0,point,0.0,0,0.7681606197138566,0.2669944000081159,3.74944789998699,0.6497820615768433,ok,,2026,results/masks/mobile_sam/ann174678_point_n00_t0.png,cpu,2026-10-05T06:49:04.519729+00:00
mobile_sam:ann1798918_box_n00_t0,setup1,mobile_sam,174004,1798918,ann1798918_box_n00_t0,box,0.0,0,0.8231730161958488,0.6241265999851748,8.998911300004693,0.958869218826294,ok,,2026,results/masks/mobile_sam/ann1798918_box_n00_t0.png,cpu,2026-10-05T06:48:53.860976+00:00
mobile_sam:ann1798918_point_n00_t0,setup1,mobile_sam,174004,1798918,ann1798918_point_n00_t0,point,0.0,0,0.09254011184983243,0.4659488000033889,8.998911300004693,0.9248083233833313,ok,,2026,results/masks/mobile_sam/ann1798918_point_n00_t0.png,cpu,2026-10-05T06:48:53.379105+00:00
mobile_sam:ann1825525_box_n00_t0,setup1,mobile_sam,94944,1825525,ann1825525_box_n00_t0,box,0.0,0,0.2022867194371152,0.25881319999461994,5.1688377000100445,0.5170096158981323,ok,,2026,results/masks/mobile_sam/ann1825525_box_n00_t0.png,cpu,2026-10-05T06:48:18.225814+00:00
mobile_sam:ann1825525_point_n00_t0,setup1,mobile_sam,94944,1825525,ann1825525_point_n00_t0,point,0.0,0,0.15168831168831168,0.5201206000056118,5.1688377000100445,0.8341751098632812,ok,,2026,results/masks/mobile_sam/ann1825525_point_n00_t0.png,cpu,2026-10-05T06:48:17.660355+00:00
mobile_sam:ann1880859_box_n00_t0,setup1,mobile_sam,144798,1880859,ann1880859_box_n00_t0,box,0.0,0,0.9231863442389758,0.5268829000124242,3.7686844000127167,0.9857795834541321,ok,,2026,results/masks/mobile_sam/ann1880859_box_n00_t0.png,cpu,2026-10-05T06:48:35.878315+00:00
mobile_sam:ann1880859_point_n00_t0,setup1,mobile_sam,144798,1880859,ann1880859_point_n00_t0,point,0.0,0,0.5014295925661186,0.46424069997738115,3.7686844000127167,0.7316299676895142,ok,,2026,results/masks/mobile_sam/ann1880859_point_n00_t0.png,cpu,2026-10-05T06:48:35.360164+00:00
mobile_sam:ann1902534_box_n00_t0,setup1,mobile_sam,465806,1902534,ann1902534_box_n00_t0,box,0.0,0,0.9122049221496735,0.23703279998153448,3.6550616000022274,0.9947030544281006,ok,,2026,results/masks/mobile_sam/ann1902534_box_n00_t0.png,cpu,2026-10-05T06:51:23.314373+00:00
mobile_sam:ann1902534_point_n00_t0,setup1,mobile_sam,465806,1902534,ann1902534_point_n00_t0,point,0.0,0,0.912393376818866,0.2555534999992233,3.6550616000022274,0.8869633674621582,ok,,2026,results/masks/mobile_sam/ann1902534_point_n00_t0.png,cpu,2026-10-05T06:51:23.011546+00:00
mobile_sam:ann206430_box_n00_t0,setup1,mobile_sam,455085,206430,ann206430_box_n00_t0,box,0.0,0,0.7752394988946205,0.2173789999797009,4.95744990001549,0.9148831367492676,ok,,2026,results/masks/mobile_sam/ann206430_box_n00_t0.png,cpu,2026-10-05T06:45:27.548876+00:00
mobile_sam:ann206430_point_n00_t0,setup1,mobile_sam,455085,206430,ann206430_point_n00_t0,point,0.0,0,0.171789670775472,0.33926169999176636,4.95744990001549,0.9024957418441772,ok,,2026,results/masks/mobile_sam/ann206430_point_n00_t0.png,cpu,2026-10-05T06:45:27.201945+00:00
mobile_sam:ann2132347_box_n00_t0,setup1,mobile_sam,389381,2132347,ann2132347_box_n00_t0,box,0.0,0,0.5040132669983416,0.2536746999830939,5.246020999999018,0.9853522181510925,ok,,2026,results/masks/mobile_sam/ann2132347_box_n00_t0.png,cpu,2026-10-05T06:50:46.582547+00:00
mobile_sam:ann2132347_point_n00_t0,setup1,mobile_sam,389381,2132347,ann2132347_point_n00_t0,point,0.0,0,0.016041146059012423,0.7541301999881398,5.246020999999018,0.4889069199562073,ok,,2026,results/masks/mobile_sam/ann2132347_point_n00_t0.png,cpu,2026-10-05T06:50:45.777637+00:00
mobile_sam:ann2191728_box_n00_t0,setup1,mobile_sam,67310,2191728,ann2191728_box_n00_t0,box,0.0,0,0.6617398648648649,0.27811620000284165,3.7027716000156943,0.7196940183639526,ok,,2026,results/masks/mobile_sam/ann2191728_box_n00_t0.png,cpu,2026-10-05T06:47:53.909405+00:00
mobile_sam:ann2191728_point_n00_t0,setup1,mobile_sam,67310,2191728,ann2191728_point_n00_t0,point,0.0,0,0.21116225546605294,0.24647720000939444,3.7027716000156943,0.7519786357879639,ok,,2026,results/masks/mobile_sam/ann2191728_point_n00_t0.png,cpu,2026-10-05T06:47:53.654319+00:00
mobile_sam:ann2194765_box_n00_t0,setup1,mobile_sam,348045,2194765,ann2194765_box_n00_t0,box,0.0,0,0.9348513598987982,0.7203812999941874,6.863412400009111,0.9889386296272278,ok,,2026,results/masks/mobile_sam/ann2194765_box_n00_t0.png,cpu,2026-10-05T06:50:03.745607+00:00
mobile_sam:ann2194765_point_n00_t0,setup1,mobile_sam,348045,2194765,ann2194765_point_n00_t0,point,0.0,0,0.9242783594608666,0.4600592000060715,6.863412400009111,0.797241747379303,ok,,2026,results/masks/mobile_sam/ann2194765_point_n00_t0.png,cpu,2026-10-05T06:50:03.265608+00:00
mobile_sam:ann2215064_box_n00_t0,setup1,mobile_sam,313034,2215064,ann2215064_box_n00_t0,box,0.0,0,0.8059701492537313,0.41903069999534637,6.212715000001481,0.9404113292694092,ok,,2026,results/masks/mobile_sam/ann2215064_box_n00_t0.png,cpu,2026-10-05T06:49:43.774203+00:00
mobile_sam:ann2215064_point_n00_t0,setup1,mobile_sam,313034,2215064,ann2215064_point_n00_t0,point,0.0,0,0.7534246575342466,0.37045660000876524,6.212715000001481,0.9301936626434326,ok,,2026,results/masks/mobile_sam/ann2215064_point_n00_t0.png,cpu,2026-10-05T06:49:43.380311+00:00
mobile_sam:ann2227685_box_n00_t0,setup1,mobile_sam,222455,2227685,ann2227685_box_n00_t0,box,0.0,0,0.8648464396495893,0.232693099998869,3.5861736000224482,0.9463301301002502,ok,,2026,results/masks/mobile_sam/ann2227685_box_n00_t0.png,cpu,2026-10-05T06:49:09.041286+00:00
mobile_sam:ann2227685_point_n00_t0,setup1,mobile_sam,222455,2227685,ann2227685_point_n00_t0,point,0.0,0,0.08532559557602136,0.2768470000009984,3.5861736000224482,0.6133837699890137,ok,,2026,results/masks/mobile_sam/ann2227685_point_n00_t0.png,cpu,2026-10-05T06:49:08.751433+00:00
mobile_sam:ann332298_box_n00_t0,setup1,mobile_sam,404191,332298,ann332298_box_n00_t0,box,0.0,0,0.9696890576786138,0.3657939999829978,5.238962600007653,0.987393856048584,ok,,2026,results/masks/mobile_sam/ann332298_box_n00_t0.png,cpu,2026-10-05T06:50:59.667658+00:00
mobile_sam:ann332298_point_n00_t0,setup1,mobile_sam,404191,332298,ann332298_point_n00_t0,point,0.0,0,0.874610255672279,0.5161612000083551,5.238962600007653,0.8124088048934937,ok,,2026,results/masks/mobile_sam/ann332298_point_n00_t0.png,cpu,2026-10-05T06:50:59.133356+00:00
mobile_sam:ann339546_box_n00_t0,setup1,mobile_sam,541952,339546,ann339546_box_n00_t0,box,0.0,0,0.9537057645225907,0.2813337999978103,5.241620499989949,0.966914176940918,ok,,2026,results/masks/mobile_sam/ann339546_box_n00_t0.png,cpu,2026-10-05T06:51:44.204716+00:00
mobile_sam:ann339546_point_n00_t0,setup1,mobile_sam,541952,339546,ann339546_point_n00_t0,point,0.0,0,0.037565059968318625,0.283563500008313,5.241620499989949,0.655657172203064,ok,,2026,results/masks/mobile_sam/ann339546_point_n00_t0.png,cpu,2026-10-05T06:51:43.905029+00:00
mobile_sam:ann341957_box_n00_t0,setup1,mobile_sam,311394,341957,ann341957_box_n00_t0,box,0.0,0,0.8213727023856081,0.568613200011896,10.4659066000022,0.9628524780273438,ok,,2026,results/masks/mobile_sam/ann341957_box_n00_t0.png,cpu,2026-10-05T06:49:36.559443+00:00
mobile_sam:ann341957_point_n00_t0,setup1,mobile_sam,311394,341957,ann341957_point_n00_t0,point,0.0,0,0.12773569023569023,0.5465589999803342,10.4659066000022,0.6960062980651855,ok,,2026,results/masks/mobile_sam/ann341957_point_n00_t0.png,cpu,2026-10-05T06:49:35.996116+00:00
mobile_sam:ann36588_box_n00_t0,setup1,mobile_sam,337987,36588,ann36588_box_n00_t0,box,0.0,0,0.9579208718924322,0.3048846999881789,5.327273699978832,0.9553519487380981,ok,,2026,results/masks/mobile_sam/ann36588_box_n00_t0.png,cpu,2026-10-05T06:49:56.060879+00:00
mobile_sam:ann36588_point_n00_t0,setup1,mobile_sam,337987,36588,ann36588_point_n00_t0,point,0.0,0,0.7076784839078581,0.33339049998903647,5.327273699978832,0.9642759561538696,ok,,2026,results/masks/mobile_sam/ann36588_point_n00_t0.png,cpu,2026-10-05T06:49:55.713085+00:00
mobile_sam:ann37495_box_n00_t0,setup1,mobile_sam,32811,37495,ann37495_box_n00_t0,box,0.0,0,0.8715867158671586,0.22189710001111962,5.846654399996623,0.9298326969146729,ok,,2026,results/masks/mobile_sam/ann37495_box_n00_t0.png,cpu,2026-10-05T06:44:38.766087+00:00
mobile_sam:ann37495_point_n00_t0,setup1,mobile_sam,32811,37495,ann37495_point_n00_t0,point,0.0,0,0.8738938053097345,0.31688599998597056,5.846654399996623,0.9528073668479919,ok,,2026,results/masks/mobile_sam/ann37495_point_n00_t0.png,cpu,2026-10-05T06:44:38.296097+00:00
mobile_sam:ann451372_box_n00_t0,setup1,mobile_sam,109992,451372,ann451372_box_n00_t0,box,0.0,0,0.9259259259259259,0.2507406000222545,3.7580786000180524,0.9545314311981201,ok,,2026,results/masks/mobile_sam/ann451372_box_n00_t0.png,cpu,2026-10-05T06:48:22.522865+00:00
mobile_sam:ann451372_point_n00_t0,setup1,mobile_sam,109992,451372,ann451372_point_n00_t0,point,0.0,0,0.6243768693918246,0.2539441999979317,3.7580786000180524,0.8273667097091675,ok,,2026,results/masks/mobile_sam/ann451372_point_n00_t0.png,cpu,2026-10-05T06:48:22.260763+00:00
mobile_sam:ann474954_box_n00_t0,setup1,mobile_sam,455555,474954,ann474954_box_n00_t0,box,0.0,0,0.9144809786066125,0.27834940000320785,3.7436431999958586,0.9427472352981567,ok,,2026,results/masks/mobile_sam/ann474954_box_n00_t0.png,cpu,2026-10-05T06:51:19.054730+00:00
mobile_sam:ann474954_point_n00_t0,setup1,mobile_sam,455555,474954,ann474954_point_n00_t0,point,0.0,0,0.00855506143061732,0.26555630000075325,3.7436431999958586,0.8469268083572388,ok,,2026,results/masks/mobile_sam/ann474954_point_n00_t0.png,cpu,2026-10-05T06:51:18.771481+00:00
mobile_sam:ann48965_box_n00_t0,setup1,mobile_sam,405306,48965,ann48965_box_n00_t0,box,0.0,0,0.9038163930801968,0.27634280000347644,6.066740000009304,0.4750346541404724,ok,,2026,results/masks/mobile_sam/ann48965_box_n00_t0.png,cpu,2026-10-05T06:51:06.456924+00:00
mobile_sam:ann48965_point_n00_t0,setup1,mobile_sam,405306,48965,ann48965_point_n00_t0,point,0.0,0,0.4628205216647466,0.30723740000394173,6.066740000009304,0.9857960939407349,ok,,2026,results/masks/mobile_sam/ann48965_point_n00_t0.png,cpu,2026-10-05T06:51:06.131895+00:00
mobile_sam:ann506923_box_n00_t0,setup1,mobile_sam,378284,506923,ann506923_box_n00_t0,box,0.0,0,0.7394103257370929,0.35810259997379035,6.931267100007972,0.8871641159057617,ok,,2026,results/masks/mobile_sam/ann506923_box_n00_t0.png,cpu,2026-10-05T06:45:21.857073+00:00
mobile_sam:ann506923_point_n00_t0,setup1,mobile_sam,378284,506923,ann506923_point_n00_t0,point,0.0,0,0.8286423132859954,0.7830278000037652,6.931267100007972,0.8873374462127686,ok,,2026,results/masks/mobile_sam/ann506923_point_n00_t0.png,cpu,2026-10-05T06:45:21.062892+00:00
mobile_sam:ann518621_box_n00_t0,setup1,mobile_sam,91495,518621,ann518621_box_n00_t0,box,0.0,0,0.9488488419898589,0.2613131000252906,4.166848599998048,0.9880879521369934,ok,,2026,results/masks/mobile_sam/ann518621_box_n00_t0.png,cpu,2026-10-05T06:48:02.965651+00:00
mobile_sam:ann518621_point_n00_t0,setup1,mobile_sam,91495,518621,ann518621_point_n00_t0,point,0.0,0,0.007411032650492903,0.24853350000921637,4.166848599998048,0.6972663998603821,ok,,2026,results/masks/mobile_sam/ann518621_point_n00_t0.png,cpu,2026-10-05T06:48:02.704677+00:00
mobile_sam:ann585805_box_n00_t0,setup1,mobile_sam,474170,585805,ann585805_box_n00_t0,box,0.0,0,0.4367771280051982,0.627835099992808,4.933766100002686,0.7148057222366333,ok,,2026,results/masks/mobile_sam/ann585805_box_n00_t0.png,cpu,2026-10-05T06:51:33.126237+00:00
mobile_sam:ann585805_point_n00_t0,setup1,mobile_sam,474170,585805,ann585805_point_n00_t0,point,0.0,0,0.31580265464562984,0.3633970000082627,4.933766100002686,0.9117318391799927,ok,,2026,results/masks/mobile_sam/ann585805_point_n00_t0.png,cpu,2026-10-05T06:51:32.709335+00:00
mobile_sam:ann592288_box_n00_t0,setup1,mobile_sam,93965,592288,ann592288_box_n00_t0,box,0.0,0,0.9059210417596218,0.23905080000986345,4.007294099981664,0.9936161041259766,ok,,2026,results/masks/mobile_sam/ann592288_box_n00_t0.png,cpu,2026-10-05T06:48:12.231243+00:00
mobile_sam:ann592288_point_n00_t0,setup1,mobile_sam,93965,592288,ann592288_point_n00_t0,point,0.0,0,0.9054009387188471,0.3159770999918692,4.007294099981664,0.9480547904968262,ok,,2026,results/masks/mobile_sam/ann592288_point_n00_t0.png,cpu,2026-10-05T06:48:11.901584+00:00
mobile_sam:ann595505_box_n00_t0,setup1,mobile_sam,134689,595505,ann595505_box_n00_t0,box,0.0,0,0.8574827854871655,0.3642089999921154,5.016064000024926,0.952900767326355,ok,,2026,results/masks/mobile_sam/ann595505_box_n00_t0.png,cpu,2026-10-05T06:44:51.613313+00:00
mobile_sam:ann595505_point_n00_t0,setup1,mobile_sam,134689,595505,ann595505_point_n00_t0,point,0.0,0,0.8528061009522204,0.3648325999965891,5.016064000024926,0.9831929802894592,ok,,2026,results/masks/mobile_sam/ann595505_point_n00_t0.png,cpu,2026-10-05T06:44:51.197382+00:00
mobile_sam:ann601827_box_n00_t0,setup1,mobile_sam,128654,601827,ann601827_box_n00_t0,box,0.0,0,0.9255129348795718,0.34178180000162683,3.575464900000952,0.9807172417640686,ok,,2026,results/masks/mobile_sam/ann601827_box_n00_t0.png,cpu,2026-10-05T06:48:31.218873+00:00
mobile_sam:ann601827_point_n00_t0,setup1,mobile_sam,128654,601827,ann601827_point_n00_t0,point,0.0,0,0.9240393208221627,0.29263549999450333,3.575464900000952,0.7402044534683228,ok,,2026,results/masks/mobile_sam/ann601827_point_n00_t0.png,cpu,2026-10-05T06:48:30.916302+00:00
mobile_sam:ann613127_box_n00_t0,setup1,mobile_sam,54592,613127,ann613127_box_n00_t0,box,0.0,0,0.6947199142321093,0.45691140001872554,6.1910465999972075,0.9288325309753418,ok,,2026,results/masks/mobile_sam/ann613127_box_n00_t0.png,cpu,2026-10-05T06:44:45.663507+00:00
mobile_sam:ann613127_point_n00_t0,setup1,mobile_sam,54592,613127,ann613127_point_n00_t0,point,0.0,0,0.6826769558275678,0.44936539998161606,6.1910465999972075,0.9233206510543823,ok,,2026,results/masks/mobile_sam/ann613127_point_n00_t0.png,cpu,2026-10-05T06:44:45.197132+00:00
mobile_sam:ann648400_box_n00_t0,setup1,mobile_sam,32570,648400,ann648400_box_n00_t0,box,0.0,0,0.6448758207250928,0.48931289999745786,3.242268799978774,0.8572126626968384,ok,,2026,results/masks/mobile_sam/ann648400_box_n00_t0.png,cpu,2026-10-05T06:47:49.437444+00:00
mobile_sam:ann648400_point_n00_t0,setup1,mobile_sam,32570,648400,ann648400_point_n00_t0,point,0.0,0,0.583679525222552,0.2979644000006374,3.242268799978774,0.7998015880584717,ok,,2026,results/masks/mobile_sam/ann648400_point_n00_t0.png,cpu,2026-10-05T06:47:49.083731+00:00
mobile_sam:ann657044_box_n00_t0,setup1,mobile_sam,361147,657044,ann657044_box_n00_t0,box,0.0,0,0.884941724941725,0.32111789999180473,5.141636099986499,0.8874561190605164,ok,,2026,results/masks/mobile_sam/ann657044_box_n00_t0.png,cpu,2026-10-05T06:50:31.762033+00:00
mobile_sam:ann657044_point_n00_t0,setup1,mobile_sam,361147,657044,ann657044_point_n00_t0,point,0.0,0,0.8450956937799043,0.40025090001290664,5.141636099986499,0.9410958886146545,ok,,2026,results/masks/mobile_sam/ann657044_point_n00_t0.png,cpu,2026-10-05T06:50:31.347437+00:00
mobile_sam:ann658626_box_n00_t0,setup1,mobile_sam,261732,658626,ann658626_box_n00_t0,box,0.0,0,0.8262096774193548,0.3694131000083871,5.665247299999464,0.8168442845344543,ok,,2026,results/masks/mobile_sam/ann658626_box_n00_t0.png,cpu,2026-10-05T06:45:13.694094+00:00
mobile_sam:ann658626_point_n00_t0,setup1,mobile_sam,261732,658626,ann658626_point_n00_t0,point,0.0,0,0.6213301378070701,0.35642970001208596,5.665247299999464,0.9563482999801636,ok,,2026,results/masks/mobile_sam/ann658626_point_n00_t0.png,cpu,2026-10-05T06:45:13.327162+00:00
mobile_sam:ann683127_box_n00_t0,setup1,mobile_sam,419312,683127,ann683127_box_n00_t0,box,0.0,0,0.9102457884562276,0.2515848000184633,3.579663500015158,0.9558085203170776,ok,,2026,results/masks/mobile_sam/ann683127_box_n00_t0.png,cpu,2026-10-05T06:51:10.597810+00:00
mobile_sam:ann683127_point_n00_t0,setup1,mobile_sam,419312,683127,ann683127_point_n00_t0,point,0.0,0,0.9102333931777379,0.24385509997955523,3.579663500015158,0.8821642398834229,ok,,2026,results/masks/mobile_sam/ann683127_point_n00_t0.png,cpu,2026-10-05T06:51:10.343081+00:00
sam_vit_b:ann100384_box_n00_t0,"setup1,setup2",sam_vit_b,92091,100384,ann100384_box_n00_t0,box,0.0,0,0.4285491541280112,0.24673830001847818,39.925449400005164,0.6596161723136902,ok,,2026,results/masks/sam_vit_b/ann100384_box_n00_t0.png,cpu,2026-10-05T06:59:18.965032+00:00
sam_vit_b:ann100384_box_n10_t1,setup3,sam_vit_b,92091,100384,ann100384_box_n10_t1,box,0.1,1,0.19092918607405068,0.2627898999780882,39.925449400005164,0.6230267286300659,ok,,2026,results/masks/sam_vit_b/ann100384_box_n10_t1.png,cpu,2026-10-05T06:59:19.519854+00:00
sam_vit_b:ann100384_box_n10_t2,setup3,sam_vit_b,92091,100384,ann100384_box_n10_t2,box,0.1,2,0.02827871501518971,0.3674370000080671,39.925449400005164,0.756338357925415,ok,,2026,results/masks/sam_vit_b/ann100384_box_n10_t2.png,cpu,2026-10-05T06:59:20.073175+00:00
sam_vit_b:ann100384_box_n10_t3,setup3,sam_vit_b,92091,100384,ann100384_box_n10_t3,box,0.1,3,0.20691276745826476,0.29326279999804683,39.925449400005164,0.7424006462097168,ok,,2026,results/masks/sam_vit_b/ann100384_box_n10_t3.png,cpu,2026-10-05T06:59:20.819221+00:00
sam_vit_b:ann100384_box_n20_t1,setup3,sam_vit_b,92091,100384,ann100384_box_n20_t1,box,0.2,1,0.04809606769537083,0.30350879998877645,39.925449400005164,0.7608571648597717,ok,,2026,results/masks/sam_vit_b/ann100384_box_n20_t1.png,cpu,2026-10-05T06:59:22.055248+00:00
sam_vit_b:ann100384_box_n20_t2,setup3,sam_vit_b,92091,100384,ann100384_box_n20_t2,box,0.2,2,0.0052860404741797255,0.3627877999970224,39.925449400005164,0.6240742206573486,ok,,2026,results/masks/sam_vit_b/ann100384_box_n20_t2.png,cpu,2026-10-05T06:59:22.693729+00:00
sam_vit_b:ann100384_box_n20_t3,setup3,sam_vit_b,92091,100384,ann100384_box_n20_t3,box,0.2,3,0.051353362842257826,0.23853229999076575,39.925449400005164,0.7063347101211548,ok,,2026,results/masks/sam_vit_b/ann100384_box_n20_t3.png,cpu,2026-10-05T06:59:23.352839+00:00
sam_vit_b:ann100384_point_n00_t0,"setup1,setup2",sam_vit_b,92091,100384,ann100384_point_n00_t0,point,0.0,0,0.13249148919325468,0.29272320002201013,39.925449400005164,0.8299280405044556,ok,,2026,results/masks/sam_vit_b/ann100384_point_n00_t0.png,cpu,2026-10-05T06:59:18.615341+00:00
sam_vit_b:ann100384_point_n10_t1,setup3,sam_vit_b,92091,100384,ann100384_point_n10_t1,point,0.1,1,0.05075217735550277,0.25943869998445734,39.925449400005164,0.8171530961990356,ok,,2026,results/masks/sam_vit_b/ann100384_point_n10_t1.png,cpu,2026-10-05T06:59:19.240330+00:00
sam_vit_b:ann100384_point_n10_t2,setup3,sam_vit_b,92091,100384,ann100384_point_n10_t2,point,0.1,2,0.05588340132282467,0.25009039998985827,39.925449400005164,0.8048824071884155,ok,,2026,results/masks/sam_vit_b/ann100384_point_n10_t2.png,cpu,2026-10-05T06:59:19.806059+00:00
sam_vit_b:ann100384_point_n10_t3,setup3,sam_vit_b,92091,100384,ann100384_point_n10_t3,point,0.1,3,0.24050958220133636,0.33508220000658184,39.925449400005164,0.5775976777076721,ok,,2026,results/masks/sam_vit_b/ann100384_point_n10_t3.png,cpu,2026-10-05T06:59:20.463370+00:00
sam_vit_b:ann100384_point_n20_t1,setup3,sam_vit_b,92091,100384,ann100384_point_n20_t1,point,0.2,1,0.06886049914962623,0.8885986999957822,39.925449400005164,0.756808340549469,ok,,2026,results/masks/sam_vit_b/ann100384_point_n20_t1.png,cpu,2026-10-05T06:59:21.143668+00:00
sam_vit_b:ann100384_point_n20_t2,setup3,sam_vit_b,92091,100384,ann100384_point_n20_t2,point,0.2,2,0.0006193868070610096,0.29667630000039935,39.925449400005164,0.6359662413597107,ok,,2026,results/masks/sam_vit_b/ann100384_point_n20_t2.png,cpu,2026-10-05T06:59:22.379498+00:00
sam_vit_b:ann100384_point_n20_t3,setup3,sam_vit_b,92091,100384,ann100384_point_n20_t3,point,0.2,3,0.0012496373820096848,0.2386191000114195,39.925449400005164,0.7618864178657532,ok,,2026,results/masks/sam_vit_b/ann100384_point_n20_t3.png,cpu,2026-10-05T06:59:23.078098+00:00
sam_vit_b:ann1042325_box_n00_t0,"setup1,setup2",sam_vit_b,474854,1042325,ann1042325_box_n00_t0,box,0.0,0,0.7798058252427185,0.3865679000155069,21.824972599977627,0.8704092502593994,ok,,2026,results/masks/sam_vit_b/ann1042325_box_n00_t0.png,cpu,2026-10-05T07:23:00.849465+00:00
sam_vit_b:ann1042325_box_n10_t1,setup3,sam_vit_b,474854,1042325,ann1042325_box_n10_t1,box,0.1,1,0.7769607843137255,0.21796599999652244,21.824972599977627,0.9064648747444153,ok,,2026,results/masks/sam_vit_b/ann1042325_box_n10_t1.png,cpu,2026-10-05T07:23:01.514731+00:00
sam_vit_b:ann1042325_box_n10_t2,setup3,sam_vit_b,474854,1042325,ann1042325_box_n10_t2,box,0.1,2,0.7627934978928357,0.16050820000236854,21.824972599977627,0.6868147253990173,ok,,2026,results/masks/sam_vit_b/ann1042325_box_n10_t2.png,cpu,2026-10-05T07:23:02.008114+00:00
sam_vit_b:ann1042325_box_n10_t3,setup3,sam_vit_b,474854,1042325,ann1042325_box_n10_t3,box,0.1,3,0.7795334838224228,0.16606550000142306,21.824972599977627,0.9121917486190796,ok,,2026,results/masks/sam_vit_b/ann1042325_box_n10_t3.png,cpu,2026-10-05T07:23:02.400949+00:00
sam_vit_b:ann1042325_box_n20_t1,setup3,sam_vit_b,474854,1042325,ann1042325_box_n20_t1,box,0.2,1,0.5097773475314618,0.16901250000228174,21.824972599977627,0.8089572191238403,ok,,2026,results/masks/sam_vit_b/ann1042325_box_n20_t1.png,cpu,2026-10-05T07:23:02.795330+00:00
sam_vit_b:ann1042325_box_n20_t2,setup3,sam_vit_b,474854,1042325,ann1042325_box_n20_t2,box,0.2,2,0.32354715463502914,0.16817799999262206,21.824972599977627,0.49500593543052673,ok,,2026,results/masks/sam_vit_b/ann1042325_box_n20_t2.png,cpu,2026-10-05T07:23:03.186745+00:00
sam_vit_b:ann1042325_box_n20_t3,setup3,sam_vit_b,474854,1042325,ann1042325_box_n20_t3,box,0.2,3,0.6426285068725287,0.17018660000758246,21.824972599977627,0.9249464273452759,ok,,2026,results/masks/sam_vit_b/ann1042325_box_n20_t3.png,cpu,2026-10-05T07:23:03.615315+00:00
sam_vit_b:ann1042325_point_n00_t0,"setup1,setup2",sam_vit_b,474854,1042325,ann1042325_point_n00_t0,point,0.0,0,0.796796423915068,0.36894280000706203,21.824972599977627,0.8982940316200256,ok,,2026,results/masks/sam_vit_b/ann1042325_point_n00_t0.png,cpu,2026-10-05T07:23:00.443127+00:00
sam_vit_b:ann1042325_point_n10_t1,setup3,sam_vit_b,474854,1042325,ann1042325_point_n10_t1,point,0.1,1,0.7905241559410557,0.1895574999798555,21.824972599977627,0.9086006879806519,ok,,2026,results/masks/sam_vit_b/ann1042325_point_n10_t1.png,cpu,2026-10-05T07:23:01.293601+00:00
sam_vit_b:ann1042325_point_n10_t2,setup3,sam_vit_b,474854,1042325,ann1042325_point_n10_t2,point,0.1,2,0.7943131462333826,0.21451210000668652,21.824972599977627,0.8289669156074524,ok,,2026,results/masks/sam_vit_b/ann1042325_point_n10_t2.png,cpu,2026-10-05T07:23:01.764040+00:00
sam_vit_b:ann1042325_point_n10_t3,setup3,sam_vit_b,474854,1042325,ann1042325_point_n10_t3,point,0.1,3,0.794106676613204,0.17336169999907725,21.824972599977627,0.8994276523590088,ok,,2026,results/masks/sam_vit_b/ann1042325_point_n10_t3.png,cpu,2026-10-05T07:23:02.197358+00:00
sam_vit_b:ann1042325_point_n20_t1,setup3,sam_vit_b,474854,1042325,ann1042325_point_n20_t1,point,0.2,1,0.0028573327131370856,0.1698022999917157,21.824972599977627,0.8142723441123962,ok,,2026,results/masks/sam_vit_b/ann1042325_point_n20_t1.png,cpu,2026-10-05T07:23:02.595573+00:00
sam_vit_b:ann1042325_point_n20_t2,setup3,sam_vit_b,474854,1042325,ann1042325_point_n20_t2,point,0.2,2,0.004936292296008776,0.16688199999043718,21.824972599977627,0.5412585139274597,ok,,2026,results/masks/sam_vit_b/ann1042325_point_n20_t2.png,cpu,2026-10-05T07:23:02.991298+00:00
sam_vit_b:ann1042325_point_n20_t3,setup3,sam_vit_b,474854,1042325,ann1042325_point_n20_t3,point,0.2,3,0.7872142724400669,0.1714700000011362,21.824972599977627,0.7651386857032776,ok,,2026,results/masks/sam_vit_b/ann1042325_point_n20_t3.png,cpu,2026-10-05T07:23:03.382603+00:00
sam_vit_b:ann1044692_box_n00_t0,"setup1,setup2",sam_vit_b,352618,1044692,ann1044692_box_n00_t0,box,0.0,0,0.7419116560791845,0.21208840000326745,26.033554900001036,0.9898809194564819,ok,,2026,results/masks/sam_vit_b/ann1044692_box_n00_t0.png,cpu,2026-10-05T07:15:33.250389+00:00
sam_vit_b:ann1044692_box_n10_t1,setup3,sam_vit_b,352618,1044692,ann1044692_box_n10_t1,box,0.1,1,0.7424264814541156,0.18616350000957027,26.033554900001036,0.9900566339492798,ok,,2026,results/masks/sam_vit_b/ann1044692_box_n10_t1.png,cpu,2026-10-05T07:15:33.702477+00:00
sam_vit_b:ann1044692_box_n10_t2,setup3,sam_vit_b,352618,1044692,ann1044692_box_n10_t2,box,0.1,2,0.7420259893679858,0.18910129999858327,26.033554900001036,0.9866251349449158,ok,,2026,results/masks/sam_vit_b/ann1044692_box_n10_t2.png,cpu,2026-10-05T07:15:34.131871+00:00
sam_vit_b:ann1044692_box_n10_t3,setup3,sam_vit_b,352618,1044692,ann1044692_box_n10_t3,box,0.1,3,0.7383798140770252,0.18538439998519607,26.033554900001036,0.9272676706314087,ok,,2026,results/masks/sam_vit_b/ann1044692_box_n10_t3.png,cpu,2026-10-05T07:15:34.593885+00:00
sam_vit_b:ann1044692_box_n20_t1,setup3,sam_vit_b,352618,1044692,ann1044692_box_n20_t1,box,0.2,1,0.6113100566994927,0.20907379998243414,26.033554900001036,0.8446240425109863,ok,,2026,results/masks/sam_vit_b/ann1044692_box_n20_t1.png,cpu,2026-10-05T07:15:35.048042+00:00
sam_vit_b:ann1044692_box_n20_t2,setup3,sam_vit_b,352618,1044692,ann1044692_box_n20_t2,box,0.2,2,0.6876316581402347,0.1799163999967277,26.033554900001036,0.8341956734657288,ok,,2026,results/masks/sam_vit_b/ann1044692_box_n20_t2.png,cpu,2026-10-05T07:15:35.530604+00:00
sam_vit_b:ann1044692_box_n20_t3,setup3,sam_vit_b,352618,1044692,ann1044692_box_n20_t3,box,0.2,3,0.026991150442477876,0.6310565999883693,26.033554900001036,0.5178918838500977,ok,,2026,results/masks/sam_vit_b/ann1044692_box_n20_t3.png,cpu,2026-10-05T07:15:35.970796+00:00
sam_vit_b:ann1044692_point_n00_t0,"setup1,setup2",sam_vit_b,352618,1044692,ann1044692_point_n00_t0,point,0.0,0,0.7403347652199674,0.3078897999948822,26.033554900001036,0.908315896987915,ok,,2026,results/masks/sam_vit_b/ann1044692_point_n00_t0.png,cpu,2026-10-05T07:15:32.912540+00:00
sam_vit_b:ann1044692_point_n10_t1,setup3,sam_vit_b,352618,1044692,ann1044692_point_n10_t1,point,0.1,1,0.01783406565003877,0.19418120000045747,26.033554900001036,0.9475723505020142,ok,,2026,results/masks/sam_vit_b/ann1044692_point_n10_t1.png,cpu,2026-10-05T07:15:33.485795+00:00
sam_vit_b:ann1044692_point_n10_t2,setup3,sam_vit_b,352618,1044692,ann1044692_point_n10_t2,point,0.1,2,0.7407078335554569,0.19221860001562163,26.033554900001036,0.9070122241973877,ok,,2026,results/masks/sam_vit_b/ann1044692_point_n10_t2.png,cpu,2026-10-05T07:15:33.914865+00:00
sam_vit_b:ann1044692_point_n10_t3,setup3,sam_vit_b,352618,1044692,ann1044692_point_n10_t3,point,0.1,3,0.7458579881656805,0.22161430001142435,26.033554900001036,0.9265865683555603,ok,,2026,results/masks/sam_vit_b/ann1044692_point_n10_t3.png,cpu,2026-10-05T07:15:34.346572+00:00
sam_vit_b:ann1044692_point_n20_t1,setup3,sam_vit_b,352618,1044692,ann1044692_point_n20_t1,point,0.2,1,0.017584690974915957,0.18484719999833032,26.033554900001036,0.966825008392334,ok,,2026,results/masks/sam_vit_b/ann1044692_point_n20_t1.png,cpu,2026-10-05T07:15:34.802673+00:00
sam_vit_b:ann1044692_point_n20_t2,setup3,sam_vit_b,352618,1044692,ann1044692_point_n20_t2,point,0.2,2,0.04074495428306577,0.2156468000030145,26.033554900001036,0.5116082429885864,ok,,2026,results/masks/sam_vit_b/ann1044692_point_n20_t2.png,cpu,2026-10-05T07:15:35.287786+00:00
sam_vit_b:ann1044692_point_n20_t3,setup3,sam_vit_b,352618,1044692,ann1044692_point_n20_t3,point,0.2,3,0.014644128113879003,0.20510249998187646,26.033554900001036,0.9675958156585693,ok,,2026,results/masks/sam_vit_b/ann1044692_point_n20_t3.png,cpu,2026-10-05T07:15:35.733079+00:00
sam_vit_b:ann1050658_box_n00_t0,"setup1,setup2",sam_vit_b,402783,1050658,ann1050658_box_n00_t0,box,0.0,0,0.9605223015437183,0.1908398999948986,23.19007009998313,0.9847098588943481,ok,,2026,results/masks/sam_vit_b/ann1050658_box_n00_t0.png,cpu,2026-10-05T07:18:40.848741+00:00
sam_vit_b:ann1050658_box_n10_t1,setup3,sam_vit_b,402783,1050658,ann1050658_box_n10_t1,box,0.1,1,0.9478122708384258,0.19284880001214333,23.19007009998313,0.9525011777877808,ok,,2026,results/masks/sam_vit_b/ann1050658_box_n10_t1.png,cpu,2026-10-05T07:18:41.379375+00:00
sam_vit_b:ann1050658_box_n10_t2,setup3,sam_vit_b,402783,1050658,ann1050658_box_n10_t2,box,0.1,2,0.9396214896214896,0.1707141000078991,23.19007009998313,0.9590295553207397,ok,,2026,results/masks/sam_vit_b/ann1050658_box_n10_t2.png,cpu,2026-10-05T07:18:41.809810+00:00
sam_vit_b:ann1050658_box_n10_t3,setup3,sam_vit_b,402783,1050658,ann1050658_box_n10_t3,box,0.1,3,0.7145563431923735,0.1907845000096131,23.19007009998313,0.936386227607727,ok,,2026,results/masks/sam_vit_b/ann1050658_box_n10_t3.png,cpu,2026-10-05T07:18:42.229823+00:00
sam_vit_b:ann1050658_box_n20_t1,setup3,sam_vit_b,402783,1050658,ann1050658_box_n20_t1,box,0.2,1,0.4357919302339864,0.1933846000174526,23.19007009998313,0.8320704698562622,ok,,2026,results/masks/sam_vit_b/ann1050658_box_n20_t1.png,cpu,2026-10-05T07:18:42.699166+00:00
sam_vit_b:ann1050658_box_n20_t2,setup3,sam_vit_b,402783,1050658,ann1050658_box_n20_t2,box,0.2,2,0.44254744211754593,0.17622550000669435,23.19007009998313,0.7889043688774109,ok,,2026,results/masks/sam_vit_b/ann1050658_box_n20_t2.png,cpu,2026-10-05T07:18:43.114832+00:00
sam_vit_b:ann1050658_box_n20_t3,setup3,sam_vit_b,402783,1050658,ann1050658_box_n20_t3,box,0.2,3,0.20060119011103614,0.17132880000281148,23.19007009998313,0.7568936347961426,ok,,2026,results/masks/sam_vit_b/ann1050658_box_n20_t3.png,cpu,2026-10-05T07:18:43.514306+00:00
sam_vit_b:ann1050658_point_n00_t0,"setup1,setup2",sam_vit_b,402783,1050658,ann1050658_point_n00_t0,point,0.0,0,0.367377018976847,0.28591410000808537,23.19007009998313,0.9028319120407104,ok,,2026,results/masks/sam_vit_b/ann1050658_point_n00_t0.png,cpu,2026-10-05T07:18:40.534834+00:00
sam_vit_b:ann1050658_point_n10_t1,setup3,sam_vit_b,402783,1050658,ann1050658_point_n10_t1,point,0.1,1,0.3684824663759749,0.2505757999897469,23.19007009998313,0.9229547381401062,ok,,2026,results/masks/sam_vit_b/ann1050658_point_n10_t1.png,cpu,2026-10-05T07:18:41.099907+00:00
sam_vit_b:ann1050658_point_n10_t2,setup3,sam_vit_b,402783,1050658,ann1050658_point_n10_t2,point,0.1,2,0.368236811398391,0.18408370000543073,23.19007009998313,0.882150411605835,ok,,2026,results/masks/sam_vit_b/ann1050658_point_n10_t2.png,cpu,2026-10-05T07:18:41.598815+00:00
sam_vit_b:ann1050658_point_n10_t3,setup3,sam_vit_b,402783,1050658,ann1050658_point_n10_t3,point,0.1,3,0.14761144541323837,0.1817002999887336,23.19007009998313,0.8733972907066345,ok,,2026,results/masks/sam_vit_b/ann1050658_point_n10_t3.png,cpu,2026-10-05T07:18:42.020497+00:00
sam_vit_b:ann1050658_point_n20_t1,setup3,sam_vit_b,402783,1050658,ann1050658_point_n20_t1,point,0.2,1,0.3733341521832586,0.18495139997685328,23.19007009998313,0.9243507385253906,ok,,2026,results/masks/sam_vit_b/ann1050658_point_n20_t1.png,cpu,2026-10-05T07:18:42.486748+00:00
sam_vit_b:ann1050658_point_n20_t2,setup3,sam_vit_b,402783,1050658,ann1050658_point_n20_t2,point,0.2,2,0.37253577350611067,0.16988679999485612,23.19007009998313,0.8704817295074463,ok,,2026,results/masks/sam_vit_b/ann1050658_point_n20_t2.png,cpu,2026-10-05T07:18:42.916618+00:00
sam_vit_b:ann1050658_point_n20_t3,setup3,sam_vit_b,402783,1050658,ann1050658_point_n20_t3,point,0.2,3,0.4506508586445028,0.1708265999914147,23.19007009998313,0.7488323450088501,ok,,2026,results/masks/sam_vit_b/ann1050658_point_n20_t3.png,cpu,2026-10-05T07:18:43.317422+00:00
sam_vit_b:ann1070882_box_n00_t0,"setup1,setup2",sam_vit_b,248400,1070882,ann1070882_box_n00_t0,box,0.0,0,0.8709136630343671,0.4256240999966394,24.270004500023788,0.976097583770752,ok,,2026,results/masks/sam_vit_b/ann1070882_box_n00_t0.png,cpu,2026-10-05T07:11:22.047510+00:00
sam_vit_b:ann1070882_box_n10_t1,setup3,sam_vit_b,248400,1070882,ann1070882_box_n10_t1,box,0.1,1,0.12910244786944697,0.19216490001417696,24.270004500023788,0.607661247253418,ok,,2026,results/masks/sam_vit_b/ann1070882_box_n10_t1.png,cpu,2026-10-05T07:11:22.691781+00:00
sam_vit_b:ann1070882_box_n10_t2,setup3,sam_vit_b,248400,1070882,ann1070882_box_n10_t2,box,0.1,2,0.28777040420580885,0.2431776000012178,24.270004500023788,0.44722455739974976,ok,,2026,results/masks/sam_vit_b/ann1070882_box_n10_t2.png,cpu,2026-10-05T07:11:23.106813+00:00
sam_vit_b:ann1070882_box_n10_t3,setup3,sam_vit_b,248400,1070882,ann1070882_box_n10_t3,box,0.1,3,0.812346146563151,0.20306180001352914,24.270004500023788,0.6410210728645325,ok,,2026,results/masks/sam_vit_b/ann1070882_box_n10_t3.png,cpu,2026-10-05T07:11:23.638110+00:00
sam_vit_b:ann1070882_box_n20_t1,setup3,sam_vit_b,248400,1070882,ann1070882_box_n20_t1,box,0.2,1,0.04072150860890954,0.2883563000068534,24.270004500023788,0.4744613766670227,ok,,2026,results/masks/sam_vit_b/ann1070882_box_n20_t1.png,cpu,2026-10-05T07:11:24.158502+00:00
sam_vit_b:ann1070882_box_n20_t2,setup3,sam_vit_b,248400,1070882,ann1070882_box_n20_t2,box,0.2,2,0.009743452221328327,0.2057236999971792,24.270004500023788,0.8565455675125122,ok,,2026,results/masks/sam_vit_b/ann1070882_box_n20_t2.png,cpu,2026-10-05T07:11:24.766518+00:00
sam_vit_b:ann1070882_box_n20_t3,setup3,sam_vit_b,248400,1070882,ann1070882_box_n20_t3,box,0.2,3,0.018940609951845908,0.18045960000017658,24.270004500023788,0.9459422826766968,ok,,2026,results/masks/sam_vit_b/ann1070882_box_n20_t3.png,cpu,2026-10-05T07:11:25.192578+00:00
sam_vit_b:ann1070882_point_n00_t0,"setup1,setup2",sam_vit_b,248400,1070882,ann1070882_point_n00_t0,point,0.0,0,0.41816934535476286,0.20301880000624806,24.270004500023788,0.8073607087135315,ok,,2026,results/masks/sam_vit_b/ann1070882_point_n00_t0.png,cpu,2026-10-05T07:11:21.821147+00:00
sam_vit_b:ann1070882_point_n10_t1,setup3,sam_vit_b,248400,1070882,ann1070882_point_n10_t1,point,0.1,1,0.41564552494853446,0.18261729998630472,24.270004500023788,0.8243134021759033,ok,,2026,results/masks/sam_vit_b/ann1070882_point_n10_t1.png,cpu,2026-10-05T07:11:22.491078+00:00
sam_vit_b:ann1070882_point_n10_t2,setup3,sam_vit_b,248400,1070882,ann1070882_point_n10_t2,point,0.1,2,0.4149593177139496,0.18660109999473207,24.270004500023788,0.8324999213218689,ok,,2026,results/masks/sam_vit_b/ann1070882_point_n10_t2.png,cpu,2026-10-05T07:11:22.902010+00:00
sam_vit_b:ann1070882_point_n10_t3,setup3,sam_vit_b,248400,1070882,ann1070882_point_n10_t3,point,0.1,3,0.41914935319482555,0.236520800011931,24.270004500023788,0.8103491067886353,ok,,2026,results/masks/sam_vit_b/ann1070882_point_n10_t3.png,cpu,2026-10-05T07:11:23.373653+00:00
sam_vit_b:ann1070882_point_n20_t1,setup3,sam_vit_b,248400,1070882,ann1070882_point_n20_t1,point,0.2,1,0.7787386032521854,0.26418500000727363,24.270004500023788,0.7601191997528076,ok,,2026,results/masks/sam_vit_b/ann1070882_point_n20_t1.png,cpu,2026-10-05T07:11:23.861764+00:00
sam_vit_b:ann1070882_point_n20_t2,setup3,sam_vit_b,248400,1070882,ann1070882_point_n20_t2,point,0.2,2,0.505175983436853,0.27162139999563806,24.270004500023788,0.7858126759529114,ok,,2026,results/masks/sam_vit_b/ann1070882_point_n20_t2.png,cpu,2026-10-05T07:11:24.469415+00:00
sam_vit_b:ann1070882_point_n20_t3,setup3,sam_vit_b,248400,1070882,ann1070882_point_n20_t3,point,0.2,3,0.4186114924494999,0.18056670000078157,24.270004500023788,0.8163012266159058,ok,,2026,results/masks/sam_vit_b/ann1070882_point_n20_t3.png,cpu,2026-10-05T07:11:24.991588+00:00
sam_vit_b:ann1152444_box_n00_t0,"setup1,setup2",sam_vit_b,521282,1152444,ann1152444_box_n00_t0,box,0.0,0,0.8847619047619047,0.4967947999830358,58.26989919997868,0.998153805732727,ok,,2026,results/masks/sam_vit_b/ann1152444_box_n00_t0.png,cpu,2026-10-05T06:47:04.741706+00:00
sam_vit_b:ann1152444_box_n10_t1,setup3,sam_vit_b,521282,1152444,ann1152444_box_n10_t1,box,0.1,1,0.15346016449281383,0.2794848999765236,58.26989919997868,0.833763837814331,ok,,2026,results/masks/sam_vit_b/ann1152444_box_n10_t1.png,cpu,2026-10-05T06:47:05.737459+00:00
sam_vit_b:ann1152444_box_n10_t2,setup3,sam_vit_b,521282,1152444,ann1152444_box_n10_t2,box,0.1,2,0.7410070774625024,0.2825027999933809,58.26989919997868,0.9497718811035156,ok,,2026,results/masks/sam_vit_b/ann1152444_box_n10_t2.png,cpu,2026-10-05T06:47:06.347209+00:00
sam_vit_b:ann1152444_box_n10_t3,setup3,sam_vit_b,521282,1152444,ann1152444_box_n10_t3,box,0.1,3,0.6826762323686474,0.36381619999883696,58.26989919997868,0.9402211308479309,ok,,2026,results/masks/sam_vit_b/ann1152444_box_n10_t3.png,cpu,2026-10-05T06:47:06.966729+00:00
sam_vit_b:ann1152444_box_n20_t1,setup3,sam_vit_b,521282,1152444,ann1152444_box_n20_t1,box,0.2,1,0.07799447532199554,0.3020195999997668,58.26989919997868,0.683512270450592,ok,,2026,results/masks/sam_vit_b/ann1152444_box_n20_t1.png,cpu,2026-10-05T06:47:07.679713+00:00
sam_vit_b:ann1152444_box_n20_t2,setup3,sam_vit_b,521282,1152444,ann1152444_box_n20_t2,box,0.2,2,0.5701226017167523,0.30678959999931976,58.26989919997868,0.9169565439224243,ok,,2026,results/masks/sam_vit_b/ann1152444_box_n20_t2.png,cpu,2026-10-05T06:47:08.317235+00:00
sam_vit_b:ann1152444_box_n20_t3,setup3,sam_vit_b,521282,1152444,ann1152444_box_n20_t3,box,0.2,3,0.6214967712552254,0.4968815000029281,58.26989919997868,0.9820865392684937,ok,,2026,results/masks/sam_vit_b/ann1152444_box_n20_t3.png,cpu,2026-10-05T06:47:08.988959+00:00
sam_vit_b:ann1152444_point_n00_t0,"setup1,setup2",sam_vit_b,521282,1152444,ann1152444_point_n00_t0,point,0.0,0,0.1412286997012534,0.49230239997268654,58.26989919997868,0.7340489625930786,ok,,2026,results/masks/sam_vit_b/ann1152444_point_n00_t0.png,cpu,2026-10-05T06:47:04.101618+00:00
sam_vit_b:ann1152444_point_n10_t1,setup3,sam_vit_b,521282,1152444,ann1152444_point_n10_t1,point,0.1,1,0.5424526743532988,0.46807500001159497,58.26989919997868,0.6231523156166077,ok,,2026,results/masks/sam_vit_b/ann1152444_point_n10_t1.png,cpu,2026-10-05T06:47:05.253962+00:00
sam_vit_b:ann1152444_point_n10_t2,setup3,sam_vit_b,521282,1152444,ann1152444_point_n10_t2,point,0.1,2,0.004525113545284531,0.30566289997659624,58.26989919997868,0.831977128982544,ok,,2026,results/masks/sam_vit_b/ann1152444_point_n10_t2.png,cpu,2026-10-05T06:47:06.031259+00:00
sam_vit_b:ann1152444_point_n10_t3,setup3,sam_vit_b,521282,1152444,ann1152444_point_n10_t3,point,0.1,3,0.7010750239888106,0.3077378000016324,58.26989919997868,0.8998022675514221,ok,,2026,results/masks/sam_vit_b/ann1152444_point_n10_t3.png,cpu,2026-10-05T06:47:06.643206+00:00
sam_vit_b:ann1152444_point_n20_t1,setup3,sam_vit_b,521282,1152444,ann1152444_point_n20_t1,point,0.2,1,0.017649612610205718,0.3258649999916088,58.26989919997868,0.5501540303230286,ok,,2026,results/masks/sam_vit_b/ann1152444_point_n20_t1.png,cpu,2026-10-05T06:47:07.342992+00:00
sam_vit_b:ann1152444_point_n20_t2,setup3,sam_vit_b,521282,1152444,ann1152444_point_n20_t2,point,0.2,2,0.7112766337244211,0.3081077999959234,58.26989919997868,0.9127416014671326,ok,,2026,results/masks/sam_vit_b/ann1152444_point_n20_t2.png,cpu,2026-10-05T06:47:07.993335+00:00
sam_vit_b:ann1152444_point_n20_t3,setup3,sam_vit_b,521282,1152444,ann1152444_point_n20_t3,point,0.2,3,0.5838472641385645,0.33341410002321936,58.26989919997868,0.8216021656990051,ok,,2026,results/masks/sam_vit_b/ann1152444_point_n20_t3.png,cpu,2026-10-05T06:47:08.638204+00:00
sam_vit_b:ann1152662_box_n00_t0,"setup1,setup2",sam_vit_b,213224,1152662,ann1152662_box_n00_t0,box,0.0,0,0.7935496207533941,0.26105529998312704,31.523174500005553,0.9460961818695068,ok,,2026,results/masks/sam_vit_b/ann1152662_box_n00_t0.png,cpu,2026-10-05T07:09:18.698718+00:00
sam_vit_b:ann1152662_box_n10_t1,setup3,sam_vit_b,213224,1152662,ann1152662_box_n10_t1,box,0.1,1,0.4171732036598631,0.2316348000022117,31.523174500005553,0.8891931176185608,ok,,2026,results/masks/sam_vit_b/ann1152662_box_n10_t1.png,cpu,2026-10-05T07:09:19.325327+00:00
sam_vit_b:ann1152662_box_n10_t2,setup3,sam_vit_b,213224,1152662,ann1152662_box_n10_t2,box,0.1,2,0.643072,0.2138824999856297,31.523174500005553,0.9409093260765076,ok,,2026,results/masks/sam_vit_b/ann1152662_box_n10_t2.png,cpu,2026-10-05T07:09:19.807770+00:00
sam_vit_b:ann1152662_box_n10_t3,setup3,sam_vit_b,213224,1152662,ann1152662_box_n10_t3,box,0.1,3,0.0032514450867052024,0.7590730999945663,31.523174500005553,0.6472542881965637,ok,,2026,results/masks/sam_vit_b/ann1152662_box_n10_t3.png,cpu,2026-10-05T07:09:20.255706+00:00
sam_vit_b:ann1152662_box_n20_t1,setup3,sam_vit_b,213224,1152662,ann1152662_box_n20_t1,box,0.2,1,0.21941847060330472,0.28017139999428764,31.523174500005553,0.818891167640686,ok,,2026,results/masks/sam_vit_b/ann1152662_box_n20_t1.png,cpu,2026-10-05T07:09:23.433214+00:00
sam_vit_b:ann1152662_box_n20_t2,setup3,sam_vit_b,213224,1152662,ann1152662_box_n20_t2,box,0.2,2,0.613153673403914,0.2154171000001952,31.523174500005553,0.8130136728286743,ok,,2026,results/masks/sam_vit_b/ann1152662_box_n20_t2.png,cpu,2026-10-05T07:09:24.017703+00:00
sam_vit_b:ann1152662_box_n20_t3,setup3,sam_vit_b,213224,1152662,ann1152662_box_n20_t3,box,0.2,3,0.000708753100794816,0.2127291999931913,31.523174500005553,0.9192078709602356,ok,,2026,results/masks/sam_vit_b/ann1152662_box_n20_t3.png,cpu,2026-10-05T07:09:24.550243+00:00
sam_vit_b:ann1152662_point_n00_t0,"setup1,setup2",sam_vit_b,213224,1152662,ann1152662_point_n00_t0,point,0.0,0,0.9042113955408753,0.23444840000593103,31.523174500005553,0.9285358786582947,ok,,2026,results/masks/sam_vit_b/ann1152662_point_n00_t0.png,cpu,2026-10-05T07:09:18.442465+00:00
sam_vit_b:ann1152662_point_n10_t1,setup3,sam_vit_b,213224,1152662,ann1152662_point_n10_t1,point,0.1,1,0.8635958773380837,0.3228678999876138,31.523174500005553,0.9176881909370422,ok,,2026,results/masks/sam_vit_b/ann1152662_point_n10_t1.png,cpu,2026-10-05T07:09:18.984375+00:00
sam_vit_b:ann1152662_point_n10_t2,setup3,sam_vit_b,213224,1152662,ann1152662_point_n10_t2,point,0.1,2,0.5278027481700269,0.21685459997388534,31.523174500005553,0.6387288570404053,ok,,2026,results/masks/sam_vit_b/ann1152662_point_n10_t2.png,cpu,2026-10-05T07:09:19.574481+00:00
sam_vit_b:ann1152662_point_n10_t3,setup3,sam_vit_b,213224,1152662,ann1152662_point_n10_t3,point,0.1,3,0.8169418063611448,0.1968404999934137,31.523174500005553,0.8870685696601868,ok,,2026,results/masks/sam_vit_b/ann1152662_point_n10_t3.png,cpu,2026-10-05T07:09:20.039415+00:00
sam_vit_b:ann1152662_point_n20_t1,setup3,sam_vit_b,213224,1152662,ann1152662_point_n20_t1,point,0.2,1,0.8866891590807817,2.3673455999814905,31.523174500005553,0.9356169104576111,ok,,2026,results/masks/sam_vit_b/ann1152662_point_n20_t1.png,cpu,2026-10-05T07:09:21.043493+00:00
sam_vit_b:ann1152662_point_n20_t2,setup3,sam_vit_b,213224,1152662,ann1152662_point_n20_t2,point,0.2,2,0.9200558340206839,0.26038960000732914,31.523174500005553,0.8910475969314575,ok,,2026,results/masks/sam_vit_b/ann1152662_point_n20_t2.png,cpu,2026-10-05T07:09:23.736057+00:00
sam_vit_b:ann1152662_point_n20_t3,setup3,sam_vit_b,213224,1152662,ann1152662_point_n20_t3,point,0.2,3,0.7837405654343098,0.279924900009064,31.523174500005553,0.7406639456748962,ok,,2026,results/masks/sam_vit_b/ann1152662_point_n20_t3.png,cpu,2026-10-05T07:09:24.249675+00:00
sam_vit_b:ann1161337_box_n00_t0,"setup1,setup2",sam_vit_b,220310,1161337,ann1161337_box_n00_t0,box,0.0,0,0.6814872934920012,0.1861382000206504,24.685073000000557,0.8588502407073975,ok,,2026,results/masks/sam_vit_b/ann1161337_box_n00_t0.png,cpu,2026-10-05T07:10:24.881073+00:00
sam_vit_b:ann1161337_box_n10_t1,setup3,sam_vit_b,220310,1161337,ann1161337_box_n10_t1,box,0.1,1,0.6138246596032962,0.17586970000411384,24.685073000000557,0.9548460245132446,ok,,2026,results/masks/sam_vit_b/ann1161337_box_n10_t1.png,cpu,2026-10-05T07:10:25.272895+00:00
sam_vit_b:ann1161337_box_n10_t2,setup3,sam_vit_b,220310,1161337,ann1161337_box_n10_t2,box,0.1,2,0.2071583035438457,0.17468759999610484,24.685073000000557,0.7104861736297607,ok,,2026,results/masks/sam_vit_b/ann1161337_box_n10_t2.png,cpu,2026-10-05T07:10:25.693404+00:00
sam_vit_b:ann1161337_box_n10_t3,setup3,sam_vit_b,220310,1161337,ann1161337_box_n10_t3,box,0.1,3,0.07466700018760553,0.23661960000754334,24.685073000000557,0.6563042998313904,ok,,2026,results/masks/sam_vit_b/ann1161337_box_n10_t3.png,cpu,2026-10-05T07:10:26.236123+00:00
sam_vit_b:ann1161337_box_n20_t1,setup3,sam_vit_b,220310,1161337,ann1161337_box_n20_t1,box,0.2,1,0.6227863832053615,0.19336599999223836,24.685073000000557,0.7835134863853455,ok,,2026,results/masks/sam_vit_b/ann1161337_box_n20_t1.png,cpu,2026-10-05T07:10:26.724598+00:00
sam_vit_b:ann1161337_box_n20_t2,setup3,sam_vit_b,220310,1161337,ann1161337_box_n20_t2,box,0.2,2,0.00439625472914421,0.20355840001138858,24.685073000000557,0.7832492589950562,ok,,2026,results/masks/sam_vit_b/ann1161337_box_n20_t2.png,cpu,2026-10-05T07:10:27.177714+00:00
sam_vit_b:ann1161337_box_n20_t3,setup3,sam_vit_b,220310,1161337,ann1161337_box_n20_t3,box,0.2,3,0.011209045758819026,0.17855189999681897,24.685073000000557,0.7413341403007507,ok,,2026,results/masks/sam_vit_b/ann1161337_box_n20_t3.png,cpu,2026-10-05T07:10:27.633016+00:00
sam_vit_b:ann1161337_point_n00_t0,"setup1,setup2",sam_vit_b,220310,1161337,ann1161337_point_n00_t0,point,0.0,0,0.45046190922479584,0.2760504000179935,24.685073000000557,0.9184465408325195,ok,,2026,results/masks/sam_vit_b/ann1161337_point_n00_t0.png,cpu,2026-10-05T07:10:24.585954+00:00
sam_vit_b:ann1161337_point_n10_t1,setup3,sam_vit_b,220310,1161337,ann1161337_point_n10_t1,point,0.1,1,0.4144827894102415,0.16997310001170263,24.685073000000557,0.8316588401794434,ok,,2026,results/masks/sam_vit_b/ann1161337_point_n10_t1.png,cpu,2026-10-05T07:10:25.085619+00:00
sam_vit_b:ann1161337_point_n10_t2,setup3,sam_vit_b,220310,1161337,ann1161337_point_n10_t2,point,0.1,2,0.18004218004218003,0.17687860000296496,24.685073000000557,1.0117394924163818,ok,,2026,results/masks/sam_vit_b/ann1161337_point_n10_t2.png,cpu,2026-10-05T07:10:25.500766+00:00
sam_vit_b:ann1161337_point_n10_t3,setup3,sam_vit_b,220310,1161337,ann1161337_point_n10_t3,point,0.1,3,0.2558139534883721,0.29209570001694374,24.685073000000557,0.9771738052368164,ok,,2026,results/masks/sam_vit_b/ann1161337_point_n10_t3.png,cpu,2026-10-05T07:10:25.886108+00:00
sam_vit_b:ann1161337_point_n20_t1,setup3,sam_vit_b,220310,1161337,ann1161337_point_n20_t1,point,0.2,1,0.4528192426980833,0.2187837999954354,24.685073000000557,0.9438847899436951,ok,,2026,results/masks/sam_vit_b/ann1161337_point_n20_t1.png,cpu,2026-10-05T07:10:26.489736+00:00
sam_vit_b:ann1161337_point_n20_t2,setup3,sam_vit_b,220310,1161337,ann1161337_point_n20_t2,point,0.2,2,0.17982066761363635,0.2264022000017576,24.685073000000557,1.0099536180496216,ok,,2026,results/masks/sam_vit_b/ann1161337_point_n20_t2.png,cpu,2026-10-05T07:10:26.935239+00:00
sam_vit_b:ann1161337_point_n20_t3,setup3,sam_vit_b,220310,1161337,ann1161337_point_n20_t3,point,0.2,3,0.25609061431951624,0.17794249998405576,24.685073000000557,0.9820472002029419,ok,,2026,results/masks/sam_vit_b/ann1161337_point_n20_t3.png,cpu,2026-10-05T07:10:27.399265+00:00
sam_vit_b:ann1216289_box_n00_t0,"setup1,setup2",sam_vit_b,257169,1216289,ann1216289_box_n00_t0,box,0.0,0,0.6068900976779552,0.26438509998843074,22.501004500023555,0.8786492943763733,ok,,2026,results/masks/sam_vit_b/ann1216289_box_n00_t0.png,cpu,2026-10-05T07:11:48.243935+00:00
sam_vit_b:ann1216289_box_n10_t1,setup3,sam_vit_b,257169,1216289,ann1216289_box_n10_t1,box,0.1,1,0.006793478260869565,0.20340530000976287,22.501004500023555,0.6052330732345581,ok,,2026,results/masks/sam_vit_b/ann1216289_box_n10_t1.png,cpu,2026-10-05T07:11:48.838859+00:00
sam_vit_b:ann1216289_box_n10_t2,setup3,sam_vit_b,257169,1216289,ann1216289_box_n10_t2,box,0.1,2,0.01680533362719709,0.1808620000083465,22.501004500023555,0.881605327129364,ok,,2026,results/masks/sam_vit_b/ann1216289_box_n10_t2.png,cpu,2026-10-05T07:11:49.270257+00:00
sam_vit_b:ann1216289_box_n10_t3,setup3,sam_vit_b,257169,1216289,ann1216289_box_n10_t3,box,0.1,3,0.04149238748536055,0.18233239999972284,22.501004500023555,0.5909013152122498,ok,,2026,results/masks/sam_vit_b/ann1216289_box_n10_t3.png,cpu,2026-10-05T07:11:49.672372+00:00
sam_vit_b:ann1216289_box_n20_t1,setup3,sam_vit_b,257169,1216289,ann1216289_box_n20_t1,box,0.2,1,0.5697781178270849,0.18935840000631288,22.501004500023555,0.819054365158081,ok,,2026,results/masks/sam_vit_b/ann1216289_box_n20_t1.png,cpu,2026-10-05T07:11:50.081438+00:00
sam_vit_b:ann1216289_box_n20_t2,setup3,sam_vit_b,257169,1216289,ann1216289_box_n20_t2,box,0.2,2,0.013853200759691655,0.18114570001489483,22.501004500023555,0.9304152727127075,ok,,2026,results/masks/sam_vit_b/ann1216289_box_n20_t2.png,cpu,2026-10-05T07:11:50.492131+00:00
sam_vit_b:ann1216289_box_n20_t3,setup3,sam_vit_b,257169,1216289,ann1216289_box_n20_t3,box,0.2,3,0.6338303961439976,0.23423289999482222,22.501004500023555,0.6726041436195374,ok,,2026,results/masks/sam_vit_b/ann1216289_box_n20_t3.png,cpu,2026-10-05T07:11:51.093897+00:00
sam_vit_b:ann1216289_point_n00_t0,"setup1,setup2",sam_vit_b,257169,1216289,ann1216289_point_n00_t0,point,0.0,0,0.8622490858891128,0.29668950001359917,22.501004500023555,0.8296529054641724,ok,,2026,results/masks/sam_vit_b/ann1216289_point_n00_t0.png,cpu,2026-10-05T07:11:47.913771+00:00
sam_vit_b:ann1216289_point_n10_t1,setup3,sam_vit_b,257169,1216289,ann1216289_point_n10_t1,point,0.1,1,0.8614660390047074,0.2823363999777939,22.501004500023555,0.8969179391860962,ok,,2026,results/masks/sam_vit_b/ann1216289_point_n10_t1.png,cpu,2026-10-05T07:11:48.535598+00:00
sam_vit_b:ann1216289_point_n10_t2,setup3,sam_vit_b,257169,1216289,ann1216289_point_n10_t2,point,0.1,2,0.8700366409930457,0.1824796000146307,22.501004500023555,0.7151907682418823,ok,,2026,results/masks/sam_vit_b/ann1216289_point_n10_t2.png,cpu,2026-10-05T07:11:49.066390+00:00
sam_vit_b:ann1216289_point_n10_t3,setup3,sam_vit_b,257169,1216289,ann1216289_point_n10_t3,point,0.1,3,0.8625851358431255,0.1782390000007581,22.501004500023555,0.793382465839386,ok,,2026,results/masks/sam_vit_b/ann1216289_point_n10_t3.png,cpu,2026-10-05T07:11:49.470341+00:00
sam_vit_b:ann1216289_point_n20_t1,setup3,sam_vit_b,257169,1216289,ann1216289_point_n20_t1,point,0.2,1,0.0002147766323024055,0.18092100002104416,22.501004500023555,0.8138940930366516,ok,,2026,results/masks/sam_vit_b/ann1216289_point_n20_t1.png,cpu,2026-10-05T07:11:49.877873+00:00
sam_vit_b:ann1216289_point_n20_t2,setup3,sam_vit_b,257169,1216289,ann1216289_point_n20_t2,point,0.2,2,0.0011816838995568684,0.1811908000090625,22.501004500023555,0.9040319919586182,ok,,2026,results/masks/sam_vit_b/ann1216289_point_n20_t2.png,cpu,2026-10-05T07:11:50.291395+00:00
sam_vit_b:ann1216289_point_n20_t3,setup3,sam_vit_b,257169,1216289,ann1216289_point_n20_t3,point,0.2,3,0.02374394006170119,0.38046679997933097,22.501004500023555,0.7701762914657593,ok,,2026,results/masks/sam_vit_b/ann1216289_point_n20_t3.png,cpu,2026-10-05T07:11:50.694316+00:00
sam_vit_b:ann1266826_box_n00_t0,"setup1,setup2",sam_vit_b,448410,1266826,ann1266826_box_n00_t0,box,0.0,0,0.37047353760445684,0.2542742000077851,22.453897600003984,0.7863253355026245,ok,,2026,results/masks/sam_vit_b/ann1266826_box_n00_t0.png,cpu,2026-10-05T07:20:26.501668+00:00
sam_vit_b:ann1266826_box_n10_t1,setup3,sam_vit_b,448410,1266826,ann1266826_box_n10_t1,box,0.1,1,0.3282336578581363,0.1958736999949906,22.453897600003984,0.7755159139633179,ok,,2026,results/masks/sam_vit_b/ann1266826_box_n10_t1.png,cpu,2026-10-05T07:20:27.030916+00:00
sam_vit_b:ann1266826_box_n10_t2,setup3,sam_vit_b,448410,1266826,ann1266826_box_n10_t2,box,0.1,2,0.2894898586355255,0.1715754000179004,22.453897600003984,0.783161997795105,ok,,2026,results/masks/sam_vit_b/ann1266826_box_n10_t2.png,cpu,2026-10-05T07:20:27.491193+00:00
sam_vit_b:ann1266826_box_n10_t3,setup3,sam_vit_b,448410,1266826,ann1266826_box_n10_t3,box,0.1,3,0.5840500390930414,0.28440500001306646,22.453897600003984,0.8518015146255493,ok,,2026,results/masks/sam_vit_b/ann1266826_box_n10_t3.png,cpu,2026-10-05T07:20:27.898433+00:00
sam_vit_b:ann1266826_box_n20_t1,setup3,sam_vit_b,448410,1266826,ann1266826_box_n20_t1,box,0.2,1,0.272608125819135,0.27186400000937283,22.453897600003984,0.7869694232940674,ok,,2026,results/masks/sam_vit_b/ann1266826_box_n20_t1.png,cpu,2026-10-05T07:20:28.557047+00:00
sam_vit_b:ann1266826_box_n20_t2,setup3,sam_vit_b,448410,1266826,ann1266826_box_n20_t2,box,0.2,2,0.10489157841654059,0.18116880001616664,22.453897600003984,0.8314626216888428,ok,,2026,results/masks/sam_vit_b/ann1266826_box_n20_t2.png,cpu,2026-10-05T07:20:29.113602+00:00
sam_vit_b:ann1266826_box_n20_t3,setup3,sam_vit_b,448410,1266826,ann1266826_box_n20_t3,box,0.2,3,0.3731459797033568,0.18852809999953024,22.453897600003984,0.7881730794906616,ok,,2026,results/masks/sam_vit_b/ann1266826_box_n20_t3.png,cpu,2026-10-05T07:20:29.523280+00:00
sam_vit_b:ann1266826_point_n00_t0,"setup1,setup2",sam_vit_b,448410,1266826,ann1266826_point_n00_t0,point,0.0,0,0.16455696202531644,0.18457529999432154,22.453897600003984,0.7929850220680237,ok,,2026,results/masks/sam_vit_b/ann1266826_point_n00_t0.png,cpu,2026-10-05T07:20:26.254516+00:00
sam_vit_b:ann1266826_point_n10_t1,setup3,sam_vit_b,448410,1266826,ann1266826_point_n10_t1,point,0.1,1,0.0002492522432701894,0.21585260002757423,22.453897600003984,0.3297256827354431,ok,,2026,results/masks/sam_vit_b/ann1266826_point_n10_t1.png,cpu,2026-10-05T07:20:26.787891+00:00
sam_vit_b:ann1266826_point_n10_t2,setup3,sam_vit_b,448410,1266826,ann1266826_point_n10_t2,point,0.1,2,0.30482977038796516,0.17393979997723363,22.453897600003984,0.6018224358558655,ok,,2026,results/masks/sam_vit_b/ann1266826_point_n10_t2.png,cpu,2026-10-05T07:20:27.254600+00:00
sam_vit_b:ann1266826_point_n10_t3,setup3,sam_vit_b,448410,1266826,ann1266826_point_n10_t3,point,0.1,3,0.0003661662394727206,0.18233119999058545,22.453897600003984,0.5975080728530884,ok,,2026,results/masks/sam_vit_b/ann1266826_point_n10_t3.png,cpu,2026-10-05T07:20:27.688212+00:00
sam_vit_b:ann1266826_point_n20_t1,setup3,sam_vit_b,448410,1266826,ann1266826_point_n20_t1,point,0.2,1,0.00048123195380173246,0.2795557999925222,22.453897600003984,0.6327189207077026,ok,,2026,results/masks/sam_vit_b/ann1266826_point_n20_t1.png,cpu,2026-10-05T07:20:28.212571+00:00
sam_vit_b:ann1266826_point_n20_t2,setup3,sam_vit_b,448410,1266826,ann1266826_point_n20_t2,point,0.2,2,0.0248790601243953,0.19429670000681654,22.453897600003984,0.7667326927185059,ok,,2026,results/masks/sam_vit_b/ann1266826_point_n20_t2.png,cpu,2026-10-05T07:20:28.854174+00:00
sam_vit_b:ann1266826_point_n20_t3,setup3,sam_vit_b,448410,1266826,ann1266826_point_n20_t3,point,0.2,3,0.00010766580534022394,0.17236810000031255,22.453897600003984,0.777712345123291,ok,,2026,results/masks/sam_vit_b/ann1266826_point_n20_t3.png,cpu,2026-10-05T07:20:29.321533+00:00
sam_vit_b:ann1372916_box_n00_t0,"setup1,setup2",sam_vit_b,124277,1372916,ann1372916_box_n00_t0,box,0.0,0,0.9315589353612167,0.9201136999763548,43.49010610001278,0.9096317291259766,ok,,2026,results/masks/sam_vit_b/ann1372916_box_n00_t0.png,cpu,2026-10-05T07:02:25.334242+00:00
sam_vit_b:ann1372916_box_n10_t1,setup3,sam_vit_b,124277,1372916,ann1372916_box_n10_t1,box,0.1,1,0.9128787878787878,0.295845399989048,43.49010610001278,0.9081624746322632,ok,,2026,results/masks/sam_vit_b/ann1372916_box_n10_t1.png,cpu,2026-10-05T07:02:26.672044+00:00
sam_vit_b:ann1372916_box_n10_t2,setup3,sam_vit_b,124277,1372916,ann1372916_box_n10_t2,box,0.1,2,0.9067164179104478,1.0480577000125777,43.49010610001278,0.9233391284942627,ok,,2026,results/masks/sam_vit_b/ann1372916_box_n10_t2.png,cpu,2026-10-05T07:02:28.918687+00:00
sam_vit_b:ann1372916_box_n10_t3,setup3,sam_vit_b,124277,1372916,ann1372916_box_n10_t3,box,0.1,3,0.9318181818181818,0.35248739999951795,43.49010610001278,0.8942156434059143,ok,,2026,results/masks/sam_vit_b/ann1372916_box_n10_t3.png,cpu,2026-10-05T07:02:30.371241+00:00
sam_vit_b:ann1372916_box_n20_t1,setup3,sam_vit_b,124277,1372916,ann1372916_box_n20_t1,box,0.2,1,0.8053435114503816,0.34247750000213273,43.49010610001278,0.8883630037307739,ok,,2026,results/masks/sam_vit_b/ann1372916_box_n20_t1.png,cpu,2026-10-05T07:02:31.057818+00:00
sam_vit_b:ann1372916_box_n20_t2,setup3,sam_vit_b,124277,1372916,ann1372916_box_n20_t2,box,0.2,2,0.8805970149253731,0.5071428999945056,43.49010610001278,0.89760822057724,ok,,2026,results/masks/sam_vit_b/ann1372916_box_n20_t2.png,cpu,2026-10-05T07:02:31.770350+00:00
sam_vit_b:ann1372916_box_n20_t3,setup3,sam_vit_b,124277,1372916,ann1372916_box_n20_t3,box,0.2,3,0.908745247148289,0.5080435000127181,43.49010610001278,0.8848164081573486,ok,,2026,results/masks/sam_vit_b/ann1372916_box_n20_t3.png,cpu,2026-10-05T07:02:33.222057+00:00
sam_vit_b:ann1372916_point_n00_t0,"setup1,setup2",sam_vit_b,124277,1372916,ann1372916_point_n00_t0,point,0.0,0,0.8015267175572519,0.8928905999928247,43.49010610001278,0.7942209839820862,ok,,2026,results/masks/sam_vit_b/ann1372916_point_n00_t0.png,cpu,2026-10-05T07:02:24.375862+00:00
sam_vit_b:ann1372916_point_n10_t1,setup3,sam_vit_b,124277,1372916,ann1372916_point_n10_t1,point,0.1,1,0.8320610687022901,0.373939800017979,43.49010610001278,0.8024159073829651,ok,,2026,results/masks/sam_vit_b/ann1372916_point_n10_t1.png,cpu,2026-10-05T07:02:26.277189+00:00
sam_vit_b:ann1372916_point_n10_t2,setup3,sam_vit_b,124277,1372916,ann1372916_point_n10_t2,point,0.1,2,0.9132075471698113,1.8194630999932997,43.49010610001278,0.7276468873023987,ok,,2026,results/masks/sam_vit_b/ann1372916_point_n10_t2.png,cpu,2026-10-05T07:02:26.990988+00:00
sam_vit_b:ann1372916_point_n10_t3,setup3,sam_vit_b,124277,1372916,ann1372916_point_n10_t3,point,0.1,3,0.8053435114503816,0.3602293000149075,43.49010610001278,0.7914077043533325,ok,,2026,results/masks/sam_vit_b/ann1372916_point_n10_t3.png,cpu,2026-10-05T07:02:29.988921+00:00
sam_vit_b:ann1372916_point_n20_t1,setup3,sam_vit_b,124277,1372916,ann1372916_point_n20_t1,point,0.2,1,0.9198473282442748,0.29264600001624785,43.49010610001278,0.8159703016281128,ok,,2026,results/masks/sam_vit_b/ann1372916_point_n20_t1.png,cpu,2026-10-05T07:02:30.744771+00:00
sam_vit_b:ann1372916_point_n20_t2,setup3,sam_vit_b,124277,1372916,ann1372916_point_n20_t2,point,0.2,2,0.19318181818181818,0.32543180001084693,43.49010610001278,0.7686313390731812,ok,,2026,results/masks/sam_vit_b/ann1372916_point_n20_t2.png,cpu,2026-10-05T07:02:31.423378+00:00
sam_vit_b:ann1372916_point_n20_t3,setup3,sam_vit_b,124277,1372916,ann1372916_point_n20_t3,point,0.2,3,0.8015267175572519,0.8615742000110913,43.49010610001278,0.7751892805099487,ok,,2026,results/masks/sam_vit_b/ann1372916_point_n20_t3.png,cpu,2026-10-05T07:02:32.315098+00:00
sam_vit_b:ann141868_box_n00_t0,"setup1,setup2",sam_vit_b,382111,141868,ann141868_box_n00_t0,box,0.0,0,0.2940630797773655,0.16512469999725,21.296688400005223,0.7696915864944458,ok,,2026,results/masks/sam_vit_b/ann141868_box_n00_t0.png,cpu,2026-10-05T07:17:48.919365+00:00
sam_vit_b:ann141868_box_n10_t1,setup3,sam_vit_b,382111,141868,ann141868_box_n10_t1,box,0.1,1,0.31137724550898205,0.1656105000001844,21.296688400005223,0.7903626561164856,ok,,2026,results/masks/sam_vit_b/ann141868_box_n10_t1.png,cpu,2026-10-05T07:17:49.298151+00:00
sam_vit_b:ann141868_box_n10_t2,setup3,sam_vit_b,382111,141868,ann141868_box_n10_t2,box,0.1,2,0.5041208791208791,0.1485104000021238,21.296688400005223,0.6991481184959412,ok,,2026,results/masks/sam_vit_b/ann141868_box_n10_t2.png,cpu,2026-10-05T07:17:49.677088+00:00
sam_vit_b:ann141868_box_n10_t3,setup3,sam_vit_b,382111,141868,ann141868_box_n10_t3,box,0.1,3,0.1855166802278275,0.15603330000885762,21.296688400005223,0.6352477669715881,ok,,2026,results/masks/sam_vit_b/ann141868_box_n10_t3.png,cpu,2026-10-05T07:17:50.107487+00:00
sam_vit_b:ann141868_box_n20_t1,setup3,sam_vit_b,382111,141868,ann141868_box_n20_t1,box,0.2,1,0.3888888888888889,0.2284040999948047,21.296688400005223,0.8137571811676025,ok,,2026,results/masks/sam_vit_b/ann141868_box_n20_t1.png,cpu,2026-10-05T07:17:50.694189+00:00
sam_vit_b:ann141868_box_n20_t2,setup3,sam_vit_b,382111,141868,ann141868_box_n20_t2,box,0.2,2,0.14652317880794702,0.17224739998346195,21.296688400005223,0.36648809909820557,ok,,2026,results/masks/sam_vit_b/ann141868_box_n20_t2.png,cpu,2026-10-05T07:17:51.136447+00:00
sam_vit_b:ann141868_box_n20_t3,setup3,sam_vit_b,382111,141868,ann141868_box_n20_t3,box,0.2,3,0.01208865010073875,0.15010430000256747,21.296688400005223,0.7423943281173706,ok,,2026,results/masks/sam_vit_b/ann141868_box_n20_t3.png,cpu,2026-10-05T07:17:51.586859+00:00
sam_vit_b:ann141868_point_n00_t0,"setup1,setup2",sam_vit_b,382111,141868,ann141868_point_n00_t0,point,0.0,0,0.300148588410104,0.21087539999280125,21.296688400005223,0.7240991592407227,ok,,2026,results/masks/sam_vit_b/ann141868_point_n00_t0.png,cpu,2026-10-05T07:17:48.678697+00:00
sam_vit_b:ann141868_point_n10_t1,setup3,sam_vit_b,382111,141868,ann141868_point_n10_t1,point,0.1,1,0.3308714918759232,0.16048059999593534,21.296688400005223,0.7134072780609131,ok,,2026,results/masks/sam_vit_b/ann141868_point_n10_t1.png,cpu,2026-10-05T07:17:49.110137+00:00
sam_vit_b:ann141868_point_n10_t2,setup3,sam_vit_b,382111,141868,ann141868_point_n10_t2,point,0.1,2,0.016333938294010888,0.16688790000625886,21.296688400005223,0.8319107294082642,ok,,2026,results/masks/sam_vit_b/ann141868_point_n10_t2.png,cpu,2026-10-05T07:17:49.485510+00:00
sam_vit_b:ann141868_point_n10_t3,setup3,sam_vit_b,382111,141868,ann141868_point_n10_t3,point,0.1,3,0.34416543574593794,0.19975780000095256,21.296688400005223,0.7146930694580078,ok,,2026,results/masks/sam_vit_b/ann141868_point_n10_t3.png,cpu,2026-10-05T07:17:49.884257+00:00
sam_vit_b:ann141868_point_n20_t1,setup3,sam_vit_b,382111,141868,ann141868_point_n20_t1,point,0.2,1,0.39500734214390604,0.37886100000469014,21.296688400005223,0.7586324214935303,ok,,2026,results/masks/sam_vit_b/ann141868_point_n20_t1.png,cpu,2026-10-05T07:17:50.286149+00:00
sam_vit_b:ann141868_point_n20_t2,setup3,sam_vit_b,382111,141868,ann141868_point_n20_t2,point,0.2,2,0.01125703564727955,0.16958829999202862,21.296688400005223,0.807647705078125,ok,,2026,results/masks/sam_vit_b/ann141868_point_n20_t2.png,cpu,2026-10-05T07:17:50.944237+00:00
sam_vit_b:ann141868_point_n20_t3,setup3,sam_vit_b,382111,141868,ann141868_point_n20_t3,point,0.2,3,0.40927152317880794,0.16026199999032542,21.296688400005223,0.7772344350814819,ok,,2026,results/masks/sam_vit_b/ann141868_point_n20_t3.png,cpu,2026-10-05T07:17:51.367683+00:00
sam_vit_b:ann1444448_box_n00_t0,"setup1,setup2",sam_vit_b,329080,1444448,ann1444448_box_n00_t0,box,0.0,0,0.9250398724082934,0.1809981999977026,22.93778539999039,0.9473544955253601,ok,,2026,results/masks/sam_vit_b/ann1444448_box_n00_t0.png,cpu,2026-10-05T07:14:06.226882+00:00
sam_vit_b:ann1444448_box_n10_t1,setup3,sam_vit_b,329080,1444448,ann1444448_box_n10_t1,box,0.1,1,0.9105431309904153,0.22086810000473633,22.93778539999039,0.9460484981536865,ok,,2026,results/masks/sam_vit_b/ann1444448_box_n10_t1.png,cpu,2026-10-05T07:14:06.634334+00:00
sam_vit_b:ann1444448_box_n10_t2,setup3,sam_vit_b,329080,1444448,ann1444448_box_n10_t2,box,0.1,2,0.9201277955271565,0.23040120000950992,22.93778539999039,0.9473345279693604,ok,,2026,results/masks/sam_vit_b/ann1444448_box_n10_t2.png,cpu,2026-10-05T07:14:07.131847+00:00
sam_vit_b:ann1444448_box_n10_t3,setup3,sam_vit_b,329080,1444448,ann1444448_box_n10_t3,box,0.1,3,0.9186602870813397,0.1717046000121627,22.93778539999039,0.9474450349807739,ok,,2026,results/masks/sam_vit_b/ann1444448_box_n10_t3.png,cpu,2026-10-05T07:14:07.592877+00:00
sam_vit_b:ann1444448_box_n20_t1,setup3,sam_vit_b,329080,1444448,ann1444448_box_n20_t1,box,0.2,1,0.7699680511182109,0.3200098999950569,22.93778539999039,0.9234883189201355,ok,,2026,results/masks/sam_vit_b/ann1444448_box_n20_t1.png,cpu,2026-10-05T07:14:08.042359+00:00
sam_vit_b:ann1444448_box_n20_t2,setup3,sam_vit_b,329080,1444448,ann1444448_box_n20_t2,box,0.2,2,0.8833865814696485,0.861061100004008,22.93778539999039,0.9437763094902039,ok,,2026,results/masks/sam_vit_b/ann1444448_box_n20_t2.png,cpu,2026-10-05T07:14:08.894260+00:00
sam_vit_b:ann1444448_box_n20_t3,setup3,sam_vit_b,329080,1444448,ann1444448_box_n20_t3,box,0.2,3,0.8514376996805112,0.24778990002232604,22.93778539999039,0.9035921096801758,ok,,2026,results/masks/sam_vit_b/ann1444448_box_n20_t3.png,cpu,2026-10-05T07:14:10.045669+00:00
sam_vit_b:ann1444448_point_n00_t0,"setup1,setup2",sam_vit_b,329080,1444448,ann1444448_point_n00_t0,point,0.0,0,0.7532051282051282,0.17873049998888746,22.93778539999039,0.6204231381416321,ok,,2026,results/masks/sam_vit_b/ann1444448_point_n00_t0.png,cpu,2026-10-05T07:14:05.989190+00:00
sam_vit_b:ann1444448_point_n10_t1,setup3,sam_vit_b,329080,1444448,ann1444448_point_n10_t1,point,0.1,1,0.8961661341853036,0.18435739999404177,22.93778539999039,0.8845194578170776,ok,,2026,results/masks/sam_vit_b/ann1444448_point_n10_t1.png,cpu,2026-10-05T07:14:06.428922+00:00
sam_vit_b:ann1444448_point_n10_t2,setup3,sam_vit_b,329080,1444448,ann1444448_point_n10_t2,point,0.1,2,0.8976,0.23003170001902618,22.93778539999039,0.8822083473205566,ok,,2026,results/masks/sam_vit_b/ann1444448_point_n10_t2.png,cpu,2026-10-05T07:14:06.874330+00:00
sam_vit_b:ann1444448_point_n10_t3,setup3,sam_vit_b,329080,1444448,ann1444448_point_n10_t3,point,0.1,3,0.1875,0.18893089998164214,22.93778539999039,0.746320903301239,ok,,2026,results/masks/sam_vit_b/ann1444448_point_n10_t3.png,cpu,2026-10-05T07:14:07.383043+00:00
sam_vit_b:ann1444448_point_n20_t1,setup3,sam_vit_b,329080,1444448,ann1444448_point_n20_t1,point,0.2,1,0.9057507987220448,0.23005660000490025,22.93778539999039,0.8857104182243347,ok,,2026,results/masks/sam_vit_b/ann1444448_point_n20_t1.png,cpu,2026-10-05T07:14:07.786095+00:00
sam_vit_b:ann1444448_point_n20_t2,setup3,sam_vit_b,329080,1444448,ann1444448_point_n20_t2,point,0.2,2,0.9089456869009584,0.4586254000023473,22.93778539999039,0.8802874088287354,ok,,2026,results/masks/sam_vit_b/ann1444448_point_n20_t2.png,cpu,2026-10-05T07:14:08.389056+00:00
sam_vit_b:ann1444448_point_n20_t3,setup3,sam_vit_b,329080,1444448,ann1444448_point_n20_t3,point,0.2,3,0.18269230769230768,0.2078357000136748,22.93778539999039,0.7260706424713135,ok,,2026,results/masks/sam_vit_b/ann1444448_point_n20_t3.png,cpu,2026-10-05T07:14:09.816258+00:00
sam_vit_b:ann1445867_box_n00_t0,"setup1,setup2",sam_vit_b,360097,1445867,ann1445867_box_n00_t0,box,0.0,0,0.8616944243301955,0.17249549998086877,23.40955209999811,0.9649768471717834,ok,,2026,results/masks/sam_vit_b/ann1445867_box_n00_t0.png,cpu,2026-10-05T07:16:30.965209+00:00
sam_vit_b:ann1445867_box_n10_t1,setup3,sam_vit_b,360097,1445867,ann1445867_box_n10_t1,box,0.1,1,0.8638667632150615,0.19178149997605942,23.40955209999811,0.9620739817619324,ok,,2026,results/masks/sam_vit_b/ann1445867_box_n10_t1.png,cpu,2026-10-05T07:16:31.369347+00:00
sam_vit_b:ann1445867_box_n10_t2,setup3,sam_vit_b,360097,1445867,ann1445867_box_n10_t2,box,0.1,2,0.8602461984069515,0.296629499993287,23.40955209999811,0.9559767246246338,ok,,2026,results/masks/sam_vit_b/ann1445867_box_n10_t2.png,cpu,2026-10-05T07:16:32.083535+00:00
sam_vit_b:ann1445867_box_n10_t3,setup3,sam_vit_b,360097,1445867,ann1445867_box_n10_t3,box,0.1,3,0.8493845039826213,0.23092040000483394,23.40955209999811,0.9665598273277283,ok,,2026,results/masks/sam_vit_b/ann1445867_box_n10_t3.png,cpu,2026-10-05T07:16:32.698316+00:00
sam_vit_b:ann1445867_box_n20_t1,setup3,sam_vit_b,360097,1445867,ann1445867_box_n20_t1,box,0.2,1,0.5989847715736041,0.18657859999802895,23.40955209999811,0.59972083568573,ok,,2026,results/masks/sam_vit_b/ann1445867_box_n20_t1.png,cpu,2026-10-05T07:16:33.154594+00:00
sam_vit_b:ann1445867_box_n20_t2,setup3,sam_vit_b,360097,1445867,ann1445867_box_n20_t2,box,0.2,2,0.7494569152787834,0.21713780000573024,23.40955209999811,0.9204601049423218,ok,,2026,results/masks/sam_vit_b/ann1445867_box_n20_t2.png,cpu,2026-10-05T07:16:33.558791+00:00
sam_vit_b:ann1445867_box_n20_t3,setup3,sam_vit_b,360097,1445867,ann1445867_box_n20_t3,box,0.2,3,0.7364228819695873,0.21668010001303628,23.40955209999811,0.930443525314331,ok,,2026,results/masks/sam_vit_b/ann1445867_box_n20_t3.png,cpu,2026-10-05T07:16:34.046635+00:00
sam_vit_b:ann1445867_point_n00_t0,"setup1,setup2",sam_vit_b,360097,1445867,ann1445867_point_n00_t0,point,0.0,0,0.043509789702683106,0.208301799983019,23.40955209999811,0.4923863708972931,ok,,2026,results/masks/sam_vit_b/ann1445867_point_n00_t0.png,cpu,2026-10-05T07:16:30.735170+00:00
sam_vit_b:ann1445867_point_n10_t1,setup3,sam_vit_b,360097,1445867,ann1445867_point_n10_t1,point,0.1,1,0.8493845039826213,0.18613590000313707,23.40955209999811,0.9159759283065796,ok,,2026,results/masks/sam_vit_b/ann1445867_point_n10_t1.png,cpu,2026-10-05T07:16:31.159862+00:00
sam_vit_b:ann1445867_point_n10_t2,setup3,sam_vit_b,360097,1445867,ann1445867_point_n10_t2,point,0.1,2,0.03553299492385787,0.37984149999101646,23.40955209999811,0.6894234418869019,ok,,2026,results/masks/sam_vit_b/ann1445867_point_n10_t2.png,cpu,2026-10-05T07:16:31.621103+00:00
sam_vit_b:ann1445867_point_n10_t3,setup3,sam_vit_b,360097,1445867,ann1445867_point_n10_t3,point,0.1,3,0.8478260869565217,0.2711509000218939,23.40955209999811,0.8056035041809082,ok,,2026,results/masks/sam_vit_b/ann1445867_point_n10_t3.png,cpu,2026-10-05T07:16:32.406231+00:00
sam_vit_b:ann1445867_point_n20_t1,setup3,sam_vit_b,360097,1445867,ann1445867_point_n20_t1,point,0.2,1,0.8587979724837075,0.17839019998791628,23.40955209999811,0.8427226543426514,ok,,2026,results/masks/sam_vit_b/ann1445867_point_n20_t1.png,cpu,2026-10-05T07:16:32.952016+00:00
sam_vit_b:ann1445867_point_n20_t2,setup3,sam_vit_b,360097,1445867,ann1445867_point_n20_t2,point,0.2,2,0.8514492753623188,0.1739399000070989,23.40955209999811,0.8435311317443848,ok,,2026,results/masks/sam_vit_b/ann1445867_point_n20_t2.png,cpu,2026-10-05T07:16:33.362574+00:00
sam_vit_b:ann1445867_point_n20_t3,setup3,sam_vit_b,360097,1445867,ann1445867_point_n20_t3,point,0.2,3,0.8420289855072464,0.22332030002144165,23.40955209999811,0.7154086828231812,ok,,2026,results/masks/sam_vit_b/ann1445867_point_n20_t3.png,cpu,2026-10-05T07:16:33.801650+00:00
sam_vit_b:ann144786_box_n00_t0,"setup1,setup2",sam_vit_b,260925,144786,ann144786_box_n00_t0,box,0.0,0,0.9236244961507225,0.2485199999937322,25.126468600006774,0.9920699000358582,ok,,2026,results/masks/sam_vit_b/ann144786_box_n00_t0.png,cpu,2026-10-05T07:12:16.895172+00:00
sam_vit_b:ann144786_box_n10_t1,setup3,sam_vit_b,260925,144786,ann144786_box_n10_t1,box,0.1,1,0.16844259217541488,0.21334110002499074,25.126468600006774,0.5323159098625183,ok,,2026,results/masks/sam_vit_b/ann144786_box_n10_t1.png,cpu,2026-10-05T07:12:17.410311+00:00
sam_vit_b:ann144786_box_n10_t2,setup3,sam_vit_b,260925,144786,ann144786_box_n10_t2,box,0.1,2,0.4445437740537592,0.2408090999815613,25.126468600006774,0.7997023463249207,ok,,2026,results/masks/sam_vit_b/ann144786_box_n10_t2.png,cpu,2026-10-05T07:12:17.934288+00:00
sam_vit_b:ann144786_box_n10_t3,setup3,sam_vit_b,260925,144786,ann144786_box_n10_t3,box,0.1,3,0.29490033827543355,0.24496640000143088,25.126468600006774,0.746156632900238,ok,,2026,results/masks/sam_vit_b/ann144786_box_n10_t3.png,cpu,2026-10-05T07:12:18.462558+00:00
sam_vit_b:ann144786_box_n20_t1,setup3,sam_vit_b,260925,144786,ann144786_box_n20_t1,box,0.2,1,0.13332222188551168,0.20659960000193678,25.126468600006774,0.6018461585044861,ok,,2026,results/masks/sam_vit_b/ann144786_box_n20_t1.png,cpu,2026-10-05T07:12:18.985293+00:00
sam_vit_b:ann144786_box_n20_t2,setup3,sam_vit_b,260925,144786,ann144786_box_n20_t2,box,0.2,2,0.26269431032850515,0.19886529998620972,25.126468600006774,0.7968132495880127,ok,,2026,results/masks/sam_vit_b/ann144786_box_n20_t2.png,cpu,2026-10-05T07:12:19.449927+00:00
sam_vit_b:ann144786_box_n20_t3,setup3,sam_vit_b,260925,144786,ann144786_box_n20_t3,box,0.2,3,0.17191963059276014,0.28183419999550097,25.126468600006774,0.6522161960601807,ok,,2026,results/masks/sam_vit_b/ann144786_box_n20_t3.png,cpu,2026-10-05T07:12:19.910786+00:00
sam_vit_b:ann144786_point_n00_t0,"setup1,setup2",sam_vit_b,260925,144786,ann144786_point_n00_t0,point,0.0,0,0.001893996787781448,0.3722832999774255,25.126468600006774,0.8223890066146851,ok,,2026,results/masks/sam_vit_b/ann144786_point_n00_t0.png,cpu,2026-10-05T07:12:16.499792+00:00
sam_vit_b:ann144786_point_n10_t1,setup3,sam_vit_b,260925,144786,ann144786_point_n10_t1,point,0.1,1,0.10096896875662899,0.21306670000194572,25.126468600006774,0.9081777930259705,ok,,2026,results/masks/sam_vit_b/ann144786_point_n10_t1.png,cpu,2026-10-05T07:12:17.174838+00:00
sam_vit_b:ann144786_point_n10_t2,setup3,sam_vit_b,260925,144786,ann144786_point_n10_t2,point,0.1,2,0.028705415315615625,0.2560835999902338,25.126468600006774,0.7042838335037231,ok,,2026,results/masks/sam_vit_b/ann144786_point_n10_t2.png,cpu,2026-10-05T07:12:17.651709+00:00
sam_vit_b:ann144786_point_n10_t3,setup3,sam_vit_b,260925,144786,ann144786_point_n10_t3,point,0.1,3,0.11511333676778084,0.23492809999152087,25.126468600006774,0.8432413339614868,ok,,2026,results/masks/sam_vit_b/ann144786_point_n10_t3.png,cpu,2026-10-05T07:12:18.202605+00:00
sam_vit_b:ann144786_point_n20_t1,setup3,sam_vit_b,260925,144786,ann144786_point_n20_t1,point,0.2,1,0.10918512682202491,0.22732959999120794,25.126468600006774,0.8717809915542603,ok,,2026,results/masks/sam_vit_b/ann144786_point_n20_t1.png,cpu,2026-10-05T07:12:18.733562+00:00
sam_vit_b:ann144786_point_n20_t2,setup3,sam_vit_b,260925,144786,ann144786_point_n20_t2,point,0.2,2,0.03648974211339737,0.21089469999424182,25.126468600006774,0.8245549201965332,ok,,2026,results/masks/sam_vit_b/ann144786_point_n20_t2.png,cpu,2026-10-05T07:12:19.216728+00:00
sam_vit_b:ann144786_point_n20_t3,setup3,sam_vit_b,260925,144786,ann144786_point_n20_t3,point,0.2,3,0.030122124912876146,0.20603319999645464,25.126468600006774,0.8024872541427612,ok,,2026,results/masks/sam_vit_b/ann144786_point_n20_t3.png,cpu,2026-10-05T07:12:19.673601+00:00
sam_vit_b:ann1505901_box_n00_t0,"setup1,setup2",sam_vit_b,356432,1505901,ann1505901_box_n00_t0,box,0.0,0,0.8012048192771084,0.2796577000117395,27.214821100002155,0.9404730200767517,ok,,2026,results/masks/sam_vit_b/ann1505901_box_n00_t0.png,cpu,2026-10-05T07:16:04.202934+00:00
sam_vit_b:ann1505901_box_n10_t1,setup3,sam_vit_b,356432,1505901,ann1505901_box_n10_t1,box,0.1,1,0.7738095238095238,0.18967789999442175,27.214821100002155,0.9260250926017761,ok,,2026,results/masks/sam_vit_b/ann1505901_box_n10_t1.png,cpu,2026-10-05T07:16:04.822112+00:00
sam_vit_b:ann1505901_box_n10_t2,setup3,sam_vit_b,356432,1505901,ann1505901_box_n10_t2,box,0.1,2,0.8109756097560976,0.1923504000005778,27.214821100002155,0.9287904500961304,ok,,2026,results/masks/sam_vit_b/ann1505901_box_n10_t2.png,cpu,2026-10-05T07:16:05.270153+00:00
sam_vit_b:ann1505901_box_n10_t3,setup3,sam_vit_b,356432,1505901,ann1505901_box_n10_t3,box,0.1,3,0.7831325301204819,0.23699629999464378,27.214821100002155,0.9378299713134766,ok,,2026,results/masks/sam_vit_b/ann1505901_box_n10_t3.png,cpu,2026-10-05T07:16:05.690610+00:00
sam_vit_b:ann1505901_box_n20_t1,setup3,sam_vit_b,356432,1505901,ann1505901_box_n20_t1,box,0.2,1,0.7678571428571429,0.21115540000027977,27.214821100002155,0.8960951566696167,ok,,2026,results/masks/sam_vit_b/ann1505901_box_n20_t1.png,cpu,2026-10-05T07:16:06.193200+00:00
sam_vit_b:ann1505901_box_n20_t2,setup3,sam_vit_b,356432,1505901,ann1505901_box_n20_t2,box,0.2,2,0.806060606060606,0.1924921999743674,27.214821100002155,0.8997694253921509,ok,,2026,results/masks/sam_vit_b/ann1505901_box_n20_t2.png,cpu,2026-10-05T07:16:06.635709+00:00
sam_vit_b:ann1505901_box_n20_t3,setup3,sam_vit_b,356432,1505901,ann1505901_box_n20_t3,box,0.2,3,0.7710843373493976,0.18032149999635294,27.214821100002155,0.9304766654968262,ok,,2026,results/masks/sam_vit_b/ann1505901_box_n20_t3.png,cpu,2026-10-05T07:16:07.054758+00:00
sam_vit_b:ann1505901_point_n00_t0,"setup1,setup2",sam_vit_b,356432,1505901,ann1505901_point_n00_t0,point,0.0,0,0.806060606060606,0.30362910000258125,27.214821100002155,0.8852555751800537,ok,,2026,results/masks/sam_vit_b/ann1505901_point_n00_t0.png,cpu,2026-10-05T07:16:03.869341+00:00
sam_vit_b:ann1505901_point_n10_t1,setup3,sam_vit_b,356432,1505901,ann1505901_point_n10_t1,point,0.1,1,0.8109756097560976,0.2875597999955062,27.214821100002155,0.877368688583374,ok,,2026,results/masks/sam_vit_b/ann1505901_point_n10_t1.png,cpu,2026-10-05T07:16:04.511977+00:00
sam_vit_b:ann1505901_point_n10_t2,setup3,sam_vit_b,356432,1505901,ann1505901_point_n10_t2,point,0.1,2,0.806060606060606,0.17720899998676032,27.214821100002155,0.8852726221084595,ok,,2026,results/masks/sam_vit_b/ann1505901_point_n10_t2.png,cpu,2026-10-05T07:16:05.036795+00:00
sam_vit_b:ann1505901_point_n10_t3,setup3,sam_vit_b,356432,1505901,ann1505901_point_n10_t3,point,0.1,3,0.8012048192771084,0.1813084000023082,27.214821100002155,0.8896607160568237,ok,,2026,results/masks/sam_vit_b/ann1505901_point_n10_t3.png,cpu,2026-10-05T07:16:05.487044+00:00
sam_vit_b:ann1505901_point_n20_t1,setup3,sam_vit_b,356432,1505901,ann1505901_point_n20_t1,point,0.2,1,0.8109756097560976,0.2194147999980487,27.214821100002155,0.862373948097229,ok,,2026,results/masks/sam_vit_b/ann1505901_point_n20_t1.png,cpu,2026-10-05T07:16:05.949437+00:00
sam_vit_b:ann1505901_point_n20_t2,setup3,sam_vit_b,356432,1505901,ann1505901_point_n20_t2,point,0.2,2,0.806060606060606,0.18246490001911297,27.214821100002155,0.8841557502746582,ok,,2026,results/masks/sam_vit_b/ann1505901_point_n20_t2.png,cpu,2026-10-05T07:16:06.427910+00:00
sam_vit_b:ann1505901_point_n20_t3,setup3,sam_vit_b,356432,1505901,ann1505901_point_n20_t3,point,0.2,3,0.806060606060606,0.18066869999165647,27.214821100002155,0.8991979360580444,ok,,2026,results/masks/sam_vit_b/ann1505901_point_n20_t3.png,cpu,2026-10-05T07:16:06.851501+00:00
sam_vit_b:ann1538400_box_n00_t0,"setup1,setup2",sam_vit_b,84664,1538400,ann1538400_box_n00_t0,box,0.0,0,0.5338499048127985,0.3281931999954395,47.20357290000538,0.9325543642044067,ok,,2026,results/masks/sam_vit_b/ann1538400_box_n00_t0.png,cpu,2026-10-05T06:56:20.586197+00:00
sam_vit_b:ann1538400_box_n10_t1,setup3,sam_vit_b,84664,1538400,ann1538400_box_n10_t1,box,0.1,1,0.5309255983177008,0.3005420000117738,47.20357290000538,0.9090676307678223,ok,,2026,results/masks/sam_vit_b/ann1538400_box_n10_t1.png,cpu,2026-10-05T06:56:21.319705+00:00
sam_vit_b:ann1538400_box_n10_t2,setup3,sam_vit_b,84664,1538400,ann1538400_box_n10_t2,box,0.1,2,0.0081374321880651,0.4685167999996338,47.20357290000538,0.4059586524963379,ok,,2026,results/masks/sam_vit_b/ann1538400_box_n10_t2.png,cpu,2026-10-05T06:56:22.238510+00:00
sam_vit_b:ann1538400_box_n10_t3,setup3,sam_vit_b,84664,1538400,ann1538400_box_n10_t3,box,0.1,3,0.5156778101261587,0.533192600007169,47.20357290000538,0.6984867453575134,ok,,2026,results/masks/sam_vit_b/ann1538400_box_n10_t3.png,cpu,2026-10-05T06:56:23.049961+00:00
sam_vit_b:ann1538400_box_n20_t1,setup3,sam_vit_b,84664,1538400,ann1538400_box_n20_t1,box,0.2,1,0.3761286208169704,0.675260599993635,47.20357290000538,0.9555038213729858,ok,,2026,results/masks/sam_vit_b/ann1538400_box_n20_t1.png,cpu,2026-10-05T06:56:24.098091+00:00
sam_vit_b:ann1538400_box_n20_t2,setup3,sam_vit_b,84664,1538400,ann1538400_box_n20_t2,box,0.2,2,0.024515922547607618,0.41623529998469166,47.20357290000538,0.5329226851463318,ok,,2026,results/masks/sam_vit_b/ann1538400_box_n20_t2.png,cpu,2026-10-05T06:56:25.476715+00:00
sam_vit_b:ann1538400_box_n20_t3,setup3,sam_vit_b,84664,1538400,ann1538400_box_n20_t3,box,0.2,3,0.39624238320920785,0.4077949000056833,47.20357290000538,0.956019401550293,ok,,2026,results/masks/sam_vit_b/ann1538400_box_n20_t3.png,cpu,2026-10-05T06:56:26.311853+00:00
sam_vit_b:ann1538400_point_n00_t0,"setup1,setup2",sam_vit_b,84664,1538400,ann1538400_point_n00_t0,point,0.0,0,0.39680227634565224,0.37556580000091344,47.20357290000538,0.9707801938056946,ok,,2026,results/masks/sam_vit_b/ann1538400_point_n00_t0.png,cpu,2026-10-05T06:56:20.186328+00:00
sam_vit_b:ann1538400_point_n10_t1,setup3,sam_vit_b,84664,1538400,ann1538400_point_n10_t1,point,0.1,1,0.39676840215439857,0.32724640000378713,47.20357290000538,0.9632143974304199,ok,,2026,results/masks/sam_vit_b/ann1538400_point_n10_t1.png,cpu,2026-10-05T06:56:20.936852+00:00
sam_vit_b:ann1538400_point_n10_t2,setup3,sam_vit_b,84664,1538400,ann1538400_point_n10_t2,point,0.1,2,0.3963619118593544,0.5617434000014327,47.20357290000538,0.9768333435058594,ok,,2026,results/masks/sam_vit_b/ann1538400_point_n10_t2.png,cpu,2026-10-05T06:56:21.657710+00:00
sam_vit_b:ann1538400_point_n10_t3,setup3,sam_vit_b,84664,1538400,ann1538400_point_n10_t3,point,0.1,3,0.39595542156431013,0.2856776000116952,47.20357290000538,0.9788058996200562,ok,,2026,results/masks/sam_vit_b/ann1538400_point_n10_t3.png,cpu,2026-10-05T06:56:22.747021+00:00
sam_vit_b:ann1538400_point_n20_t1,setup3,sam_vit_b,84664,1538400,ann1538400_point_n20_t1,point,0.2,1,0.395006944209207,0.4530318999895826,47.20357290000538,0.9140356779098511,ok,,2026,results/masks/sam_vit_b/ann1538400_point_n20_t1.png,cpu,2026-10-05T06:56:23.620177+00:00
sam_vit_b:ann1538400_point_n20_t2,setup3,sam_vit_b,84664,1538400,ann1538400_point_n20_t2,point,0.2,2,0.5333111370068254,0.6111437999934424,47.20357290000538,0.9306422472000122,ok,,2026,results/masks/sam_vit_b/ann1538400_point_n20_t2.png,cpu,2026-10-05T06:56:24.806437+00:00
sam_vit_b:ann1538400_point_n20_t3,setup3,sam_vit_b,84664,1538400,ann1538400_point_n20_t3,point,0.2,3,0.3955828054605196,0.3412425999995321,47.20357290000538,0.964729905128479,ok,,2026,results/masks/sam_vit_b/ann1538400_point_n20_t3.png,cpu,2026-10-05T06:56:25.951759+00:00
sam_vit_b:ann170892_box_n00_t0,"setup1,setup2",sam_vit_b,151857,170892,ann170892_box_n00_t0,box,0.0,0,0.9031657060404493,0.41191080000135116,45.886800500011304,0.9800547361373901,ok,,2026,results/masks/sam_vit_b/ann170892_box_n00_t0.png,cpu,2026-10-05T07:07:59.489005+00:00
sam_vit_b:ann170892_box_n10_t1,setup3,sam_vit_b,151857,170892,ann170892_box_n10_t1,box,0.1,1,0.7123261996820747,0.5054352000006475,45.886800500011304,0.9154577255249023,ok,,2026,results/masks/sam_vit_b/ann170892_box_n10_t1.png,cpu,2026-10-05T07:08:00.578344+00:00
sam_vit_b:ann170892_box_n10_t2,setup3,sam_vit_b,151857,170892,ann170892_box_n10_t2,box,0.1,2,0.7949749226849552,0.3666716000007,45.886800500011304,0.9149656295776367,ok,,2026,results/masks/sam_vit_b/ann170892_box_n10_t2.png,cpu,2026-10-05T07:08:01.618627+00:00
sam_vit_b:ann170892_box_n10_t3,setup3,sam_vit_b,151857,170892,ann170892_box_n10_t3,box,0.1,3,0.25566455696202534,0.4161722999997437,45.886800500011304,0.5722142457962036,ok,,2026,results/masks/sam_vit_b/ann170892_box_n10_t3.png,cpu,2026-10-05T07:08:02.510617+00:00
sam_vit_b:ann170892_box_n20_t1,setup3,sam_vit_b,151857,170892,ann170892_box_n20_t1,box,0.2,1,0.0024165962298829708,0.341530400008196,45.886800500011304,0.9408892393112183,ok,,2026,results/masks/sam_vit_b/ann170892_box_n20_t1.png,cpu,2026-10-05T07:08:03.460557+00:00
sam_vit_b:ann170892_box_n20_t2,setup3,sam_vit_b,151857,170892,ann170892_box_n20_t2,box,0.2,2,0.0017591938823135194,0.6509512000193354,45.886800500011304,0.8568660020828247,ok,,2026,results/masks/sam_vit_b/ann170892_box_n20_t2.png,cpu,2026-10-05T07:08:04.376637+00:00
sam_vit_b:ann170892_box_n20_t3,setup3,sam_vit_b,151857,170892,ann170892_box_n20_t3,box,0.2,3,0.0,0.3922469000099227,45.886800500011304,0.952156662940979,ok,,2026,results/masks/sam_vit_b/ann170892_box_n20_t3.png,cpu,2026-10-05T07:08:05.652086+00:00
sam_vit_b:ann170892_point_n00_t0,"setup1,setup2",sam_vit_b,151857,170892,ann170892_point_n00_t0,point,0.0,0,0.24514870794734275,0.6063812999927904,45.886800500011304,0.5246779322624207,ok,,2026,results/masks/sam_vit_b/ann170892_point_n00_t0.png,cpu,2026-10-05T07:07:58.842776+00:00
sam_vit_b:ann170892_point_n10_t1,setup3,sam_vit_b,151857,170892,ann170892_point_n10_t1,point,0.1,1,0.09160572078660816,0.5843438000010792,45.886800500011304,0.5719621181488037,ok,,2026,results/masks/sam_vit_b/ann170892_point_n10_t1.png,cpu,2026-10-05T07:07:59.959776+00:00
sam_vit_b:ann170892_point_n10_t2,setup3,sam_vit_b,151857,170892,ann170892_point_n10_t2,point,0.1,2,0.8855311714055143,0.4546285000105854,45.886800500011304,0.8006694316864014,ok,,2026,results/masks/sam_vit_b/ann170892_point_n10_t2.png,cpu,2026-10-05T07:08:01.129536+00:00
sam_vit_b:ann170892_point_n10_t3,setup3,sam_vit_b,151857,170892,ann170892_point_n10_t3,point,0.1,3,0.5266067109300173,0.4530189000070095,45.886800500011304,0.7934703230857849,ok,,2026,results/masks/sam_vit_b/ann170892_point_n10_t3.png,cpu,2026-10-05T07:08:02.023635+00:00
sam_vit_b:ann170892_point_n20_t1,setup3,sam_vit_b,151857,170892,ann170892_point_n20_t1,point,0.2,1,0.025572891272549976,0.4653600000019651,45.886800500011304,0.9577847719192505,ok,,2026,results/masks/sam_vit_b/ann170892_point_n20_t1.png,cpu,2026-10-05T07:08:02.963337+00:00
sam_vit_b:ann170892_point_n20_t2,setup3,sam_vit_b,151857,170892,ann170892_point_n20_t2,point,0.2,2,0.011555338859093125,0.49148820000118576,45.886800500011304,0.871856689453125,ok,,2026,results/masks/sam_vit_b/ann170892_point_n20_t2.png,cpu,2026-10-05T07:08:03.838140+00:00
sam_vit_b:ann170892_point_n20_t3,setup3,sam_vit_b,151857,170892,ann170892_point_n20_t3,point,0.2,3,0.1820981634974809,0.5610643000109121,45.886800500011304,0.7436511516571045,ok,,2026,results/masks/sam_vit_b/ann170892_point_n20_t3.png,cpu,2026-10-05T07:08:05.063350+00:00
sam_vit_b:ann1727101_box_n00_t0,"setup1,setup2",sam_vit_b,465822,1727101,ann1727101_box_n00_t0,box,0.0,0,0.7654901960784314,0.16410359999281354,23.34362329999567,0.9382045269012451,ok,,2026,results/masks/sam_vit_b/ann1727101_box_n00_t0.png,cpu,2026-10-05T07:22:09.283245+00:00
sam_vit_b:ann1727101_box_n10_t1,setup3,sam_vit_b,465822,1727101,ann1727101_box_n10_t1,box,0.1,1,0.6458003169572107,0.17050790000939742,23.34362329999567,0.9335331916809082,ok,,2026,results/masks/sam_vit_b/ann1727101_box_n10_t1.png,cpu,2026-10-05T07:22:09.661031+00:00
sam_vit_b:ann1727101_box_n10_t2,setup3,sam_vit_b,465822,1727101,ann1727101_box_n10_t2,box,0.1,2,0.7304116865869854,0.16711720000603236,23.34362329999567,0.8917193412780762,ok,,2026,results/masks/sam_vit_b/ann1727101_box_n10_t2.png,cpu,2026-10-05T07:22:10.040868+00:00
sam_vit_b:ann1727101_box_n10_t3,setup3,sam_vit_b,465822,1727101,ann1727101_box_n10_t3,box,0.1,3,0.6215360253365004,0.1571410000033211,23.34362329999567,0.9235836267471313,ok,,2026,results/masks/sam_vit_b/ann1727101_box_n10_t3.png,cpu,2026-10-05T07:22:10.617592+00:00
sam_vit_b:ann1727101_box_n20_t1,setup3,sam_vit_b,465822,1727101,ann1727101_box_n20_t1,box,0.2,1,0.5914826498422713,0.15859969999291934,23.34362329999567,0.8686412572860718,ok,,2026,results/masks/sam_vit_b/ann1727101_box_n20_t1.png,cpu,2026-10-05T07:22:11.016335+00:00
sam_vit_b:ann1727101_box_n20_t2,setup3,sam_vit_b,465822,1727101,ann1727101_box_n20_t2,box,0.2,2,0.44481382978723405,0.21289780002553016,23.34362329999567,0.7752282619476318,ok,,2026,results/masks/sam_vit_b/ann1727101_box_n20_t2.png,cpu,2026-10-05T07:22:11.478829+00:00
sam_vit_b:ann1727101_box_n20_t3,setup3,sam_vit_b,465822,1727101,ann1727101_box_n20_t3,box,0.2,3,0.5789056304520223,0.28764580001006834,23.34362329999567,0.8777785301208496,ok,,2026,results/masks/sam_vit_b/ann1727101_box_n20_t3.png,cpu,2026-10-05T07:22:11.997778+00:00
sam_vit_b:ann1727101_point_n00_t0,"setup1,setup2",sam_vit_b,465822,1727101,ann1727101_point_n00_t0,point,0.0,0,0.35730858468677495,0.1657714000029955,23.34362329999567,0.45316943526268005,ok,,2026,results/masks/sam_vit_b/ann1727101_point_n00_t0.png,cpu,2026-10-05T07:22:09.053628+00:00
sam_vit_b:ann1727101_point_n10_t1,setup3,sam_vit_b,465822,1727101,ann1727101_point_n10_t1,point,0.1,1,0.166532582461786,0.15910010001971386,23.34362329999567,0.8473830819129944,ok,,2026,results/masks/sam_vit_b/ann1727101_point_n10_t1.png,cpu,2026-10-05T07:22:09.475429+00:00
sam_vit_b:ann1727101_point_n10_t2,setup3,sam_vit_b,465822,1727101,ann1727101_point_n10_t2,point,0.1,2,0.4128289473684211,0.1571925000171177,23.34362329999567,0.8264402747154236,ok,,2026,results/masks/sam_vit_b/ann1727101_point_n10_t2.png,cpu,2026-10-05T07:22:09.858243+00:00
sam_vit_b:ann1727101_point_n10_t3,setup3,sam_vit_b,465822,1727101,ann1727101_point_n10_t3,point,0.1,3,0.27773343974461295,0.3633624000067357,23.34362329999567,0.5832380056381226,ok,,2026,results/masks/sam_vit_b/ann1727101_point_n10_t3.png,cpu,2026-10-05T07:22:10.232275+00:00
sam_vit_b:ann1727101_point_n20_t1,setup3,sam_vit_b,465822,1727101,ann1727101_point_n20_t1,point,0.2,1,0.0840064620355412,0.15714870000374503,23.34362329999567,0.8301781415939331,ok,,2026,results/masks/sam_vit_b/ann1727101_point_n20_t1.png,cpu,2026-10-05T07:22:10.798760+00:00
sam_vit_b:ann1727101_point_n20_t2,setup3,sam_vit_b,465822,1727101,ann1727101_point_n20_t2,point,0.2,2,0.41036184210526316,0.23729520000051707,23.34362329999567,0.8389276266098022,ok,,2026,results/masks/sam_vit_b/ann1727101_point_n20_t2.png,cpu,2026-10-05T07:22:11.212306+00:00
sam_vit_b:ann1727101_point_n20_t3,setup3,sam_vit_b,465822,1727101,ann1727101_point_n20_t3,point,0.2,3,0.08319870759289176,0.23683380000875331,23.34362329999567,0.8638229966163635,ok,,2026,results/masks/sam_vit_b/ann1727101_point_n20_t3.png,cpu,2026-10-05T07:22:11.728789+00:00
sam_vit_b:ann173475_box_n00_t0,"setup1,setup2",sam_vit_b,519338,173475,ann173475_box_n00_t0,box,0.0,0,0.8833832571338484,0.17248649999964982,21.851047000003746,0.9890092611312866,ok,,2026,results/masks/sam_vit_b/ann173475_box_n00_t0.png,cpu,2026-10-05T07:23:25.953268+00:00
sam_vit_b:ann173475_box_n10_t1,setup3,sam_vit_b,519338,173475,ann173475_box_n10_t1,box,0.1,1,0.856973917613823,0.168059199990239,21.851047000003746,0.9680823087692261,ok,,2026,results/masks/sam_vit_b/ann173475_box_n10_t1.png,cpu,2026-10-05T07:23:26.370281+00:00
sam_vit_b:ann173475_box_n10_t2,setup3,sam_vit_b,519338,173475,ann173475_box_n10_t2,box,0.1,2,0.8872347165030092,0.18205410000518896,21.851047000003746,0.9882957935333252,ok,,2026,results/masks/sam_vit_b/ann173475_box_n10_t2.png,cpu,2026-10-05T07:23:26.773721+00:00
sam_vit_b:ann173475_box_n10_t3,setup3,sam_vit_b,519338,173475,ann173475_box_n10_t3,box,0.1,3,0.8310635017505541,0.1905572000250686,21.851047000003746,0.9386877417564392,ok,,2026,results/masks/sam_vit_b/ann173475_box_n10_t3.png,cpu,2026-10-05T07:23:27.204998+00:00
sam_vit_b:ann173475_box_n20_t1,setup3,sam_vit_b,519338,173475,ann173475_box_n20_t1,box,0.2,1,0.7254962407302745,0.18198470000061207,21.851047000003746,0.9377793669700623,ok,,2026,results/masks/sam_vit_b/ann173475_box_n20_t1.png,cpu,2026-10-05T07:23:27.640033+00:00
sam_vit_b:ann173475_box_n20_t2,setup3,sam_vit_b,519338,173475,ann173475_box_n20_t2,box,0.2,2,0.8132175045406258,0.3424451000173576,21.851047000003746,0.8745518922805786,ok,,2026,results/masks/sam_vit_b/ann173475_box_n20_t2.png,cpu,2026-10-05T07:23:28.135715+00:00
sam_vit_b:ann173475_box_n20_t3,setup3,sam_vit_b,519338,173475,ann173475_box_n20_t3,box,0.2,3,0.5704247998199183,0.38185520001570694,21.851047000003746,0.7579908967018127,ok,,2026,results/masks/sam_vit_b/ann173475_box_n20_t3.png,cpu,2026-10-05T07:23:28.851476+00:00
sam_vit_b:ann173475_point_n00_t0,"setup1,setup2",sam_vit_b,519338,173475,ann173475_point_n00_t0,point,0.0,0,0.0071733296635243925,0.17205369999282993,21.851047000003746,0.7786790132522583,ok,,2026,results/masks/sam_vit_b/ann173475_point_n00_t0.png,cpu,2026-10-05T07:23:25.749796+00:00
sam_vit_b:ann173475_point_n10_t1,setup3,sam_vit_b,519338,173475,ann173475_point_n10_t1,point,0.1,1,0.20513658570150692,0.18140920001314953,21.851047000003746,0.7102649807929993,ok,,2026,results/masks/sam_vit_b/ann173475_point_n10_t1.png,cpu,2026-10-05T07:23:26.156199+00:00
sam_vit_b:ann173475_point_n10_t2,setup3,sam_vit_b,519338,173475,ann173475_point_n10_t2,point,0.1,2,0.0030964012936076516,0.17791810000198893,21.851047000003746,0.8351037502288818,ok,,2026,results/masks/sam_vit_b/ann173475_point_n10_t2.png,cpu,2026-10-05T07:23:26.568492+00:00
sam_vit_b:ann173475_point_n10_t3,setup3,sam_vit_b,519338,173475,ann173475_point_n10_t3,point,0.1,3,0.003543659258239868,0.18860660001519136,21.851047000003746,0.9049797654151917,ok,,2026,results/masks/sam_vit_b/ann173475_point_n10_t3.png,cpu,2026-10-05T07:23:26.989208+00:00
sam_vit_b:ann173475_point_n20_t1,setup3,sam_vit_b,519338,173475,ann173475_point_n20_t1,point,0.2,1,0.017959127502924378,0.18418360000941902,21.851047000003746,0.8494689464569092,ok,,2026,results/masks/sam_vit_b/ann173475_point_n20_t1.png,cpu,2026-10-05T07:23:27.427013+00:00
sam_vit_b:ann173475_point_n20_t2,setup3,sam_vit_b,519338,173475,ann173475_point_n20_t2,point,0.2,2,0.024048716713686094,0.2359334999928251,21.851047000003746,0.9714806079864502,ok,,2026,results/masks/sam_vit_b/ann173475_point_n20_t2.png,cpu,2026-10-05T07:23:27.852114+00:00
sam_vit_b:ann173475_point_n20_t3,setup3,sam_vit_b,519338,173475,ann173475_point_n20_t3,point,0.2,3,0.0337507741003234,0.3023191000102088,21.851047000003746,0.8779324293136597,ok,,2026,results/masks/sam_vit_b/ann173475_point_n20_t3.png,cpu,2026-10-05T07:23:28.519928+00:00
sam_vit_b:ann174678_box_n00_t0,"setup1,setup2",sam_vit_b,217400,174678,ann174678_box_n00_t0,box,0.0,0,0.9184226267733598,0.18498449999606237,31.639410300005693,0.9968867301940918,ok,,2026,results/masks/sam_vit_b/ann174678_box_n00_t0.png,cpu,2026-10-05T07:09:56.876154+00:00
sam_vit_b:ann174678_box_n10_t1,setup3,sam_vit_b,217400,174678,ann174678_box_n10_t1,box,0.1,1,0.8287787555967269,0.20014249999076128,31.639410300005693,0.9108524918556213,ok,,2026,results/masks/sam_vit_b/ann174678_box_n10_t1.png,cpu,2026-10-05T07:09:57.319351+00:00
sam_vit_b:ann174678_box_n10_t2,setup3,sam_vit_b,217400,174678,ann174678_box_n10_t2,box,0.1,2,0.7400884053043183,0.2523560000117868,31.639410300005693,0.9862538576126099,ok,,2026,results/masks/sam_vit_b/ann174678_box_n10_t2.png,cpu,2026-10-05T07:09:57.767806+00:00
sam_vit_b:ann174678_box_n10_t3,setup3,sam_vit_b,217400,174678,ann174678_box_n10_t3,box,0.1,3,0.7586917656956568,0.21467839999240823,31.639410300005693,0.9140909910202026,ok,,2026,results/masks/sam_vit_b/ann174678_box_n10_t3.png,cpu,2026-10-05T07:09:58.287064+00:00
sam_vit_b:ann174678_box_n20_t1,setup3,sam_vit_b,217400,174678,ann174678_box_n20_t1,box,0.2,1,0.020040007274049827,0.21306080001522787,31.639410300005693,0.7249091863632202,ok,,2026,results/masks/sam_vit_b/ann174678_box_n20_t1.png,cpu,2026-10-05T07:09:58.735571+00:00
sam_vit_b:ann174678_box_n20_t2,setup3,sam_vit_b,217400,174678,ann174678_box_n20_t2,box,0.2,2,0.6143252250005667,0.1919793999986723,31.639410300005693,0.9042673110961914,ok,,2026,results/masks/sam_vit_b/ann174678_box_n20_t2.png,cpu,2026-10-05T07:09:59.174125+00:00
sam_vit_b:ann174678_box_n20_t3,setup3,sam_vit_b,217400,174678,ann174678_box_n20_t3,box,0.2,3,0.014323154751020906,0.21388429999933578,31.639410300005693,0.8354940414428711,ok,,2026,results/masks/sam_vit_b/ann174678_box_n20_t3.png,cpu,2026-10-05T07:09:59.609868+00:00
sam_vit_b:ann174678_point_n00_t0,"setup1,setup2",sam_vit_b,217400,174678,ann174678_point_n00_t0,point,0.0,0,0.004840062569427127,0.3713238000054844,31.639410300005693,0.8589404821395874,ok,,2026,results/masks/sam_vit_b/ann174678_point_n00_t0.png,cpu,2026-10-05T07:09:56.472558+00:00
sam_vit_b:ann174678_point_n10_t1,setup3,sam_vit_b,217400,174678,ann174678_point_n10_t1,point,0.1,1,0.03619155568149617,0.21926089999033138,31.639410300005693,0.7802673578262329,ok,,2026,results/masks/sam_vit_b/ann174678_point_n10_t1.png,cpu,2026-10-05T07:09:57.081139+00:00
sam_vit_b:ann174678_point_n10_t2,setup3,sam_vit_b,217400,174678,ann174678_point_n10_t2,point,0.1,2,0.04028473623359253,0.20742819999577478,31.639410300005693,0.8101118803024292,ok,,2026,results/masks/sam_vit_b/ann174678_point_n10_t2.png,cpu,2026-10-05T07:09:57.541470+00:00
sam_vit_b:ann174678_point_n10_t3,setup3,sam_vit_b,217400,174678,ann174678_point_n10_t3,point,0.1,3,0.03667936162495466,0.2216132000030484,31.639410300005693,0.7934820652008057,ok,,2026,results/masks/sam_vit_b/ann174678_point_n10_t3.png,cpu,2026-10-05T07:09:58.044770+00:00
sam_vit_b:ann174678_point_n20_t1,setup3,sam_vit_b,217400,174678,ann174678_point_n20_t1,point,0.2,1,0.09528394865927294,0.19443249999312684,31.639410300005693,0.6919118165969849,ok,,2026,results/masks/sam_vit_b/ann174678_point_n20_t1.png,cpu,2026-10-05T07:09:58.524247+00:00
sam_vit_b:ann174678_point_n20_t2,setup3,sam_vit_b,217400,174678,ann174678_point_n20_t2,point,0.2,2,0.4790951231398683,0.18337030001566745,31.639410300005693,0.44935497641563416,ok,,2026,results/masks/sam_vit_b/ann174678_point_n20_t2.png,cpu,2026-10-05T07:09:58.969815+00:00
sam_vit_b:ann174678_point_n20_t3,setup3,sam_vit_b,217400,174678,ann174678_point_n20_t3,point,0.2,3,0.09925229409765492,0.19753000000491738,31.639410300005693,0.7539500594139099,ok,,2026,results/masks/sam_vit_b/ann174678_point_n20_t3.png,cpu,2026-10-05T07:09:59.390112+00:00
sam_vit_b:ann1798918_box_n00_t0,"setup1,setup2",sam_vit_b,174004,1798918,ann1798918_box_n00_t0,box,0.0,0,0.8027290239726027,0.29853930001263507,36.33028779999586,0.9873340725898743,ok,,2026,results/masks/sam_vit_b/ann1798918_box_n00_t0.png,cpu,2026-10-05T07:08:42.744792+00:00
sam_vit_b:ann1798918_box_n10_t1,setup3,sam_vit_b,174004,1798918,ann1798918_box_n10_t1,box,0.1,1,0.6818842438232026,0.18837170000188053,36.33028779999586,0.9525172710418701,ok,,2026,results/masks/sam_vit_b/ann1798918_box_n10_t1.png,cpu,2026-10-05T07:08:43.412414+00:00
sam_vit_b:ann1798918_box_n10_t2,setup3,sam_vit_b,174004,1798918,ann1798918_box_n10_t2,box,0.1,2,0.707847749385224,0.3396719000011217,36.33028779999586,0.9745602607727051,ok,,2026,results/masks/sam_vit_b/ann1798918_box_n10_t2.png,cpu,2026-10-05T07:08:43.963867+00:00
sam_vit_b:ann1798918_box_n10_t3,setup3,sam_vit_b,174004,1798918,ann1798918_box_n10_t3,box,0.1,3,0.6247853340202645,0.32156209999811836,36.33028779999586,0.9439811706542969,ok,,2026,results/masks/sam_vit_b/ann1798918_box_n10_t3.png,cpu,2026-10-05T07:08:44.692816+00:00
sam_vit_b:ann1798918_box_n20_t1,setup3,sam_vit_b,174004,1798918,ann1798918_box_n20_t1,box,0.2,1,0.22805541652911923,0.19880600000033155,36.33028779999586,0.596717357635498,ok,,2026,results/masks/sam_vit_b/ann1798918_box_n20_t1.png,cpu,2026-10-05T07:08:45.380123+00:00
sam_vit_b:ann1798918_box_n20_t2,setup3,sam_vit_b,174004,1798918,ann1798918_box_n20_t2,box,0.2,2,0.25709397294767083,0.3143489999929443,36.33028779999586,0.8291466236114502,ok,,2026,results/masks/sam_vit_b/ann1798918_box_n20_t2.png,cpu,2026-10-05T07:08:45.917017+00:00
sam_vit_b:ann1798918_box_n20_t3,setup3,sam_vit_b,174004,1798918,ann1798918_box_n20_t3,box,0.2,3,0.1490956879557916,0.3383257999958005,36.33028779999586,0.4618619382381439,ok,,2026,results/masks/sam_vit_b/ann1798918_box_n20_t3.png,cpu,2026-10-05T07:08:46.529200+00:00
sam_vit_b:ann1798918_point_n00_t0,"setup1,setup2",sam_vit_b,174004,1798918,ann1798918_point_n00_t0,point,0.0,0,0.08261586371130243,0.27608549999422394,36.33028779999586,0.8931929469108582,ok,,2026,results/masks/sam_vit_b/ann1798918_point_n00_t0.png,cpu,2026-10-05T07:08:42.442269+00:00
sam_vit_b:ann1798918_point_n10_t1,setup3,sam_vit_b,174004,1798918,ann1798918_point_n10_t1,point,0.1,1,0.010904819887288126,0.31730399999651127,36.33028779999586,0.8642994165420532,ok,,2026,results/masks/sam_vit_b/ann1798918_point_n10_t1.png,cpu,2026-10-05T07:08:43.077217+00:00
sam_vit_b:ann1798918_point_n10_t2,setup3,sam_vit_b,174004,1798918,ann1798918_point_n10_t2,point,0.1,2,0.015236576403780051,0.31468840001616627,36.33028779999586,0.8899850845336914,ok,,2026,results/masks/sam_vit_b/ann1798918_point_n10_t2.png,cpu,2026-10-05T07:08:43.629861+00:00
sam_vit_b:ann1798918_point_n10_t3,setup3,sam_vit_b,174004,1798918,ann1798918_point_n10_t3,point,0.1,3,0.010937146428455977,0.33947059998172335,36.33028779999586,0.8535535335540771,ok,,2026,results/masks/sam_vit_b/ann1798918_point_n10_t3.png,cpu,2026-10-05T07:08:44.327167+00:00
sam_vit_b:ann1798918_point_n20_t1,setup3,sam_vit_b,174004,1798918,ann1798918_point_n20_t1,point,0.2,1,0.07008394125189918,0.3101398999860976,36.33028779999586,0.7969506978988647,ok,,2026,results/masks/sam_vit_b/ann1798918_point_n20_t1.png,cpu,2026-10-05T07:08:45.040613+00:00
sam_vit_b:ann1798918_point_n20_t2,setup3,sam_vit_b,174004,1798918,ann1798918_point_n20_t2,point,0.2,2,0.0007542859605831708,0.29448179999599233,36.33028779999586,0.810814380645752,ok,,2026,results/masks/sam_vit_b/ann1798918_point_n20_t2.png,cpu,2026-10-05T07:08:45.603679+00:00
sam_vit_b:ann1798918_point_n20_t3,setup3,sam_vit_b,174004,1798918,ann1798918_point_n20_t3,point,0.2,3,0.006916910877434925,0.2546911000099499,36.33028779999586,0.7905309200286865,ok,,2026,results/masks/sam_vit_b/ann1798918_point_n20_t3.png,cpu,2026-10-05T07:08:46.257691+00:00
sam_vit_b:ann1825525_box_n00_t0,"setup1,setup2",sam_vit_b,94944,1825525,ann1825525_box_n00_t0,box,0.0,0,0.1639878872583275,0.4597426000109408,42.691494700004114,0.5624693632125854,ok,,2026,results/masks/sam_vit_b/ann1825525_box_n00_t0.png,cpu,2026-10-05T07:00:51.217394+00:00
sam_vit_b:ann1825525_box_n10_t1,setup3,sam_vit_b,94944,1825525,ann1825525_box_n10_t1,box,0.1,1,0.04195804195804196,0.29175340000074357,42.691494700004114,0.5745874047279358,ok,,2026,results/masks/sam_vit_b/ann1825525_box_n10_t1.png,cpu,2026-10-05T07:00:51.960306+00:00
sam_vit_b:ann1825525_box_n10_t2,setup3,sam_vit_b,94944,1825525,ann1825525_box_n10_t2,box,0.1,2,0.13111111111111112,0.406872999999905,42.691494700004114,0.548233151435852,ok,,2026,results/masks/sam_vit_b/ann1825525_box_n10_t2.png,cpu,2026-10-05T07:00:52.671531+00:00
sam_vit_b:ann1825525_box_n10_t3,setup3,sam_vit_b,94944,1825525,ann1825525_box_n10_t3,box,0.1,3,0.055618188650883124,0.24759059998905286,42.691494700004114,0.6155880689620972,ok,,2026,results/masks/sam_vit_b/ann1825525_box_n10_t3.png,cpu,2026-10-05T07:00:53.375643+00:00
sam_vit_b:ann1825525_box_n20_t1,setup3,sam_vit_b,94944,1825525,ann1825525_box_n20_t1,box,0.2,1,0.032397408207343416,0.25832329998956993,42.691494700004114,0.3757636249065399,ok,,2026,results/masks/sam_vit_b/ann1825525_box_n20_t1.png,cpu,2026-10-05T07:00:53.936080+00:00
sam_vit_b:ann1825525_box_n20_t2,setup3,sam_vit_b,94944,1825525,ann1825525_box_n20_t2,box,0.2,2,0.15085771947527749,0.28839280002284795,42.691494700004114,0.6304748058319092,ok,,2026,results/masks/sam_vit_b/ann1825525_box_n20_t2.png,cpu,2026-10-05T07:00:54.572585+00:00
sam_vit_b:ann1825525_box_n20_t3,setup3,sam_vit_b,94944,1825525,ann1825525_box_n20_t3,box,0.2,3,0.059674502712477394,0.32734280001022853,42.691494700004114,0.5791177153587341,ok,,2026,results/masks/sam_vit_b/ann1825525_box_n20_t3.png,cpu,2026-10-05T07:00:55.207963+00:00
sam_vit_b:ann1825525_point_n00_t0,"setup1,setup2",sam_vit_b,94944,1825525,ann1825525_point_n00_t0,point,0.0,0,0.206645056726094,0.5989197999879252,42.691494700004114,0.7477800846099854,ok,,2026,results/masks/sam_vit_b/ann1825525_point_n00_t0.png,cpu,2026-10-05T07:00:50.585901+00:00
sam_vit_b:ann1825525_point_n10_t1,setup3,sam_vit_b,94944,1825525,ann1825525_point_n10_t1,point,0.1,1,0.0008071025020177562,0.24543919999268837,42.691494700004114,0.36607444286346436,ok,,2026,results/masks/sam_vit_b/ann1825525_point_n10_t1.png,cpu,2026-10-05T07:00:51.697413+00:00
sam_vit_b:ann1825525_point_n10_t2,setup3,sam_vit_b,94944,1825525,ann1825525_point_n10_t2,point,0.1,2,0.20853080568720378,0.3723868999804836,42.691494700004114,0.6895516514778137,ok,,2026,results/masks/sam_vit_b/ann1825525_point_n10_t2.png,cpu,2026-10-05T07:00:52.276707+00:00
sam_vit_b:ann1825525_point_n10_t3,setup3,sam_vit_b,94944,1825525,ann1825525_point_n10_t3,point,0.1,3,0.20697858842188738,0.255139600019902,42.691494700004114,0.7174015641212463,ok,,2026,results/masks/sam_vit_b/ann1825525_point_n10_t3.png,cpu,2026-10-05T07:00:53.099247+00:00
sam_vit_b:ann1825525_point_n20_t1,setup3,sam_vit_b,94944,1825525,ann1825525_point_n20_t1,point,0.2,1,0.00014602270653086554,0.27208799999789335,42.691494700004114,0.7581460475921631,ok,,2026,results/masks/sam_vit_b/ann1825525_point_n20_t1.png,cpu,2026-10-05T07:00:53.642715+00:00
sam_vit_b:ann1825525_point_n20_t2,setup3,sam_vit_b,94944,1825525,ann1825525_point_n20_t2,point,0.2,2,0.0,0.32810879999306053,42.691494700004114,0.8325803279876709,ok,,2026,results/masks/sam_vit_b/ann1825525_point_n20_t2.png,cpu,2026-10-05T07:00:54.220023+00:00
sam_vit_b:ann1825525_point_n20_t3,setup3,sam_vit_b,94944,1825525,ann1825525_point_n20_t3,point,0.2,3,0.0,0.27160980002372526,42.691494700004114,0.6554151177406311,ok,,2026,results/masks/sam_vit_b/ann1825525_point_n20_t3.png,cpu,2026-10-05T07:00:54.914187+00:00
sam_vit_b:ann1880859_box_n00_t0,"setup1,setup2",sam_vit_b,144798,1880859,ann1880859_box_n00_t0,box,0.0,0,0.9389421370252041,0.36936769998283125,40.095950499991886,0.9759993553161621,ok,,2026,results/masks/sam_vit_b/ann1880859_box_n00_t0.png,cpu,2026-10-05T07:07:08.236591+00:00
sam_vit_b:ann1880859_box_n10_t1,setup3,sam_vit_b,144798,1880859,ann1880859_box_n10_t1,box,0.1,1,0.939297124600639,0.3211620999791194,40.095950499991886,0.9690814018249512,ok,,2026,results/masks/sam_vit_b/ann1880859_box_n10_t1.png,cpu,2026-10-05T07:07:09.123951+00:00
sam_vit_b:ann1880859_box_n10_t2,setup3,sam_vit_b,144798,1880859,ann1880859_box_n10_t2,box,0.1,2,0.9367897727272727,0.28251399999135174,40.095950499991886,0.9734203815460205,ok,,2026,results/masks/sam_vit_b/ann1880859_box_n10_t2.png,cpu,2026-10-05T07:07:09.991998+00:00
sam_vit_b:ann1880859_box_n10_t3,setup3,sam_vit_b,144798,1880859,ann1880859_box_n10_t3,box,0.1,3,0.9373888295980078,0.24964920000638813,40.095950499991886,0.9747129678726196,ok,,2026,results/masks/sam_vit_b/ann1880859_box_n10_t3.png,cpu,2026-10-05T07:07:10.573273+00:00
sam_vit_b:ann1880859_box_n20_t1,setup3,sam_vit_b,144798,1880859,ann1880859_box_n20_t1,box,0.2,1,0.4725196288365453,0.2589948999811895,40.095950499991886,0.9284521341323853,ok,,2026,results/masks/sam_vit_b/ann1880859_box_n20_t1.png,cpu,2026-10-05T07:07:11.143708+00:00
sam_vit_b:ann1880859_box_n20_t2,setup3,sam_vit_b,144798,1880859,ann1880859_box_n20_t2,box,0.2,2,0.4768188302425107,0.30655820001265965,40.095950499991886,0.9081079959869385,ok,,2026,results/masks/sam_vit_b/ann1880859_box_n20_t2.png,cpu,2026-10-05T07:07:11.709388+00:00
sam_vit_b:ann1880859_box_n20_t3,setup3,sam_vit_b,144798,1880859,ann1880859_box_n20_t3,box,0.2,3,0.7229174115123347,0.3819290999963414,40.095950499991886,0.857236385345459,ok,,2026,results/masks/sam_vit_b/ann1880859_box_n20_t3.png,cpu,2026-10-05T07:07:12.511518+00:00
sam_vit_b:ann1880859_point_n00_t0,"setup1,setup2",sam_vit_b,144798,1880859,ann1880859_point_n00_t0,point,0.0,0,0.4931899641577061,0.4524849000154063,40.095950499991886,0.7452313899993896,ok,,2026,results/masks/sam_vit_b/ann1880859_point_n00_t0.png,cpu,2026-10-05T07:07:07.704137+00:00
sam_vit_b:ann1880859_point_n10_t1,setup3,sam_vit_b,144798,1880859,ann1880859_point_n10_t1,point,0.1,1,0.5306923625981442,0.438843200012343,40.095950499991886,0.7440435290336609,ok,,2026,results/masks/sam_vit_b/ann1880859_point_n10_t1.png,cpu,2026-10-05T07:07:08.633943+00:00
sam_vit_b:ann1880859_point_n10_t2,setup3,sam_vit_b,144798,1880859,ann1880859_point_n10_t2,point,0.1,2,0.7469664525339044,0.49584809999214485,40.095950499991886,0.745613694190979,ok,,2026,results/masks/sam_vit_b/ann1880859_point_n10_t2.png,cpu,2026-10-05T07:07:09.474309+00:00
sam_vit_b:ann1880859_point_n10_t3,setup3,sam_vit_b,144798,1880859,ann1880859_point_n10_t3,point,0.1,3,0.26642728904847396,0.2548203000042122,40.095950499991886,0.5219401121139526,ok,,2026,results/masks/sam_vit_b/ann1880859_point_n10_t3.png,cpu,2026-10-05T07:07:10.299621+00:00
sam_vit_b:ann1880859_point_n20_t1,setup3,sam_vit_b,144798,1880859,ann1880859_point_n20_t1,point,0.2,1,0.4594208080085806,0.277942200016696,40.095950499991886,0.8129149675369263,ok,,2026,results/masks/sam_vit_b/ann1880859_point_n20_t1.png,cpu,2026-10-05T07:07:10.844781+00:00
sam_vit_b:ann1880859_point_n20_t2,setup3,sam_vit_b,144798,1880859,ann1880859_point_n20_t2,point,0.2,2,0.4628305932809149,0.26527299999725074,40.095950499991886,0.8025318384170532,ok,,2026,results/masks/sam_vit_b/ann1880859_point_n20_t2.png,cpu,2026-10-05T07:07:11.423026+00:00
sam_vit_b:ann1880859_point_n20_t3,setup3,sam_vit_b,144798,1880859,ann1880859_point_n20_t3,point,0.2,3,0.4687724335965542,0.4373438000038732,40.095950499991886,0.6775882244110107,ok,,2026,results/masks/sam_vit_b/ann1880859_point_n20_t3.png,cpu,2026-10-05T07:07:12.041699+00:00
sam_vit_b:ann1902534_box_n00_t0,"setup1,setup2",sam_vit_b,465806,1902534,ann1902534_box_n00_t0,box,0.0,0,0.9163815657073858,0.18720249997568317,20.80872320002527,0.9913932085037231,ok,,2026,results/masks/sam_vit_b/ann1902534_box_n00_t0.png,cpu,2026-10-05T07:21:42.511192+00:00
sam_vit_b:ann1902534_box_n10_t1,setup3,sam_vit_b,465806,1902534,ann1902534_box_n10_t1,box,0.1,1,0.9095857272452373,0.18125399999553338,20.80872320002527,0.9639785289764404,ok,,2026,results/masks/sam_vit_b/ann1902534_box_n10_t1.png,cpu,2026-10-05T07:21:42.947598+00:00
sam_vit_b:ann1902534_box_n10_t2,setup3,sam_vit_b,465806,1902534,ann1902534_box_n10_t2,box,0.1,2,0.3974946532233425,0.19809340001665987,20.80872320002527,0.4073072671890259,ok,,2026,results/masks/sam_vit_b/ann1902534_box_n10_t2.png,cpu,2026-10-05T07:21:43.373215+00:00
sam_vit_b:ann1902534_box_n10_t3,setup3,sam_vit_b,465806,1902534,ann1902534_box_n10_t3,box,0.1,3,0.9063288583829615,0.2862328999908641,20.80872320002527,0.9611303806304932,ok,,2026,results/masks/sam_vit_b/ann1902534_box_n10_t3.png,cpu,2026-10-05T07:21:43.854606+00:00
sam_vit_b:ann1902534_box_n20_t1,setup3,sam_vit_b,465806,1902534,ann1902534_box_n20_t1,box,0.2,1,0.30701129541060346,0.2512381999986246,20.80872320002527,0.6147465705871582,ok,,2026,results/masks/sam_vit_b/ann1902534_box_n20_t1.png,cpu,2026-10-05T07:21:44.482889+00:00
sam_vit_b:ann1902534_box_n20_t2,setup3,sam_vit_b,465806,1902534,ann1902534_box_n20_t2,box,0.2,2,0.008008767492834261,0.1687062999990303,20.80872320002527,0.8516076803207397,ok,,2026,results/masks/sam_vit_b/ann1902534_box_n20_t2.png,cpu,2026-10-05T07:21:45.029570+00:00
sam_vit_b:ann1902534_box_n20_t3,setup3,sam_vit_b,465806,1902534,ann1902534_box_n20_t3,box,0.2,3,0.3968076453843026,0.17369320002035238,20.80872320002527,0.8545005321502686,ok,,2026,results/masks/sam_vit_b/ann1902534_box_n20_t3.png,cpu,2026-10-05T07:21:45.460754+00:00
sam_vit_b:ann1902534_point_n00_t0,"setup1,setup2",sam_vit_b,465806,1902534,ann1902534_point_n00_t0,point,0.0,0,0.9163650985122638,0.19107339999754913,20.80872320002527,0.9025712013244629,ok,,2026,results/masks/sam_vit_b/ann1902534_point_n00_t0.png,cpu,2026-10-05T07:21:42.289039+00:00
sam_vit_b:ann1902534_point_n10_t1,setup3,sam_vit_b,465806,1902534,ann1902534_point_n10_t1,point,0.1,1,0.151034200286709,0.1832218999916222,20.80872320002527,0.6019930243492126,ok,,2026,results/masks/sam_vit_b/ann1902534_point_n10_t1.png,cpu,2026-10-05T07:21:42.730483+00:00
sam_vit_b:ann1902534_point_n10_t2,setup3,sam_vit_b,465806,1902534,ann1902534_point_n10_t2,point,0.1,2,0.1667520229437673,0.18170699998154305,20.80872320002527,0.8566521406173706,ok,,2026,results/masks/sam_vit_b/ann1902534_point_n10_t2.png,cpu,2026-10-05T07:21:43.159845+00:00
sam_vit_b:ann1902534_point_n10_t3,setup3,sam_vit_b,465806,1902534,ann1902534_point_n10_t3,point,0.1,3,0.9190873454618554,0.21030539998901077,20.80872320002527,0.954855740070343,ok,,2026,results/masks/sam_vit_b/ann1902534_point_n10_t3.png,cpu,2026-10-05T07:21:43.605646+00:00
sam_vit_b:ann1902534_point_n20_t1,setup3,sam_vit_b,465806,1902534,ann1902534_point_n20_t1,point,0.2,1,0.06340264263033904,0.27216459999908693,20.80872320002527,0.6685777306556702,ok,,2026,results/masks/sam_vit_b/ann1902534_point_n20_t1.png,cpu,2026-10-05T07:21:44.173888+00:00
sam_vit_b:ann1902534_point_n20_t2,setup3,sam_vit_b,465806,1902534,ann1902534_point_n20_t2,point,0.2,2,0.16572774761855988,0.19506130000809208,20.80872320002527,0.8477420806884766,ok,,2026,results/masks/sam_vit_b/ann1902534_point_n20_t2.png,cpu,2026-10-05T07:21:44.809069+00:00
sam_vit_b:ann1902534_point_n20_t3,setup3,sam_vit_b,465806,1902534,ann1902534_point_n20_t3,point,0.2,3,0.0845027143296118,0.16908419999526814,20.80872320002527,0.9601563215255737,ok,,2026,results/masks/sam_vit_b/ann1902534_point_n20_t3.png,cpu,2026-10-05T07:21:45.262214+00:00
sam_vit_b:ann206430_box_n00_t0,"setup1,setup2",sam_vit_b,455085,206430,ann206430_box_n00_t0,box,0.0,0,0.8457963667089142,0.17071850001229905,23.029728499997873,0.9552748799324036,ok,,2026,results/masks/sam_vit_b/ann206430_box_n00_t0.png,cpu,2026-10-05T07:20:53.108382+00:00
sam_vit_b:ann206430_box_n10_t1,setup3,sam_vit_b,455085,206430,ann206430_box_n10_t1,box,0.1,1,0.7851851851851852,0.1716327000176534,23.029728499997873,0.9532701969146729,ok,,2026,results/masks/sam_vit_b/ann206430_box_n10_t1.png,cpu,2026-10-05T07:20:53.513559+00:00
sam_vit_b:ann206430_box_n10_t2,setup3,sam_vit_b,455085,206430,ann206430_box_n10_t2,box,0.1,2,0.8023538961038961,0.18547200001194142,23.029728499997873,0.9538350105285645,ok,,2026,results/masks/sam_vit_b/ann206430_box_n10_t2.png,cpu,2026-10-05T07:20:53.905803+00:00
sam_vit_b:ann206430_box_n10_t3,setup3,sam_vit_b,455085,206430,ann206430_box_n10_t3,box,0.1,3,0.8367525098210389,0.1882986999989953,23.029728499997873,0.9330376386642456,ok,,2026,results/masks/sam_vit_b/ann206430_box_n10_t3.png,cpu,2026-10-05T07:20:54.365157+00:00
sam_vit_b:ann206430_box_n20_t1,setup3,sam_vit_b,455085,206430,ann206430_box_n20_t1,box,0.2,1,0.7465677179962894,0.17725169999175705,23.029728499997873,0.9129308462142944,ok,,2026,results/masks/sam_vit_b/ann206430_box_n20_t1.png,cpu,2026-10-05T07:20:54.758858+00:00
sam_vit_b:ann206430_box_n20_t2,setup3,sam_vit_b,455085,206430,ann206430_box_n20_t2,box,0.2,2,0.6487704918032787,0.173124299995834,23.029728499997873,0.918498158454895,ok,,2026,results/masks/sam_vit_b/ann206430_box_n20_t2.png,cpu,2026-10-05T07:20:55.188713+00:00
sam_vit_b:ann206430_box_n20_t3,setup3,sam_vit_b,455085,206430,ann206430_box_n20_t3,box,0.2,3,0.7399756986634265,0.16161640000063926,23.029728499997873,0.8647936582565308,ok,,2026,results/masks/sam_vit_b/ann206430_box_n20_t3.png,cpu,2026-10-05T07:20:55.647643+00:00
sam_vit_b:ann206430_point_n00_t0,"setup1,setup2",sam_vit_b,455085,206430,ann206430_point_n00_t0,point,0.0,0,0.18532455315145813,0.1919386000081431,23.029728499997873,0.6264841556549072,ok,,2026,results/masks/sam_vit_b/ann206430_point_n00_t0.png,cpu,2026-10-05T07:20:52.853102+00:00
sam_vit_b:ann206430_point_n10_t1,setup3,sam_vit_b,455085,206430,ann206430_point_n10_t1,point,0.1,1,0.18203682202687013,0.1805772999941837,23.029728499997873,0.6756466627120972,ok,,2026,results/masks/sam_vit_b/ann206430_point_n10_t1.png,cpu,2026-10-05T07:20:53.306399+00:00
sam_vit_b:ann206430_point_n10_t2,setup3,sam_vit_b,455085,206430,ann206430_point_n10_t2,point,0.1,2,0.19634787420455593,0.16317549999803305,23.029728499997873,0.6186944842338562,ok,,2026,results/masks/sam_vit_b/ann206430_point_n10_t2.png,cpu,2026-10-05T07:20:53.712001+00:00
sam_vit_b:ann206430_point_n10_t3,setup3,sam_vit_b,455085,206430,ann206430_point_n10_t3,point,0.1,3,0.20993541977148533,0.2109690000070259,23.029728499997873,0.6257028579711914,ok,,2026,results/masks/sam_vit_b/ann206430_point_n10_t3.png,cpu,2026-10-05T07:20:54.124405+00:00
sam_vit_b:ann206430_point_n20_t1,setup3,sam_vit_b,455085,206430,ann206430_point_n20_t1,point,0.2,1,0.1817278224136503,0.1533789000241086,23.029728499997873,0.7013390064239502,ok,,2026,results/masks/sam_vit_b/ann206430_point_n20_t1.png,cpu,2026-10-05T07:20:54.578499+00:00
sam_vit_b:ann206430_point_n20_t2,setup3,sam_vit_b,455085,206430,ann206430_point_n20_t2,point,0.2,2,0.22195704057279236,0.1657785999996122,23.029728499997873,0.62209153175354,ok,,2026,results/masks/sam_vit_b/ann206430_point_n20_t2.png,cpu,2026-10-05T07:20:54.959947+00:00
sam_vit_b:ann206430_point_n20_t3,setup3,sam_vit_b,455085,206430,ann206430_point_n20_t3,point,0.2,3,0.1823925513342755,0.16127909999340773,23.029728499997873,0.6691557765007019,ok,,2026,results/masks/sam_vit_b/ann206430_point_n20_t3.png,cpu,2026-10-05T07:20:55.422539+00:00
sam_vit_b:ann2132347_box_n00_t0,"setup1,setup2",sam_vit_b,389381,2132347,ann2132347_box_n00_t0,box,0.0,0,0.5092474277286648,0.18428980000317097,22.11923320000642,1.017058253288269,ok,,2026,results/masks/sam_vit_b/ann2132347_box_n00_t0.png,cpu,2026-10-05T07:18:14.186558+00:00
sam_vit_b:ann2132347_box_n10_t1,setup3,sam_vit_b,389381,2132347,ann2132347_box_n10_t1,box,0.1,1,0.3903041042067304,0.1873288000060711,22.11923320000642,0.7529836297035217,ok,,2026,results/masks/sam_vit_b/ann2132347_box_n10_t1.png,cpu,2026-10-05T07:18:14.631148+00:00
sam_vit_b:ann2132347_box_n10_t2,setup3,sam_vit_b,389381,2132347,ann2132347_box_n10_t2,box,0.1,2,0.08512046440675954,0.17123489998630248,22.11923320000642,0.8990492820739746,ok,,2026,results/masks/sam_vit_b/ann2132347_box_n10_t2.png,cpu,2026-10-05T07:18:15.050207+00:00
sam_vit_b:ann2132347_box_n10_t3,setup3,sam_vit_b,389381,2132347,ann2132347_box_n10_t3,box,0.1,3,0.13113458487416765,0.16843180000432767,22.11923320000642,0.7409671545028687,ok,,2026,results/masks/sam_vit_b/ann2132347_box_n10_t3.png,cpu,2026-10-05T07:18:15.451808+00:00
sam_vit_b:ann2132347_box_n20_t1,setup3,sam_vit_b,389381,2132347,ann2132347_box_n20_t1,box,0.2,1,0.2542095270816611,0.2623870999959763,22.11923320000642,0.9950193762779236,ok,,2026,results/masks/sam_vit_b/ann2132347_box_n20_t1.png,cpu,2026-10-05T07:18:15.897782+00:00
sam_vit_b:ann2132347_box_n20_t2,setup3,sam_vit_b,389381,2132347,ann2132347_box_n20_t2,box,0.2,2,0.25630112272958155,0.2619427000172436,22.11923320000642,0.9886391162872314,ok,,2026,results/masks/sam_vit_b/ann2132347_box_n20_t2.png,cpu,2026-10-05T07:18:16.509139+00:00
sam_vit_b:ann2132347_box_n20_t3,setup3,sam_vit_b,389381,2132347,ann2132347_box_n20_t3,box,0.2,3,0.21033683699917888,0.171015100000659,22.11923320000642,0.9220619201660156,ok,,2026,results/masks/sam_vit_b/ann2132347_box_n20_t3.png,cpu,2026-10-05T07:18:17.063853+00:00
sam_vit_b:ann2132347_point_n00_t0,"setup1,setup2",sam_vit_b,389381,2132347,ann2132347_point_n00_t0,point,0.0,0,0.004733696200578134,0.17406409999239258,22.11923320000642,0.8494811058044434,ok,,2026,results/masks/sam_vit_b/ann2132347_point_n00_t0.png,cpu,2026-10-05T07:18:13.947104+00:00
sam_vit_b:ann2132347_point_n10_t1,setup3,sam_vit_b,389381,2132347,ann2132347_point_n10_t1,point,0.1,1,0.015325897918360806,0.16789820001577027,22.11923320000642,0.8587743639945984,ok,,2026,results/masks/sam_vit_b/ann2132347_point_n10_t1.png,cpu,2026-10-05T07:18:14.400962+00:00
sam_vit_b:ann2132347_point_n10_t2,setup3,sam_vit_b,389381,2132347,ann2132347_point_n10_t2,point,0.1,2,0.0074670718750185485,0.17344759998377413,22.11923320000642,0.9388724565505981,ok,,2026,results/masks/sam_vit_b/ann2132347_point_n10_t2.png,cpu,2026-10-05T07:18:14.851093+00:00
sam_vit_b:ann2132347_point_n10_t3,setup3,sam_vit_b,389381,2132347,ann2132347_point_n10_t3,point,0.1,3,0.018872460275533767,0.1722371999931056,22.11923320000642,0.8896023035049438,ok,,2026,results/masks/sam_vit_b/ann2132347_point_n10_t3.png,cpu,2026-10-05T07:18:15.251776+00:00
sam_vit_b:ann2132347_point_n20_t1,setup3,sam_vit_b,389381,2132347,ann2132347_point_n20_t1,point,0.2,1,0.015625649213820612,0.1811288000026252,22.11923320000642,0.6154943704605103,ok,,2026,results/masks/sam_vit_b/ann2132347_point_n20_t1.png,cpu,2026-10-05T07:18:15.688061+00:00
sam_vit_b:ann2132347_point_n20_t2,setup3,sam_vit_b,389381,2132347,ann2132347_point_n20_t2,point,0.2,2,0.026918259899212336,0.28298640000866726,22.11923320000642,0.9483925104141235,ok,,2026,results/masks/sam_vit_b/ann2132347_point_n20_t2.png,cpu,2026-10-05T07:18:16.191797+00:00
sam_vit_b:ann2132347_point_n20_t3,setup3,sam_vit_b,389381,2132347,ann2132347_point_n20_t3,point,0.2,3,0.004576400966326949,0.1862361000094097,22.11923320000642,0.8779813647270203,ok,,2026,results/masks/sam_vit_b/ann2132347_point_n20_t3.png,cpu,2026-10-05T07:18:16.812867+00:00
sam_vit_b:ann2191728_box_n00_t0,"setup1,setup2",sam_vit_b,67310,2191728,ann2191728_box_n00_t0,box,0.0,0,0.7395833333333334,0.37412469999981113,46.74375839999993,0.8634166717529297,ok,,2026,results/masks/sam_vit_b/ann2191728_box_n00_t0.png,cpu,2026-10-05T06:55:28.657602+00:00
sam_vit_b:ann2191728_box_n10_t1,setup3,sam_vit_b,67310,2191728,ann2191728_box_n10_t1,box,0.1,1,0.6785515320334262,0.5406082999834325,46.74375839999993,0.8338619470596313,ok,,2026,results/masks/sam_vit_b/ann2191728_box_n10_t1.png,cpu,2026-10-05T06:55:29.627842+00:00
sam_vit_b:ann2191728_box_n10_t2,setup3,sam_vit_b,67310,2191728,ann2191728_box_n10_t2,box,0.1,2,0.697738554881412,0.27845569999772124,46.74375839999993,0.8501907587051392,ok,,2026,results/masks/sam_vit_b/ann2191728_box_n10_t2.png,cpu,2026-10-05T06:55:30.533362+00:00
sam_vit_b:ann2191728_box_n10_t3,setup3,sam_vit_b,67310,2191728,ann2191728_box_n10_t3,box,0.1,3,0.4895833333333333,0.24586299998918548,46.74375839999993,0.6304558515548706,ok,,2026,results/masks/sam_vit_b/ann2191728_box_n10_t3.png,cpu,2026-10-05T06:55:31.100435+00:00
sam_vit_b:ann2191728_box_n20_t1,setup3,sam_vit_b,67310,2191728,ann2191728_box_n20_t1,box,0.2,1,0.5294117647058824,0.24330770000233315,46.74375839999993,0.8131917715072632,ok,,2026,results/masks/sam_vit_b/ann2191728_box_n20_t1.png,cpu,2026-10-05T06:55:31.635509+00:00
sam_vit_b:ann2191728_box_n20_t2,setup3,sam_vit_b,67310,2191728,ann2191728_box_n20_t2,box,0.2,2,0.37973967176004525,0.24497529998188838,46.74375839999993,0.8269691467285156,ok,,2026,results/masks/sam_vit_b/ann2191728_box_n20_t2.png,cpu,2026-10-05T06:55:32.150911+00:00
sam_vit_b:ann2191728_box_n20_t3,setup3,sam_vit_b,67310,2191728,ann2191728_box_n20_t3,box,0.2,3,0.012540894220283533,0.24059380000107922,46.74375839999993,0.7660823464393616,ok,,2026,results/masks/sam_vit_b/ann2191728_box_n20_t3.png,cpu,2026-10-05T06:55:32.668053+00:00
sam_vit_b:ann2191728_point_n00_t0,"setup1,setup2",sam_vit_b,67310,2191728,ann2191728_point_n00_t0,point,0.0,0,0.1978021978021978,0.35918309999397025,46.74375839999993,0.7389277219772339,ok,,2026,results/masks/sam_vit_b/ann2191728_point_n00_t0.png,cpu,2026-10-05T06:55:28.234286+00:00
sam_vit_b:ann2191728_point_n10_t1,setup3,sam_vit_b,67310,2191728,ann2191728_point_n10_t1,point,0.1,1,0.34110289937464466,0.5408910000114702,46.74375839999993,0.6728200912475586,ok,,2026,results/masks/sam_vit_b/ann2191728_point_n10_t1.png,cpu,2026-10-05T06:55:29.057300+00:00
sam_vit_b:ann2191728_point_n10_t2,setup3,sam_vit_b,67310,2191728,ann2191728_point_n10_t2,point,0.1,2,0.6744060475161987,0.2923912999976892,46.74375839999993,0.7411450147628784,ok,,2026,results/masks/sam_vit_b/ann2191728_point_n10_t2.png,cpu,2026-10-05T06:55:30.225567+00:00
sam_vit_b:ann2191728_point_n10_t3,setup3,sam_vit_b,67310,2191728,ann2191728_point_n10_t3,point,0.1,3,0.012790306294177045,0.2551545000169426,46.74375839999993,0.8739060759544373,ok,,2026,results/masks/sam_vit_b/ann2191728_point_n10_t3.png,cpu,2026-10-05T06:55:30.827740+00:00
sam_vit_b:ann2191728_point_n20_t1,setup3,sam_vit_b,67310,2191728,ann2191728_point_n20_t1,point,0.2,1,0.5735702387562466,0.25770449999254197,46.74375839999993,0.6077456474304199,ok,,2026,results/masks/sam_vit_b/ann2191728_point_n20_t1.png,cpu,2026-10-05T06:55:31.360000+00:00
sam_vit_b:ann2191728_point_n20_t2,setup3,sam_vit_b,67310,2191728,ann2191728_point_n20_t2,point,0.2,2,0.6828729281767956,0.2420292999886442,46.74375839999993,0.6714016199111938,ok,,2026,results/masks/sam_vit_b/ann2191728_point_n20_t2.png,cpu,2026-10-05T06:55:31.894075+00:00
sam_vit_b:ann2191728_point_n20_t3,setup3,sam_vit_b,67310,2191728,ann2191728_point_n20_t3,point,0.2,3,0.010388739946380697,0.24441469999146648,46.74375839999993,0.8164486289024353,ok,,2026,results/masks/sam_vit_b/ann2191728_point_n20_t3.png,cpu,2026-10-05T06:55:32.409199+00:00
sam_vit_b:ann2194765_box_n00_t0,"setup1,setup2",sam_vit_b,348045,2194765,ann2194765_box_n00_t0,box,0.0,0,0.9086422586939057,0.1825793000170961,25.4170807999908,0.9812573194503784,ok,,2026,results/masks/sam_vit_b/ann2194765_box_n00_t0.png,cpu,2026-10-05T07:15:03.509635+00:00
sam_vit_b:ann2194765_box_n10_t1,setup3,sam_vit_b,348045,2194765,ann2194765_box_n10_t1,box,0.1,1,0.8426221886441565,0.5688784999947529,25.4170807999908,0.9658622741699219,ok,,2026,results/masks/sam_vit_b/ann2194765_box_n10_t1.png,cpu,2026-10-05T07:15:03.964605+00:00
sam_vit_b:ann2194765_box_n10_t2,setup3,sam_vit_b,348045,2194765,ann2194765_box_n10_t2,box,0.1,2,0.8835553514010106,0.19618689999333583,25.4170807999908,0.9615688323974609,ok,,2026,results/masks/sam_vit_b/ann2194765_box_n10_t2.png,cpu,2026-10-05T07:15:04.868429+00:00
sam_vit_b:ann2194765_box_n10_t3,setup3,sam_vit_b,348045,2194765,ann2194765_box_n10_t3,box,0.1,3,0.827746470690757,0.18939479999244213,25.4170807999908,0.9690039157867432,ok,,2026,results/masks/sam_vit_b/ann2194765_box_n10_t3.png,cpu,2026-10-05T07:15:05.345742+00:00
sam_vit_b:ann2194765_box_n20_t1,setup3,sam_vit_b,348045,2194765,ann2194765_box_n20_t1,box,0.2,1,0.6814556040756914,0.1911909000191372,25.4170807999908,0.8453945517539978,ok,,2026,results/masks/sam_vit_b/ann2194765_box_n20_t1.png,cpu,2026-10-05T07:15:05.761091+00:00
sam_vit_b:ann2194765_box_n20_t2,setup3,sam_vit_b,348045,2194765,ann2194765_box_n20_t2,box,0.2,2,0.002362340005154196,0.18821910000406206,25.4170807999908,0.7863194346427917,ok,,2026,results/masks/sam_vit_b/ann2194765_box_n20_t2.png,cpu,2026-10-05T07:15:06.180281+00:00
sam_vit_b:ann2194765_box_n20_t3,setup3,sam_vit_b,348045,2194765,ann2194765_box_n20_t3,box,0.2,3,0.42571935243979175,0.19452640000963584,25.4170807999908,0.6874665021896362,ok,,2026,results/masks/sam_vit_b/ann2194765_box_n20_t3.png,cpu,2026-10-05T07:15:06.642017+00:00
sam_vit_b:ann2194765_point_n00_t0,"setup1,setup2",sam_vit_b,348045,2194765,ann2194765_point_n00_t0,point,0.0,0,0.9104279617026185,0.20545030001085252,25.4170807999908,0.9273526668548584,ok,,2026,results/masks/sam_vit_b/ann2194765_point_n00_t0.png,cpu,2026-10-05T07:15:03.276677+00:00
sam_vit_b:ann2194765_point_n10_t1,setup3,sam_vit_b,348045,2194765,ann2194765_point_n10_t1,point,0.1,1,0.9123414071510957,0.19601810001768172,25.4170807999908,0.9339174032211304,ok,,2026,results/masks/sam_vit_b/ann2194765_point_n10_t1.png,cpu,2026-10-05T07:15:03.737345+00:00
sam_vit_b:ann2194765_point_n10_t2,setup3,sam_vit_b,348045,2194765,ann2194765_point_n10_t2,point,0.1,2,0.8918528783417057,0.28150869999080896,25.4170807999908,0.8982285261154175,ok,,2026,results/masks/sam_vit_b/ann2194765_point_n10_t2.png,cpu,2026-10-05T07:15:04.562422+00:00
sam_vit_b:ann2194765_point_n10_t3,setup3,sam_vit_b,348045,2194765,ann2194765_point_n10_t3,point,0.1,3,0.9198778872184782,0.20042759997886606,25.4170807999908,0.9555169939994812,ok,,2026,results/masks/sam_vit_b/ann2194765_point_n10_t3.png,cpu,2026-10-05T07:15:05.119161+00:00
sam_vit_b:ann2194765_point_n20_t1,setup3,sam_vit_b,348045,2194765,ann2194765_point_n20_t1,point,0.2,1,0.8743930635838151,0.17705220001516864,25.4170807999908,0.8788290023803711,ok,,2026,results/masks/sam_vit_b/ann2194765_point_n20_t1.png,cpu,2026-10-05T07:15:05.560684+00:00
sam_vit_b:ann2194765_point_n20_t2,setup3,sam_vit_b,348045,2194765,ann2194765_point_n20_t2,point,0.2,2,0.7262042612320518,0.1794520000112243,25.4170807999908,0.851326584815979,ok,,2026,results/masks/sam_vit_b/ann2194765_point_n20_t2.png,cpu,2026-10-05T07:15:05.975923+00:00
sam_vit_b:ann2194765_point_n20_t3,setup3,sam_vit_b,348045,2194765,ann2194765_point_n20_t3,point,0.2,3,0.9384421390496933,0.1844132999831345,25.4170807999908,1.002468228340149,ok,,2026,results/masks/sam_vit_b/ann2194765_point_n20_t3.png,cpu,2026-10-05T07:15:06.394321+00:00
sam_vit_b:ann2215064_box_n00_t0,"setup1,setup2",sam_vit_b,313034,2215064,ann2215064_box_n00_t0,box,0.0,0,0.7602739726027398,0.27903090001200326,23.590349599980982,0.9586125612258911,ok,,2026,results/masks/sam_vit_b/ann2215064_box_n00_t0.png,cpu,2026-10-05T07:13:39.884077+00:00
sam_vit_b:ann2215064_box_n10_t1,setup3,sam_vit_b,313034,2215064,ann2215064_box_n10_t1,box,0.1,1,0.75,0.28302459997939877,23.590349599980982,0.9522112607955933,ok,,2026,results/masks/sam_vit_b/ann2215064_box_n10_t1.png,cpu,2026-10-05T07:13:40.531225+00:00
sam_vit_b:ann2215064_box_n10_t2,setup3,sam_vit_b,313034,2215064,ann2215064_box_n10_t2,box,0.1,2,0.75,0.17159949999768287,23.590349599980982,0.9541072845458984,ok,,2026,results/masks/sam_vit_b/ann2215064_box_n10_t2.png,cpu,2026-10-05T07:13:41.111992+00:00
sam_vit_b:ann2215064_box_n10_t3,setup3,sam_vit_b,313034,2215064,ann2215064_box_n10_t3,box,0.1,3,0.7724137931034483,0.16456870001275092,23.590349599980982,0.9583604335784912,ok,,2026,results/masks/sam_vit_b/ann2215064_box_n10_t3.png,cpu,2026-10-05T07:13:41.540393+00:00
sam_vit_b:ann2215064_box_n20_t1,setup3,sam_vit_b,313034,2215064,ann2215064_box_n20_t1,box,0.2,1,0.7655172413793103,0.17596260001300834,23.590349599980982,0.9397439360618591,ok,,2026,results/masks/sam_vit_b/ann2215064_box_n20_t1.png,cpu,2026-10-05T07:13:41.958274+00:00
sam_vit_b:ann2215064_box_n20_t2,setup3,sam_vit_b,313034,2215064,ann2215064_box_n20_t2,box,0.2,2,0.7465753424657534,0.17325369999161921,23.590349599980982,0.9348576664924622,ok,,2026,results/masks/sam_vit_b/ann2215064_box_n20_t2.png,cpu,2026-10-05T07:13:42.404741+00:00
sam_vit_b:ann2215064_box_n20_t3,setup3,sam_vit_b,313034,2215064,ann2215064_box_n20_t3,box,0.2,3,0.7619047619047619,0.17904220000491478,23.590349599980982,0.9498834609985352,ok,,2026,results/masks/sam_vit_b/ann2215064_box_n20_t3.png,cpu,2026-10-05T07:13:42.832070+00:00
sam_vit_b:ann2215064_point_n00_t0,"setup1,setup2",sam_vit_b,313034,2215064,ann2215064_point_n00_t0,point,0.0,0,0.7516778523489933,0.22945210000034422,23.590349599980982,0.9569069743156433,ok,,2026,results/masks/sam_vit_b/ann2215064_point_n00_t0.png,cpu,2026-10-05T07:13:39.590768+00:00
sam_vit_b:ann2215064_point_n10_t1,setup3,sam_vit_b,313034,2215064,ann2215064_point_n10_t1,point,0.1,1,0.7516778523489933,0.2820151000050828,23.590349599980982,0.9582271575927734,ok,,2026,results/masks/sam_vit_b/ann2215064_point_n10_t1.png,cpu,2026-10-05T07:13:40.226726+00:00
sam_vit_b:ann2215064_point_n10_t2,setup3,sam_vit_b,313034,2215064,ann2215064_point_n10_t2,point,0.1,2,0.7516778523489933,0.18186399998376146,23.590349599980982,0.9597744345664978,ok,,2026,results/masks/sam_vit_b/ann2215064_point_n10_t2.png,cpu,2026-10-05T07:13:40.873394+00:00
sam_vit_b:ann2215064_point_n10_t3,setup3,sam_vit_b,313034,2215064,ann2215064_point_n10_t3,point,0.1,3,0.7516778523489933,0.17667400001664646,23.590349599980982,0.9554980993270874,ok,,2026,results/masks/sam_vit_b/ann2215064_point_n10_t3.png,cpu,2026-10-05T07:13:41.306420+00:00
sam_vit_b:ann2215064_point_n20_t1,setup3,sam_vit_b,313034,2215064,ann2215064_point_n20_t1,point,0.2,1,0.7417218543046358,0.1781394999998156,23.590349599980982,0.9571223258972168,ok,,2026,results/masks/sam_vit_b/ann2215064_point_n20_t1.png,cpu,2026-10-05T07:13:41.723264+00:00
sam_vit_b:ann2215064_point_n20_t2,setup3,sam_vit_b,313034,2215064,ann2215064_point_n20_t2,point,0.2,2,0.7516778523489933,0.18498690001433715,23.590349599980982,0.953495442867279,ok,,2026,results/masks/sam_vit_b/ann2215064_point_n20_t2.png,cpu,2026-10-05T07:13:42.157400+00:00
sam_vit_b:ann2215064_point_n20_t3,setup3,sam_vit_b,313034,2215064,ann2215064_point_n20_t3,point,0.2,3,0.7516778523489933,0.17737369998940267,23.590349599980982,0.9507336616516113,ok,,2026,results/masks/sam_vit_b/ann2215064_point_n20_t3.png,cpu,2026-10-05T07:13:42.598228+00:00
sam_vit_b:ann2227685_box_n00_t0,"setup1,setup2",sam_vit_b,222455,2227685,ann2227685_box_n00_t0,box,0.0,0,0.7952640286777884,0.198635100008687,26.250886900001206,0.9218864440917969,ok,,2026,results/masks/sam_vit_b/ann2227685_box_n00_t0.png,cpu,2026-10-05T07:10:54.323677+00:00
sam_vit_b:ann2227685_box_n10_t1,setup3,sam_vit_b,222455,2227685,ann2227685_box_n10_t1,box,0.1,1,0.0005838192770256812,0.19428029999835417,26.250886900001206,0.47791042923927307,ok,,2026,results/masks/sam_vit_b/ann2227685_box_n10_t1.png,cpu,2026-10-05T07:10:54.753288+00:00
sam_vit_b:ann2227685_box_n10_t2,setup3,sam_vit_b,222455,2227685,ann2227685_box_n10_t2,box,0.1,2,0.04520817935452082,0.20024939998984337,26.250886900001206,0.6143154501914978,ok,,2026,results/masks/sam_vit_b/ann2227685_box_n10_t2.png,cpu,2026-10-05T07:10:55.173303+00:00
sam_vit_b:ann2227685_box_n10_t3,setup3,sam_vit_b,222455,2227685,ann2227685_box_n10_t3,box,0.1,3,0.2823709327252618,0.24105459998827428,26.250886900001206,0.7744280099868774,ok,,2026,results/masks/sam_vit_b/ann2227685_box_n10_t3.png,cpu,2026-10-05T07:10:55.637828+00:00
sam_vit_b:ann2227685_box_n20_t1,setup3,sam_vit_b,222455,2227685,ann2227685_box_n20_t1,box,0.2,1,0.3215613748598186,0.30874150001909584,26.250886900001206,0.883143961429596,ok,,2026,results/masks/sam_vit_b/ann2227685_box_n20_t1.png,cpu,2026-10-05T07:10:56.227385+00:00
sam_vit_b:ann2227685_box_n20_t2,setup3,sam_vit_b,222455,2227685,ann2227685_box_n20_t2,box,0.2,2,0.3463897485169089,0.21116409997921437,26.250886900001206,0.794968843460083,ok,,2026,results/masks/sam_vit_b/ann2227685_box_n20_t2.png,cpu,2026-10-05T07:10:56.861371+00:00
sam_vit_b:ann2227685_box_n20_t3,setup3,sam_vit_b,222455,2227685,ann2227685_box_n20_t3,box,0.2,3,0.16384733597711537,0.18378399999346584,26.250886900001206,0.7196100354194641,ok,,2026,results/masks/sam_vit_b/ann2227685_box_n20_t3.png,cpu,2026-10-05T07:10:57.320799+00:00
sam_vit_b:ann2227685_point_n00_t0,"setup1,setup2",sam_vit_b,222455,2227685,ann2227685_point_n00_t0,point,0.0,0,0.06273611023500635,0.20421559998067096,26.250886900001206,0.8043528199195862,ok,,2026,results/masks/sam_vit_b/ann2227685_point_n00_t0.png,cpu,2026-10-05T07:10:54.095768+00:00
sam_vit_b:ann2227685_point_n10_t1,setup3,sam_vit_b,222455,2227685,ann2227685_point_n10_t1,point,0.1,1,0.06959776277886415,0.19299789998331107,26.250886900001206,0.9596572518348694,ok,,2026,results/masks/sam_vit_b/ann2227685_point_n10_t1.png,cpu,2026-10-05T07:10:54.542473+00:00
sam_vit_b:ann2227685_point_n10_t2,setup3,sam_vit_b,222455,2227685,ann2227685_point_n10_t2,point,0.1,2,0.3073781462999444,0.18442589999176562,26.250886900001206,0.7065464854240417,ok,,2026,results/masks/sam_vit_b/ann2227685_point_n10_t2.png,cpu,2026-10-05T07:10:54.967322+00:00
sam_vit_b:ann2227685_point_n10_t3,setup3,sam_vit_b,222455,2227685,ann2227685_point_n10_t3,point,0.1,3,0.8053341213337365,0.21361370000522584,26.250886900001206,0.8288726806640625,ok,,2026,results/masks/sam_vit_b/ann2227685_point_n10_t3.png,cpu,2026-10-05T07:10:55.400074+00:00
sam_vit_b:ann2227685_point_n20_t1,setup3,sam_vit_b,222455,2227685,ann2227685_point_n20_t1,point,0.2,1,0.06784555324263897,0.2960657999792602,26.250886900001206,0.9378190040588379,ok,,2026,results/masks/sam_vit_b/ann2227685_point_n20_t1.png,cpu,2026-10-05T07:10:55.906722+00:00
sam_vit_b:ann2227685_point_n20_t2,setup3,sam_vit_b,222455,2227685,ann2227685_point_n20_t2,point,0.2,2,0.2225870591035748,0.2762959999963641,26.250886900001206,0.819811224937439,ok,,2026,results/masks/sam_vit_b/ann2227685_point_n20_t2.png,cpu,2026-10-05T07:10:56.562816+00:00
sam_vit_b:ann2227685_point_n20_t3,setup3,sam_vit_b,222455,2227685,ann2227685_point_n20_t3,point,0.2,3,0.26296376654371884,0.19931910000741482,26.250886900001206,0.7343828082084656,ok,,2026,results/masks/sam_vit_b/ann2227685_point_n20_t3.png,cpu,2026-10-05T07:10:57.101455+00:00
sam_vit_b:ann332298_box_n00_t0,"setup1,setup2",sam_vit_b,404191,332298,ann332298_box_n00_t0,box,0.0,0,0.8944112661777053,0.16292209998937324,22.069911099999445,0.9695643186569214,ok,,2026,results/masks/sam_vit_b/ann332298_box_n00_t0.png,cpu,2026-10-05T07:19:06.049328+00:00
sam_vit_b:ann332298_box_n10_t1,setup3,sam_vit_b,404191,332298,ann332298_box_n10_t1,box,0.1,1,0.00038823986164543113,0.1570382000063546,22.069911099999445,0.9837636947631836,ok,,2026,results/masks/sam_vit_b/ann332298_box_n10_t1.png,cpu,2026-10-05T07:19:06.433248+00:00
sam_vit_b:ann332298_box_n10_t2,setup3,sam_vit_b,404191,332298,ann332298_box_n10_t2,box,0.1,2,0.07307889920041104,0.16671790002146736,22.069911099999445,0.4473262131214142,ok,,2026,results/masks/sam_vit_b/ann332298_box_n10_t2.png,cpu,2026-10-05T07:19:06.811667+00:00
sam_vit_b:ann332298_box_n10_t3,setup3,sam_vit_b,404191,332298,ann332298_box_n10_t3,box,0.1,3,0.2759702934683716,0.2868756999960169,22.069911099999445,0.7669232487678528,ok,,2026,results/masks/sam_vit_b/ann332298_box_n10_t3.png,cpu,2026-10-05T07:19:07.215053+00:00
sam_vit_b:ann332298_box_n20_t1,setup3,sam_vit_b,404191,332298,ann332298_box_n20_t1,box,0.2,1,0.0003881905380320857,0.17974449999746867,22.069911099999445,0.983801007270813,ok,,2026,results/masks/sam_vit_b/ann332298_box_n20_t1.png,cpu,2026-10-05T07:19:07.751569+00:00
sam_vit_b:ann332298_box_n20_t2,setup3,sam_vit_b,404191,332298,ann332298_box_n20_t2,box,0.2,2,0.015680878129175235,0.25455070001771674,22.069911099999445,0.3284772038459778,ok,,2026,results/masks/sam_vit_b/ann332298_box_n20_t2.png,cpu,2026-10-05T07:19:08.308690+00:00
sam_vit_b:ann332298_box_n20_t3,setup3,sam_vit_b,404191,332298,ann332298_box_n20_t3,box,0.2,3,0.00023931787567778241,0.2278987000172492,22.069911099999445,0.9102599024772644,ok,,2026,results/masks/sam_vit_b/ann332298_box_n20_t3.png,cpu,2026-10-05T07:19:08.936023+00:00
sam_vit_b:ann332298_point_n00_t0,"setup1,setup2",sam_vit_b,404191,332298,ann332298_point_n00_t0,point,0.0,0,0.7072427608377516,0.1764995999983512,22.069911099999445,0.8828544616699219,ok,,2026,results/masks/sam_vit_b/ann332298_point_n00_t0.png,cpu,2026-10-05T07:19:05.843903+00:00
sam_vit_b:ann332298_point_n10_t1,setup3,sam_vit_b,404191,332298,ann332298_point_n10_t1,point,0.1,1,0.6477708129599051,0.16930420001153834,22.069911099999445,0.8038126230239868,ok,,2026,results/masks/sam_vit_b/ann332298_point_n10_t1.png,cpu,2026-10-05T07:19:06.237625+00:00
sam_vit_b:ann332298_point_n10_t2,setup3,sam_vit_b,404191,332298,ann332298_point_n10_t2,point,0.1,2,0.599287070713573,0.17184589998214506,22.069911099999445,0.5826559662818909,ok,,2026,results/masks/sam_vit_b/ann332298_point_n10_t2.png,cpu,2026-10-05T07:19:06.615229+00:00
sam_vit_b:ann332298_point_n10_t3,setup3,sam_vit_b,404191,332298,ann332298_point_n10_t3,point,0.1,3,0.005569685457647854,0.1549189000215847,22.069911099999445,0.9245696663856506,ok,,2026,results/masks/sam_vit_b/ann332298_point_n10_t3.png,cpu,2026-10-05T07:19:07.000839+00:00
sam_vit_b:ann332298_point_n20_t1,setup3,sam_vit_b,404191,332298,ann332298_point_n20_t1,point,0.2,1,0.7667002028138424,0.1583915000082925,22.069911099999445,0.8452359437942505,ok,,2026,results/masks/sam_vit_b/ann332298_point_n20_t1.png,cpu,2026-10-05T07:19:07.570794+00:00
sam_vit_b:ann332298_point_n20_t2,setup3,sam_vit_b,404191,332298,ann332298_point_n20_t2,point,0.2,2,0.6262940789368088,0.25389339998946525,22.069911099999445,0.7995895147323608,ok,,2026,results/masks/sam_vit_b/ann332298_point_n20_t2.png,cpu,2026-10-05T07:19:07.992459+00:00
sam_vit_b:ann332298_point_n20_t3,setup3,sam_vit_b,404191,332298,ann332298_point_n20_t3,point,0.2,3,0.013014712984128006,0.2965758999926038,22.069911099999445,0.7270186543464661,ok,,2026,results/masks/sam_vit_b/ann332298_point_n20_t3.png,cpu,2026-10-05T07:19:08.607710+00:00
sam_vit_b:ann339546_box_n00_t0,"setup1,setup2",sam_vit_b,541952,339546,ann339546_box_n00_t0,box,0.0,0,0.949780701754386,0.1908557999995537,21.340664599993033,0.9801198244094849,ok,,2026,results/masks/sam_vit_b/ann339546_box_n00_t0.png,cpu,2026-10-05T07:23:50.914665+00:00
sam_vit_b:ann339546_box_n10_t1,setup3,sam_vit_b,541952,339546,ann339546_box_n10_t1,box,0.1,1,0.9399270542801974,0.1832804000005126,21.340664599993033,0.9668189883232117,ok,,2026,results/masks/sam_vit_b/ann339546_box_n10_t1.png,cpu,2026-10-05T07:23:51.351575+00:00
sam_vit_b:ann339546_box_n10_t2,setup3,sam_vit_b,541952,339546,ann339546_box_n10_t2,box,0.1,2,0.9456973943507773,0.2467019000032451,21.340664599993033,0.971049427986145,ok,,2026,results/masks/sam_vit_b/ann339546_box_n10_t2.png,cpu,2026-10-05T07:23:51.767831+00:00
sam_vit_b:ann339546_box_n10_t3,setup3,sam_vit_b,541952,339546,ann339546_box_n10_t3,box,0.1,3,0.9469084553200786,0.3220708000008017,21.340664599993033,0.9663770794868469,ok,,2026,results/masks/sam_vit_b/ann339546_box_n10_t3.png,cpu,2026-10-05T07:23:52.467932+00:00
sam_vit_b:ann339546_box_n20_t1,setup3,sam_vit_b,541952,339546,ann339546_box_n20_t1,box,0.2,1,0.00781831720029784,0.25289150001481175,21.340664599993033,0.8987381458282471,ok,,2026,results/masks/sam_vit_b/ann339546_box_n20_t1.png,cpu,2026-10-05T07:23:53.120907+00:00
sam_vit_b:ann339546_box_n20_t2,setup3,sam_vit_b,541952,339546,ann339546_box_n20_t2,box,0.2,2,0.0,0.22907659999327734,21.340664599993033,0.8358562588691711,ok,,2026,results/masks/sam_vit_b/ann339546_box_n20_t2.png,cpu,2026-10-05T07:23:53.750449+00:00
sam_vit_b:ann339546_box_n20_t3,setup3,sam_vit_b,541952,339546,ann339546_box_n20_t3,box,0.2,3,0.0009165902841429881,0.23781329998746514,21.340664599993033,0.8331644535064697,ok,,2026,results/masks/sam_vit_b/ann339546_box_n20_t3.png,cpu,2026-10-05T07:23:54.307850+00:00
sam_vit_b:ann339546_point_n00_t0,"setup1,setup2",sam_vit_b,541952,339546,ann339546_point_n00_t0,point,0.0,0,0.6128109178956637,0.18525209999643266,21.340664599993033,0.5542630553245544,ok,,2026,results/masks/sam_vit_b/ann339546_point_n00_t0.png,cpu,2026-10-05T07:23:50.698360+00:00
sam_vit_b:ann339546_point_n10_t1,setup3,sam_vit_b,541952,339546,ann339546_point_n10_t1,point,0.1,1,0.8610460577673692,0.1847354999918025,21.340664599993033,0.9542927742004395,ok,,2026,results/masks/sam_vit_b/ann339546_point_n10_t1.png,cpu,2026-10-05T07:23:51.136365+00:00
sam_vit_b:ann339546_point_n10_t2,setup3,sam_vit_b,541952,339546,ann339546_point_n10_t2,point,0.1,2,0.8905522961764111,0.17282139998860657,21.340664599993033,0.9455698728561401,ok,,2026,results/masks/sam_vit_b/ann339546_point_n10_t2.png,cpu,2026-10-05T07:23:51.565401+00:00
sam_vit_b:ann339546_point_n10_t3,setup3,sam_vit_b,541952,339546,ann339546_point_n10_t3,point,0.1,3,0.054989816700611,0.3767578999977559,21.340664599993033,0.6476053595542908,ok,,2026,results/masks/sam_vit_b/ann339546_point_n10_t3.png,cpu,2026-10-05T07:23:52.051809+00:00
sam_vit_b:ann339546_point_n20_t1,setup3,sam_vit_b,541952,339546,ann339546_point_n20_t1,point,0.2,1,0.8794651766114548,0.25279909998062067,21.340664599993033,0.9546302556991577,ok,,2026,results/masks/sam_vit_b/ann339546_point_n20_t1.png,cpu,2026-10-05T07:23:52.830945+00:00
sam_vit_b:ann339546_point_n20_t2,setup3,sam_vit_b,541952,339546,ann339546_point_n20_t2,point,0.2,2,0.8976137058943504,0.2376094000064768,21.340664599993033,0.9477137327194214,ok,,2026,results/masks/sam_vit_b/ann339546_point_n20_t2.png,cpu,2026-10-05T07:23:53.445690+00:00
sam_vit_b:ann339546_point_n20_t3,setup3,sam_vit_b,541952,339546,ann339546_point_n20_t3,point,0.2,3,0.9100124120810923,0.22370719999889843,21.340664599993033,0.8852583169937134,ok,,2026,results/masks/sam_vit_b/ann339546_point_n20_t3.png,cpu,2026-10-05T07:23:54.012957+00:00
sam_vit_b:ann341957_box_n00_t0,"setup1,setup2",sam_vit_b,311394,341957,ann341957_box_n00_t0,box,0.0,0,0.7946567862714509,0.1857472000119742,25.854293799988227,0.9798110723495483,ok,,2026,results/masks/sam_vit_b/ann341957_box_n00_t0.png,cpu,2026-10-05T07:13:13.322110+00:00
sam_vit_b:ann341957_box_n10_t1,setup3,sam_vit_b,311394,341957,ann341957_box_n10_t1,box,0.1,1,0.6894870492635856,0.19906990000163205,25.854293799988227,0.9369605779647827,ok,,2026,results/masks/sam_vit_b/ann341957_box_n10_t1.png,cpu,2026-10-05T07:13:13.721277+00:00
sam_vit_b:ann341957_box_n10_t2,setup3,sam_vit_b,311394,341957,ann341957_box_n10_t2,box,0.1,2,0.6735192346834927,0.19700949999969453,25.854293799988227,0.9383686780929565,ok,,2026,results/masks/sam_vit_b/ann341957_box_n10_t2.png,cpu,2026-10-05T07:13:14.139479+00:00
sam_vit_b:ann341957_box_n10_t3,setup3,sam_vit_b,311394,341957,ann341957_box_n10_t3,box,0.1,3,0.7867317073170732,0.16391429997747764,25.854293799988227,0.9704945683479309,ok,,2026,results/masks/sam_vit_b/ann341957_box_n10_t3.png,cpu,2026-10-05T07:13:14.552475+00:00
sam_vit_b:ann341957_box_n20_t1,setup3,sam_vit_b,311394,341957,ann341957_box_n20_t1,box,0.2,1,0.6389452332657201,0.16519450000487268,25.854293799988227,0.9445832967758179,ok,,2026,results/masks/sam_vit_b/ann341957_box_n20_t1.png,cpu,2026-10-05T07:13:14.926862+00:00
sam_vit_b:ann341957_box_n20_t2,setup3,sam_vit_b,311394,341957,ann341957_box_n20_t2,box,0.2,2,0.6415726912526669,0.18655959999887273,25.854293799988227,0.9487023949623108,ok,,2026,results/masks/sam_vit_b/ann341957_box_n20_t2.png,cpu,2026-10-05T07:13:15.321854+00:00
sam_vit_b:ann341957_box_n20_t3,setup3,sam_vit_b,311394,341957,ann341957_box_n20_t3,box,0.2,3,0.5635513088484124,0.1955273999774363,25.854293799988227,0.8956207036972046,ok,,2026,results/masks/sam_vit_b/ann341957_box_n20_t3.png,cpu,2026-10-05T07:13:15.757915+00:00
sam_vit_b:ann341957_point_n00_t0,"setup1,setup2",sam_vit_b,311394,341957,ann341957_point_n00_t0,point,0.0,0,0.06900189913483858,0.18872790000750683,25.854293799988227,0.8935326337814331,ok,,2026,results/masks/sam_vit_b/ann341957_point_n00_t0.png,cpu,2026-10-05T07:13:13.110837+00:00
sam_vit_b:ann341957_point_n10_t1,setup3,sam_vit_b,311394,341957,ann341957_point_n10_t1,point,0.1,1,0.0021937487866433704,0.1685789999901317,25.854293799988227,0.8552511930465698,ok,,2026,results/masks/sam_vit_b/ann341957_point_n10_t1.png,cpu,2026-10-05T07:13:13.530111+00:00
sam_vit_b:ann341957_point_n10_t2,setup3,sam_vit_b,311394,341957,ann341957_point_n10_t2,point,0.1,2,0.002461812824687912,0.17759070001193322,25.854293799988227,0.8104273080825806,ok,,2026,results/masks/sam_vit_b/ann341957_point_n10_t2.png,cpu,2026-10-05T07:13:13.940612+00:00
sam_vit_b:ann341957_point_n10_t3,setup3,sam_vit_b,311394,341957,ann341957_point_n10_t3,point,0.1,3,0.793935825728584,0.1711209999921266,25.854293799988227,0.6217858195304871,ok,,2026,results/masks/sam_vit_b/ann341957_point_n10_t3.png,cpu,2026-10-05T07:13:14.358120+00:00
sam_vit_b:ann341957_point_n20_t1,setup3,sam_vit_b,311394,341957,ann341957_point_n20_t1,point,0.2,1,0.0019996893686417645,0.16866510000545532,25.854293799988227,0.8321683406829834,ok,,2026,results/masks/sam_vit_b/ann341957_point_n20_t1.png,cpu,2026-10-05T07:13:14.738108+00:00
sam_vit_b:ann341957_point_n20_t2,setup3,sam_vit_b,311394,341957,ann341957_point_n20_t2,point,0.2,2,0.002116463757985282,0.17501619999529794,25.854293799988227,0.8355625867843628,ok,,2026,results/masks/sam_vit_b/ann341957_point_n20_t2.png,cpu,2026-10-05T07:13:15.124480+00:00
sam_vit_b:ann341957_point_n20_t3,setup3,sam_vit_b,311394,341957,ann341957_point_n20_t3,point,0.2,3,0.14918759231905465,0.17118109998409636,25.854293799988227,0.8698738217353821,ok,,2026,results/masks/sam_vit_b/ann341957_point_n20_t3.png,cpu,2026-10-05T07:13:15.528492+00:00
sam_vit_b:ann36588_box_n00_t0,"setup1,setup2",sam_vit_b,337987,36588,ann36588_box_n00_t0,box,0.0,0,0.9678236014699878,0.2280564999964554,23.642045699991286,0.9904233813285828,ok,,2026,results/masks/sam_vit_b/ann36588_box_n00_t0.png,cpu,2026-10-05T07:14:34.283666+00:00
sam_vit_b:ann36588_box_n10_t1,setup3,sam_vit_b,337987,36588,ann36588_box_n10_t1,box,0.1,1,0.32760954991249214,0.23297589999856427,23.642045699991286,0.9164373278617859,ok,,2026,results/masks/sam_vit_b/ann36588_box_n10_t1.png,cpu,2026-10-05T07:14:34.817519+00:00
sam_vit_b:ann36588_box_n10_t2,setup3,sam_vit_b,337987,36588,ann36588_box_n10_t2,box,0.1,2,0.7124630055902663,0.22331330002634786,23.642045699991286,0.9704986214637756,ok,,2026,results/masks/sam_vit_b/ann36588_box_n10_t2.png,cpu,2026-10-05T07:14:35.320490+00:00
sam_vit_b:ann36588_box_n10_t3,setup3,sam_vit_b,337987,36588,ann36588_box_n10_t3,box,0.1,3,0.7115170014441381,0.2999510000227019,23.642045699991286,0.9710800647735596,ok,,2026,results/masks/sam_vit_b/ann36588_box_n10_t3.png,cpu,2026-10-05T07:14:35.836030+00:00
sam_vit_b:ann36588_box_n20_t1,setup3,sam_vit_b,337987,36588,ann36588_box_n20_t1,box,0.2,1,0.2819166501552077,0.2883921999891754,23.642045699991286,0.9585511684417725,ok,,2026,results/masks/sam_vit_b/ann36588_box_n20_t1.png,cpu,2026-10-05T07:14:36.602379+00:00
sam_vit_b:ann36588_box_n20_t2,setup3,sam_vit_b,337987,36588,ann36588_box_n20_t2,box,0.2,2,0.2356654554412761,0.19765089999418706,23.642045699991286,0.8244578242301941,ok,,2026,results/masks/sam_vit_b/ann36588_box_n20_t2.png,cpu,2026-10-05T07:14:37.152339+00:00
sam_vit_b:ann36588_box_n20_t3,setup3,sam_vit_b,337987,36588,ann36588_box_n20_t3,box,0.2,3,8.02283068388901e-05,0.2012850999890361,23.642045699991286,0.8107490539550781,ok,,2026,results/masks/sam_vit_b/ann36588_box_n20_t3.png,cpu,2026-10-05T07:14:37.617225+00:00
sam_vit_b:ann36588_point_n00_t0,"setup1,setup2",sam_vit_b,337987,36588,ann36588_point_n00_t0,point,0.0,0,0.6997714078971171,0.24065570000675507,23.642045699991286,0.9713361263275146,ok,,2026,results/masks/sam_vit_b/ann36588_point_n00_t0.png,cpu,2026-10-05T07:14:34.014643+00:00
sam_vit_b:ann36588_point_n10_t1,setup3,sam_vit_b,337987,36588,ann36588_point_n10_t1,point,0.1,1,0.6875102711585866,0.2520178999984637,23.642045699991286,0.9299329519271851,ok,,2026,results/masks/sam_vit_b/ann36588_point_n10_t1.png,cpu,2026-10-05T07:14:34.540762+00:00
sam_vit_b:ann36588_point_n10_t2,setup3,sam_vit_b,337987,36588,ann36588_point_n10_t2,point,0.1,2,0.701029232843379,0.2169733999762684,23.642045699991286,0.9688806533813477,ok,,2026,results/masks/sam_vit_b/ann36588_point_n10_t2.png,cpu,2026-10-05T07:14:35.078220+00:00
sam_vit_b:ann36588_point_n10_t3,setup3,sam_vit_b,337987,36588,ann36588_point_n10_t3,point,0.1,3,0.7043248304068593,0.24281519997748546,23.642045699991286,0.9322720766067505,ok,,2026,results/masks/sam_vit_b/ann36588_point_n10_t3.png,cpu,2026-10-05T07:14:35.570266+00:00
sam_vit_b:ann36588_point_n20_t1,setup3,sam_vit_b,337987,36588,ann36588_point_n20_t1,point,0.2,1,0.0028902688775847263,0.4045071000000462,23.642045699991286,0.8257331848144531,ok,,2026,results/masks/sam_vit_b/ann36588_point_n20_t1.png,cpu,2026-10-05T07:14:36.170239+00:00
sam_vit_b:ann36588_point_n20_t2,setup3,sam_vit_b,337987,36588,ann36588_point_n20_t2,point,0.2,2,0.7004538577912254,0.20950830000219867,23.642045699991286,0.8802042007446289,ok,,2026,results/masks/sam_vit_b/ann36588_point_n20_t2.png,cpu,2026-10-05T07:14:36.918111+00:00
sam_vit_b:ann36588_point_n20_t3,setup3,sam_vit_b,337987,36588,ann36588_point_n20_t3,point,0.2,3,2.0170440219857798e-05,0.21777990000555292,23.642045699991286,0.9118139743804932,ok,,2026,results/masks/sam_vit_b/ann36588_point_n20_t3.png,cpu,2026-10-05T07:14:37.375450+00:00
sam_vit_b:ann37495_box_n00_t0,"setup1,setup2",sam_vit_b,32811,37495,ann37495_box_n00_t0,box,0.0,0,0.8557971014492753,0.29008500001509674,46.89144390000729,0.9573097229003906,ok,,2026,results/masks/sam_vit_b/ann37495_box_n00_t0.png,cpu,2026-10-05T06:53:34.161844+00:00
sam_vit_b:ann37495_box_n10_t1,setup3,sam_vit_b,32811,37495,ann37495_box_n10_t1,box,0.1,1,0.8573497465604635,0.23257699998794124,46.89144390000729,0.9616234302520752,ok,,2026,results/masks/sam_vit_b/ann37495_box_n10_t1.png,cpu,2026-10-05T06:53:34.788035+00:00
sam_vit_b:ann37495_box_n10_t2,setup3,sam_vit_b,32811,37495,ann37495_box_n10_t2,box,0.1,2,0.8578754578754578,0.23108879997744225,46.89144390000729,0.9529030323028564,ok,,2026,results/masks/sam_vit_b/ann37495_box_n10_t2.png,cpu,2026-10-05T06:53:35.312089+00:00
sam_vit_b:ann37495_box_n10_t3,setup3,sam_vit_b,32811,37495,ann37495_box_n10_t3,box,0.1,3,0.8523391812865497,0.24905760001274757,46.89144390000729,0.9494080543518066,ok,,2026,results/masks/sam_vit_b/ann37495_box_n10_t3.png,cpu,2026-10-05T06:53:35.820998+00:00
sam_vit_b:ann37495_box_n20_t1,setup3,sam_vit_b,32811,37495,ann37495_box_n20_t1,box,0.2,1,0.8344274252370533,0.2823342999909073,46.89144390000729,0.909435510635376,ok,,2026,results/masks/sam_vit_b/ann37495_box_n20_t1.png,cpu,2026-10-05T06:53:36.322060+00:00
sam_vit_b:ann37495_box_n20_t2,setup3,sam_vit_b,32811,37495,ann37495_box_n20_t2,box,0.2,2,0.8523238380809596,0.3739165000151843,46.89144390000729,0.9552554488182068,ok,,2026,results/masks/sam_vit_b/ann37495_box_n20_t2.png,cpu,2026-10-05T06:53:37.006257+00:00
sam_vit_b:ann37495_box_n20_t3,setup3,sam_vit_b,32811,37495,ann37495_box_n20_t3,box,0.2,3,0.8583086053412463,0.42828010002267547,46.89144390000729,0.9566438794136047,ok,,2026,results/masks/sam_vit_b/ann37495_box_n20_t3.png,cpu,2026-10-05T06:53:37.740859+00:00
sam_vit_b:ann37495_point_n00_t0,"setup1,setup2",sam_vit_b,32811,37495,ann37495_point_n00_t0,point,0.0,0,0.8534985422740525,0.29263300000457093,46.89144390000729,0.9365566968917847,ok,,2026,results/masks/sam_vit_b/ann37495_point_n00_t0.png,cpu,2026-10-05T06:53:33.851662+00:00
sam_vit_b:ann37495_point_n10_t1,setup3,sam_vit_b,32811,37495,ann37495_point_n10_t1,point,0.1,1,0.8555798687089715,0.2760877000109758,46.89144390000729,0.9364326000213623,ok,,2026,results/masks/sam_vit_b/ann37495_point_n10_t1.png,cpu,2026-10-05T06:53:34.466329+00:00
sam_vit_b:ann37495_point_n10_t2,setup3,sam_vit_b,32811,37495,ann37495_point_n10_t2,point,0.1,2,0.8557902403495994,0.23501269999542274,46.89144390000729,0.9462499618530273,ok,,2026,results/masks/sam_vit_b/ann37495_point_n10_t2.png,cpu,2026-10-05T06:53:35.035187+00:00
sam_vit_b:ann37495_point_n10_t3,setup3,sam_vit_b,32811,37495,ann37495_point_n10_t3,point,0.1,3,0.8525547445255475,0.25467090000165626,46.89144390000729,0.9056997299194336,ok,,2026,results/masks/sam_vit_b/ann37495_point_n10_t3.png,cpu,2026-10-05T06:53:35.554741+00:00
sam_vit_b:ann37495_point_n20_t1,setup3,sam_vit_b,32811,37495,ann37495_point_n20_t1,point,0.2,1,0.0008393564933550944,0.22796399999060668,46.89144390000729,0.9521632790565491,ok,,2026,results/masks/sam_vit_b/ann37495_point_n20_t1.png,cpu,2026-10-05T06:53:36.082256+00:00
sam_vit_b:ann37495_point_n20_t2,setup3,sam_vit_b,32811,37495,ann37495_point_n20_t2,point,0.2,2,0.8534107402031931,0.3327881000004709,46.89144390000729,0.9384641051292419,ok,,2026,results/masks/sam_vit_b/ann37495_point_n20_t2.png,cpu,2026-10-05T06:53:36.658783+00:00
sam_vit_b:ann37495_point_n20_t3,setup3,sam_vit_b,32811,37495,ann37495_point_n20_t3,point,0.2,3,0.00045372050816696913,0.326701400015736,46.89144390000729,0.9244334697723389,ok,,2026,results/masks/sam_vit_b/ann37495_point_n20_t3.png,cpu,2026-10-05T06:53:37.395234+00:00
sam_vit_b:ann451372_box_n00_t0,"setup1,setup2",sam_vit_b,109992,451372,ann451372_box_n00_t0,box,0.0,0,0.928923988153998,0.4045371999964118,40.63524420000613,0.9495962858200073,ok,,2026,results/masks/sam_vit_b/ann451372_box_n00_t0.png,cpu,2026-10-05T07:01:36.753010+00:00
sam_vit_b:ann451372_box_n10_t1,setup3,sam_vit_b,109992,451372,ann451372_box_n10_t1,box,0.1,1,0.9215442092154421,0.3284356000076514,40.63524420000613,0.9428893327713013,ok,,2026,results/masks/sam_vit_b/ann451372_box_n10_t1.png,cpu,2026-10-05T07:01:37.565759+00:00
sam_vit_b:ann451372_box_n10_t2,setup3,sam_vit_b,109992,451372,ann451372_box_n10_t2,box,0.1,2,0.9291707798617966,0.2615806999965571,40.63524420000613,0.9456763863563538,ok,,2026,results/masks/sam_vit_b/ann451372_box_n10_t2.png,cpu,2026-10-05T07:01:38.228955+00:00
sam_vit_b:ann451372_box_n10_t3,setup3,sam_vit_b,109992,451372,ann451372_box_n10_t3,box,0.1,3,0.9223880597014925,0.2534060000034515,40.63524420000613,0.934669017791748,ok,,2026,results/masks/sam_vit_b/ann451372_box_n10_t3.png,cpu,2026-10-05T07:01:38.768898+00:00
sam_vit_b:ann451372_box_n20_t1,setup3,sam_vit_b,109992,451372,ann451372_box_n20_t1,box,0.2,1,0.7803295057413879,0.2312093999935314,40.63524420000613,0.9134776592254639,ok,,2026,results/masks/sam_vit_b/ann451372_box_n20_t1.png,cpu,2026-10-05T07:01:39.301692+00:00
sam_vit_b:ann451372_box_n20_t2,setup3,sam_vit_b,109992,451372,ann451372_box_n20_t2,box,0.2,2,0.5956805625313912,0.23683479998726398,40.63524420000613,0.7337209582328796,ok,,2026,results/masks/sam_vit_b/ann451372_box_n20_t2.png,cpu,2026-10-05T07:01:39.837345+00:00
sam_vit_b:ann451372_box_n20_t3,setup3,sam_vit_b,109992,451372,ann451372_box_n20_t3,box,0.2,3,0.35453859693236106,0.34029809999628924,40.63524420000613,0.7194806337356567,ok,,2026,results/masks/sam_vit_b/ann451372_box_n20_t3.png,cpu,2026-10-05T07:01:40.467653+00:00
sam_vit_b:ann451372_point_n00_t0,"setup1,setup2",sam_vit_b,109992,451372,ann451372_point_n00_t0,point,0.0,0,0.5191681282886494,0.5192812000168487,40.63524420000613,0.9378597736358643,ok,,2026,results/masks/sam_vit_b/ann451372_point_n00_t0.png,cpu,2026-10-05T07:01:36.207791+00:00
sam_vit_b:ann451372_point_n10_t1,setup3,sam_vit_b,109992,451372,ann451372_point_n10_t1,point,0.1,1,0.5200400801603207,0.3553916999953799,40.63524420000613,0.9214484095573425,ok,,2026,results/masks/sam_vit_b/ann451372_point_n10_t1.png,cpu,2026-10-05T07:01:37.182711+00:00
sam_vit_b:ann451372_point_n10_t2,setup3,sam_vit_b,109992,451372,ann451372_point_n10_t2,point,0.1,2,0.5189175645201703,0.2942853999848012,40.63524420000613,0.9409059882164001,ok,,2026,results/masks/sam_vit_b/ann451372_point_n10_t2.png,cpu,2026-10-05T07:01:37.914950+00:00
sam_vit_b:ann451372_point_n10_t3,setup3,sam_vit_b,109992,451372,ann451372_point_n10_t3,point,0.1,3,0.5189175645201703,0.23930819999077357,40.63524420000613,0.9150573015213013,ok,,2026,results/masks/sam_vit_b/ann451372_point_n10_t3.png,cpu,2026-10-05T07:01:38.509636+00:00
sam_vit_b:ann451372_point_n20_t1,setup3,sam_vit_b,109992,451372,ann451372_point_n20_t1,point,0.2,1,3.3829499323410016e-05,0.236070099985227,40.63524420000613,1.003845453262329,ok,,2026,results/masks/sam_vit_b/ann451372_point_n20_t1.png,cpu,2026-10-05T07:01:39.044541+00:00
sam_vit_b:ann451372_point_n20_t2,setup3,sam_vit_b,109992,451372,ann451372_point_n20_t2,point,0.2,2,0.5172932330827068,0.23047290000249632,40.63524420000613,0.9265044331550598,ok,,2026,results/masks/sam_vit_b/ann451372_point_n20_t2.png,cpu,2026-10-05T07:01:39.587296+00:00
sam_vit_b:ann451372_point_n20_t3,setup3,sam_vit_b,109992,451372,ann451372_point_n20_t3,point,0.2,3,0.22724961870869345,0.34365659998729825,40.63524420000613,0.8429955244064331,ok,,2026,results/masks/sam_vit_b/ann451372_point_n20_t3.png,cpu,2026-10-05T07:01:40.094736+00:00
sam_vit_b:ann474954_box_n00_t0,"setup1,setup2",sam_vit_b,455555,474954,ann474954_box_n00_t0,box,0.0,0,0.7698661820584835,0.17455470000277273,22.169738900003722,0.9430487155914307,ok,,2026,results/masks/sam_vit_b/ann474954_box_n00_t0.png,cpu,2026-10-05T07:21:18.308798+00:00
sam_vit_b:ann474954_box_n10_t1,setup3,sam_vit_b,455555,474954,ann474954_box_n10_t1,box,0.1,1,0.210160619127422,0.18013500000233762,22.169738900003722,0.7729299068450928,ok,,2026,results/masks/sam_vit_b/ann474954_box_n10_t1.png,cpu,2026-10-05T07:21:18.716516+00:00
sam_vit_b:ann474954_box_n10_t2,setup3,sam_vit_b,455555,474954,ann474954_box_n10_t2,box,0.1,2,0.29832974137931034,0.15967570000793785,22.169738900003722,0.8665154576301575,ok,,2026,results/masks/sam_vit_b/ann474954_box_n10_t2.png,cpu,2026-10-05T07:21:19.132198+00:00
sam_vit_b:ann474954_box_n10_t3,setup3,sam_vit_b,455555,474954,ann474954_box_n10_t3,box,0.1,3,0.22183874660424746,0.16624950000550598,22.169738900003722,0.759512722492218,ok,,2026,results/masks/sam_vit_b/ann474954_box_n10_t3.png,cpu,2026-10-05T07:21:19.545991+00:00
sam_vit_b:ann474954_box_n20_t1,setup3,sam_vit_b,455555,474954,ann474954_box_n20_t1,box,0.2,1,0.11196229745207383,0.506667000008747,22.169738900003722,0.2537463307380676,ok,,2026,results/masks/sam_vit_b/ann474954_box_n20_t1.png,cpu,2026-10-05T07:21:20.005932+00:00
sam_vit_b:ann474954_box_n20_t2,setup3,sam_vit_b,455555,474954,ann474954_box_n20_t2,box,0.2,2,0.38186607876840295,0.16988970001693815,22.169738900003722,0.8450524210929871,ok,,2026,results/masks/sam_vit_b/ann474954_box_n20_t2.png,cpu,2026-10-05T07:21:20.845072+00:00
sam_vit_b:ann474954_box_n20_t3,setup3,sam_vit_b,455555,474954,ann474954_box_n20_t3,box,0.2,3,0.05240807522496714,0.1670536000165157,22.169738900003722,0.8075164556503296,ok,,2026,results/masks/sam_vit_b/ann474954_box_n20_t3.png,cpu,2026-10-05T07:21:21.222049+00:00
sam_vit_b:ann474954_point_n00_t0,"setup1,setup2",sam_vit_b,455555,474954,ann474954_point_n00_t0,point,0.0,0,0.008762342654707168,0.18247520001023076,22.169738900003722,0.7901484966278076,ok,,2026,results/masks/sam_vit_b/ann474954_point_n00_t0.png,cpu,2026-10-05T07:21:18.058364+00:00
sam_vit_b:ann474954_point_n10_t1,setup3,sam_vit_b,455555,474954,ann474954_point_n10_t1,point,0.1,1,0.3469899822114034,0.17289830002118833,22.169738900003722,0.869886577129364,ok,,2026,results/masks/sam_vit_b/ann474954_point_n10_t1.png,cpu,2026-10-05T07:21:18.516378+00:00
sam_vit_b:ann474954_point_n10_t2,setup3,sam_vit_b,455555,474954,ann474954_point_n10_t2,point,0.1,2,0.11302876480541456,0.18109090000507422,22.169738900003722,0.7535199522972107,ok,,2026,results/masks/sam_vit_b/ann474954_point_n10_t2.png,cpu,2026-10-05T07:21:18.924537+00:00
sam_vit_b:ann474954_point_n10_t3,setup3,sam_vit_b,455555,474954,ann474954_point_n10_t3,point,0.1,3,0.032618527172684104,0.16275710001355037,22.169738900003722,0.5351626873016357,ok,,2026,results/masks/sam_vit_b/ann474954_point_n10_t3.png,cpu,2026-10-05T07:21:19.357791+00:00
sam_vit_b:ann474954_point_n20_t1,setup3,sam_vit_b,455555,474954,ann474954_point_n20_t1,point,0.2,1,0.3616399887672002,0.2300153000105638,22.169738900003722,0.8724416494369507,ok,,2026,results/masks/sam_vit_b/ann474954_point_n20_t1.png,cpu,2026-10-05T07:21:19.739645+00:00
sam_vit_b:ann474954_point_n20_t2,setup3,sam_vit_b,455555,474954,ann474954_point_n20_t2,point,0.2,2,0.024173266769265418,0.25316530000418425,22.169738900003722,0.8884594440460205,ok,,2026,results/masks/sam_vit_b/ann474954_point_n20_t2.png,cpu,2026-10-05T07:21:20.546683+00:00
sam_vit_b:ann474954_point_n20_t3,setup3,sam_vit_b,455555,474954,ann474954_point_n20_t3,point,0.2,3,0.039596317147107,0.1538017000129912,22.169738900003722,0.8373674154281616,ok,,2026,results/masks/sam_vit_b/ann474954_point_n20_t3.png,cpu,2026-10-05T07:21:21.042100+00:00
sam_vit_b:ann48965_box_n00_t0,"setup1,setup2",sam_vit_b,405306,48965,ann48965_box_n00_t0,box,0.0,0,0.5351377386926865,0.18791579999378882,23.45537329997751,0.8781387805938721,ok,,2026,results/masks/sam_vit_b/ann48965_box_n00_t0.png,cpu,2026-10-05T07:19:32.998425+00:00
sam_vit_b:ann48965_box_n10_t1,setup3,sam_vit_b,405306,48965,ann48965_box_n10_t1,box,0.1,1,0.46272141929422167,0.1983120999939274,23.45537329997751,0.8846347332000732,ok,,2026,results/masks/sam_vit_b/ann48965_box_n10_t1.png,cpu,2026-10-05T07:19:33.469777+00:00
sam_vit_b:ann48965_box_n10_t2,setup3,sam_vit_b,405306,48965,ann48965_box_n10_t2,box,0.1,2,0.4327543079488605,0.17358509998302907,23.45537329997751,0.7323951721191406,ok,,2026,results/masks/sam_vit_b/ann48965_box_n10_t2.png,cpu,2026-10-05T07:19:33.940029+00:00
sam_vit_b:ann48965_box_n10_t3,setup3,sam_vit_b,405306,48965,ann48965_box_n10_t3,box,0.1,3,0.06407324245225963,0.17887160001555458,23.45537329997751,0.5210264325141907,ok,,2026,results/masks/sam_vit_b/ann48965_box_n10_t3.png,cpu,2026-10-05T07:19:34.339144+00:00
sam_vit_b:ann48965_box_n20_t1,setup3,sam_vit_b,405306,48965,ann48965_box_n20_t1,box,0.2,1,0.4634447804891522,0.18685969998477958,23.45537329997751,0.9951794743537903,ok,,2026,results/masks/sam_vit_b/ann48965_box_n20_t1.png,cpu,2026-10-05T07:19:34.787967+00:00
sam_vit_b:ann48965_box_n20_t2,setup3,sam_vit_b,405306,48965,ann48965_box_n20_t2,box,0.2,2,0.46935756110775384,0.18442360000335611,23.45537329997751,0.8928297162055969,ok,,2026,results/masks/sam_vit_b/ann48965_box_n20_t2.png,cpu,2026-10-05T07:19:35.222797+00:00
sam_vit_b:ann48965_box_n20_t3,setup3,sam_vit_b,405306,48965,ann48965_box_n20_t3,box,0.2,3,0.25946617438858505,0.20456209999974817,23.45537329997751,0.8577295541763306,ok,,2026,results/masks/sam_vit_b/ann48965_box_n20_t3.png,cpu,2026-10-05T07:19:35.703103+00:00
sam_vit_b:ann48965_point_n00_t0,"setup1,setup2",sam_vit_b,405306,48965,ann48965_point_n00_t0,point,0.0,0,0.4622940627914206,0.2570999000163283,23.45537329997751,0.9751805663108826,ok,,2026,results/masks/sam_vit_b/ann48965_point_n00_t0.png,cpu,2026-10-05T07:19:32.668760+00:00
sam_vit_b:ann48965_point_n10_t1,setup3,sam_vit_b,405306,48965,ann48965_point_n10_t1,point,0.1,1,0.46235727262051957,0.2196416000078898,23.45537329997751,0.9836866855621338,ok,,2026,results/masks/sam_vit_b/ann48965_point_n10_t1.png,cpu,2026-10-05T07:19:33.221874+00:00
sam_vit_b:ann48965_point_n10_t2,setup3,sam_vit_b,405306,48965,ann48965_point_n10_t2,point,0.1,2,0.4628162535139279,0.17959200000041164,23.45537329997751,0.9842369556427002,ok,,2026,results/masks/sam_vit_b/ann48965_point_n10_t2.png,cpu,2026-10-05T07:19:33.699800+00:00
sam_vit_b:ann48965_point_n10_t3,setup3,sam_vit_b,405306,48965,ann48965_point_n10_t3,point,0.1,3,0.46298355515343226,0.17159670000546612,23.45537329997751,0.977167546749115,ok,,2026,results/masks/sam_vit_b/ann48965_point_n10_t3.png,cpu,2026-10-05T07:19:34.141223+00:00
sam_vit_b:ann48965_point_n20_t1,setup3,sam_vit_b,405306,48965,ann48965_point_n20_t1,point,0.2,1,0.4628057499291966,0.1777795999951195,23.45537329997751,0.9713453054428101,ok,,2026,results/masks/sam_vit_b/ann48965_point_n20_t1.png,cpu,2026-10-05T07:19:34.547960+00:00
sam_vit_b:ann48965_point_n20_t2,setup3,sam_vit_b,405306,48965,ann48965_point_n20_t2,point,0.2,2,0.4782400333379636,0.18880340000032447,23.45537329997751,0.9916172027587891,ok,,2026,results/masks/sam_vit_b/ann48965_point_n20_t2.png,cpu,2026-10-05T07:19:35.004236+00:00
sam_vit_b:ann48965_point_n20_t3,setup3,sam_vit_b,405306,48965,ann48965_point_n20_t3,point,0.2,3,0.4630686135016784,0.2333834999881219,23.45537329997751,0.9734442234039307,ok,,2026,results/masks/sam_vit_b/ann48965_point_n20_t3.png,cpu,2026-10-05T07:19:35.438521+00:00
sam_vit_b:ann506923_box_n00_t0,"setup1,setup2",sam_vit_b,378284,506923,ann506923_box_n00_t0,box,0.0,0,0.7273098409969918,0.2006866000010632,22.542325400019763,0.9803495407104492,ok,,2026,results/masks/sam_vit_b/ann506923_box_n00_t0.png,cpu,2026-10-05T07:17:23.747563+00:00
sam_vit_b:ann506923_box_n10_t1,setup3,sam_vit_b,378284,506923,ann506923_box_n10_t1,box,0.1,1,0.16793629556097456,0.4567248999956064,22.542325400019763,0.6854894161224365,ok,,2026,results/masks/sam_vit_b/ann506923_box_n10_t1.png,cpu,2026-10-05T07:17:24.291209+00:00
sam_vit_b:ann506923_box_n10_t2,setup3,sam_vit_b,378284,506923,ann506923_box_n10_t2,box,0.1,2,0.4705694992992738,0.3873736999812536,22.542325400019763,0.8510740995407104,ok,,2026,results/masks/sam_vit_b/ann506923_box_n10_t2.png,cpu,2026-10-05T07:17:25.361584+00:00
sam_vit_b:ann506923_box_n10_t3,setup3,sam_vit_b,378284,506923,ann506923_box_n10_t3,box,0.1,3,0.4618252690449962,0.1699419999786187,22.542325400019763,0.8120700716972351,ok,,2026,results/masks/sam_vit_b/ann506923_box_n10_t3.png,cpu,2026-10-05T07:17:25.988234+00:00
sam_vit_b:ann506923_box_n20_t1,setup3,sam_vit_b,378284,506923,ann506923_box_n20_t1,box,0.2,1,0.11526046986721145,0.16957220001495443,22.542325400019763,0.7772853374481201,ok,,2026,results/masks/sam_vit_b/ann506923_box_n20_t1.png,cpu,2026-10-05T07:17:26.379615+00:00
sam_vit_b:ann506923_box_n20_t2,setup3,sam_vit_b,378284,506923,ann506923_box_n20_t2,box,0.2,2,0.12321957747825256,0.17848959998809732,22.542325400019763,0.7994487881660461,ok,,2026,results/masks/sam_vit_b/ann506923_box_n20_t2.png,cpu,2026-10-05T07:17:26.750752+00:00
sam_vit_b:ann506923_box_n20_t3,setup3,sam_vit_b,378284,506923,ann506923_box_n20_t3,box,0.2,3,0.06265733711272771,0.17145399999571964,22.542325400019763,0.4041064381599426,ok,,2026,results/masks/sam_vit_b/ann506923_box_n20_t3.png,cpu,2026-10-05T07:17:27.154286+00:00
sam_vit_b:ann506923_point_n00_t0,"setup1,setup2",sam_vit_b,378284,506923,ann506923_point_n00_t0,point,0.0,0,0.7122337059692048,0.22717699999338947,22.542325400019763,0.9502969980239868,ok,,2026,results/masks/sam_vit_b/ann506923_point_n00_t0.png,cpu,2026-10-05T07:17:23.457997+00:00
sam_vit_b:ann506923_point_n10_t1,setup3,sam_vit_b,378284,506923,ann506923_point_n10_t1,point,0.1,1,0.09353602342707032,0.2789028999977745,22.542325400019763,0.8034822940826416,ok,,2026,results/masks/sam_vit_b/ann506923_point_n10_t1.png,cpu,2026-10-05T07:17:23.980845+00:00
sam_vit_b:ann506923_point_n10_t2,setup3,sam_vit_b,378284,506923,ann506923_point_n10_t2,point,0.1,2,0.7099209125797765,0.5306168000097387,22.542325400019763,0.9343271255493164,ok,,2026,results/masks/sam_vit_b/ann506923_point_n10_t2.png,cpu,2026-10-05T07:17:24.796108+00:00
sam_vit_b:ann506923_point_n10_t3,setup3,sam_vit_b,378284,506923,ann506923_point_n10_t3,point,0.1,3,0.7030369081801605,0.177560199983418,22.542325400019763,0.941124439239502,ok,,2026,results/masks/sam_vit_b/ann506923_point_n10_t3.png,cpu,2026-10-05T07:17:25.786867+00:00
sam_vit_b:ann506923_point_n20_t1,setup3,sam_vit_b,378284,506923,ann506923_point_n20_t1,point,0.2,1,0.09814854682454252,0.16592990001663566,22.542325400019763,0.8046069145202637,ok,,2026,results/masks/sam_vit_b/ann506923_point_n20_t1.png,cpu,2026-10-05T07:17:26.179763+00:00
sam_vit_b:ann506923_point_n20_t2,setup3,sam_vit_b,378284,506923,ann506923_point_n20_t2,point,0.2,2,0.6919490913591452,0.1554824000049848,22.542325400019763,0.7752718329429626,ok,,2026,results/masks/sam_vit_b/ann506923_point_n20_t2.png,cpu,2026-10-05T07:17:26.572500+00:00
sam_vit_b:ann506923_point_n20_t3,setup3,sam_vit_b,378284,506923,ann506923_point_n20_t3,point,0.2,3,0.7140194124831266,0.1758162999758497,22.542325400019763,0.9118021726608276,ok,,2026,results/masks/sam_vit_b/ann506923_point_n20_t3.png,cpu,2026-10-05T07:17:26.955701+00:00
sam_vit_b:ann518621_box_n00_t0,"setup1,setup2",sam_vit_b,91495,518621,ann518621_box_n00_t0,box,0.0,0,0.8765504208898814,0.3745698999846354,39.98495220000041,0.9711715579032898,ok,,2026,results/masks/sam_vit_b/ann518621_box_n00_t0.png,cpu,2026-10-05T06:58:31.787081+00:00
sam_vit_b:ann518621_box_n10_t1,setup3,sam_vit_b,91495,518621,ann518621_box_n10_t1,box,0.1,1,0.16535433070866143,0.4111321000091266,39.98495220000041,0.7364448308944702,ok,,2026,results/masks/sam_vit_b/ann518621_box_n10_t1.png,cpu,2026-10-05T06:58:32.692146+00:00
sam_vit_b:ann518621_box_n10_t2,setup3,sam_vit_b,91495,518621,ann518621_box_n10_t2,box,0.1,2,0.09246718793633063,0.40118909999728203,39.98495220000041,0.4356374144554138,ok,,2026,results/masks/sam_vit_b/ann518621_box_n10_t2.png,cpu,2026-10-05T06:58:33.710242+00:00
sam_vit_b:ann518621_box_n10_t3,setup3,sam_vit_b,91495,518621,ann518621_box_n10_t3,box,0.1,3,0.7256637168141593,0.4346246000204701,39.98495220000041,0.839261531829834,ok,,2026,results/masks/sam_vit_b/ann518621_box_n10_t3.png,cpu,2026-10-05T06:58:34.762457+00:00
sam_vit_b:ann518621_box_n20_t1,setup3,sam_vit_b,91495,518621,ann518621_box_n20_t1,box,0.2,1,0.10076712138567809,0.9460432000050787,39.98495220000041,0.6266636848449707,ok,,2026,results/masks/sam_vit_b/ann518621_box_n20_t1.png,cpu,2026-10-05T06:58:35.768125+00:00
sam_vit_b:ann518621_box_n20_t2,setup3,sam_vit_b,91495,518621,ann518621_box_n20_t2,box,0.2,2,0.0,0.48295110001345165,39.98495220000041,0.7997013330459595,ok,,2026,results/masks/sam_vit_b/ann518621_box_n20_t2.png,cpu,2026-10-05T06:58:37.434867+00:00
sam_vit_b:ann518621_box_n20_t3,setup3,sam_vit_b,91495,518621,ann518621_box_n20_t3,box,0.2,3,0.012737293325168401,0.3385581999900751,39.98495220000041,0.5836097002029419,ok,,2026,results/masks/sam_vit_b/ann518621_box_n20_t3.png,cpu,2026-10-05T06:58:38.300411+00:00
sam_vit_b:ann518621_point_n00_t0,"setup1,setup2",sam_vit_b,91495,518621,ann518621_point_n00_t0,point,0.0,0,0.005663147591414388,0.6527526999998372,39.98495220000041,0.5584930181503296,ok,,2026,results/masks/sam_vit_b/ann518621_point_n00_t0.png,cpu,2026-10-05T06:58:31.072165+00:00
sam_vit_b:ann518621_point_n10_t1,setup3,sam_vit_b,91495,518621,ann518621_point_n10_t1,point,0.1,1,0.07012216404886562,0.4780581999802962,39.98495220000041,0.8249481916427612,ok,,2026,results/masks/sam_vit_b/ann518621_point_n10_t1.png,cpu,2026-10-05T06:58:32.191508+00:00
sam_vit_b:ann518621_point_n10_t2,setup3,sam_vit_b,91495,518621,ann518621_point_n10_t2,point,0.1,2,0.07880482264546566,0.5280829999828711,39.98495220000041,0.8633197546005249,ok,,2026,results/masks/sam_vit_b/ann518621_point_n10_t2.png,cpu,2026-10-05T06:58:33.158100+00:00
sam_vit_b:ann518621_point_n10_t3,setup3,sam_vit_b,91495,518621,ann518621_point_n10_t3,point,0.1,3,0.18546558280710324,0.5962108999956399,39.98495220000041,0.7315722703933716,ok,,2026,results/masks/sam_vit_b/ann518621_point_n10_t3.png,cpu,2026-10-05T06:58:34.144436+00:00
sam_vit_b:ann518621_point_n20_t1,setup3,sam_vit_b,91495,518621,ann518621_point_n20_t1,point,0.2,1,0.0006077298059143747,0.5206096000038087,39.98495220000041,0.9831753969192505,ok,,2026,results/masks/sam_vit_b/ann518621_point_n20_t1.png,cpu,2026-10-05T06:58:35.227999+00:00
sam_vit_b:ann518621_point_n20_t2,setup3,sam_vit_b,91495,518621,ann518621_point_n20_t2,point,0.2,2,0.0026532904675214005,0.6701593000034336,39.98495220000041,0.802368700504303,ok,,2026,results/masks/sam_vit_b/ann518621_point_n20_t2.png,cpu,2026-10-05T06:58:36.740427+00:00
sam_vit_b:ann518621_point_n20_t3,setup3,sam_vit_b,91495,518621,ann518621_point_n20_t3,point,0.2,3,0.19170532631064913,0.3359053000167478,39.98495220000041,0.7729998230934143,ok,,2026,results/masks/sam_vit_b/ann518621_point_n20_t3.png,cpu,2026-10-05T06:58:37.945976+00:00
sam_vit_b:ann585805_box_n00_t0,"setup1,setup2",sam_vit_b,474170,585805,ann585805_box_n00_t0,box,0.0,0,0.8348104382077794,0.1903765999886673,22.713914799998747,0.7809042930603027,ok,,2026,results/masks/sam_vit_b/ann585805_box_n00_t0.png,cpu,2026-10-05T07:22:35.320447+00:00
sam_vit_b:ann585805_box_n10_t1,setup3,sam_vit_b,474170,585805,ann585805_box_n10_t1,box,0.1,1,0.39054899235580265,0.23210690001724288,22.713914799998747,0.840793251991272,ok,,2026,results/masks/sam_vit_b/ann585805_box_n10_t1.png,cpu,2026-10-05T07:22:35.799120+00:00
sam_vit_b:ann585805_box_n10_t2,setup3,sam_vit_b,474170,585805,ann585805_box_n10_t2,box,0.1,2,0.24505797901711762,0.27126639999914914,22.713914799998747,0.9640323519706726,ok,,2026,results/masks/sam_vit_b/ann585805_box_n10_t2.png,cpu,2026-10-05T07:22:36.425388+00:00
sam_vit_b:ann585805_box_n10_t3,setup3,sam_vit_b,474170,585805,ann585805_box_n10_t3,box,0.1,3,0.7514851485148515,0.17746609999448992,22.713914799998747,0.8859804272651672,ok,,2026,results/masks/sam_vit_b/ann585805_box_n10_t3.png,cpu,2026-10-05T07:22:37.015175+00:00
sam_vit_b:ann585805_box_n20_t1,setup3,sam_vit_b,474170,585805,ann585805_box_n20_t1,box,0.2,1,0.4924066924066924,0.17729920000419952,22.713914799998747,0.8987933397293091,ok,,2026,results/masks/sam_vit_b/ann585805_box_n20_t1.png,cpu,2026-10-05T07:22:37.431528+00:00
sam_vit_b:ann585805_box_n20_t2,setup3,sam_vit_b,474170,585805,ann585805_box_n20_t2,box,0.2,2,0.04823331463825014,0.1734133000136353,22.713914799998747,0.9569834470748901,ok,,2026,results/masks/sam_vit_b/ann585805_box_n20_t2.png,cpu,2026-10-05T07:22:37.911280+00:00
sam_vit_b:ann585805_box_n20_t3,setup3,sam_vit_b,474170,585805,ann585805_box_n20_t3,box,0.2,3,0.41289198606271776,0.17575890000443906,22.713914799998747,0.7716000080108643,ok,,2026,results/masks/sam_vit_b/ann585805_box_n20_t3.png,cpu,2026-10-05T07:22:38.325520+00:00
sam_vit_b:ann585805_point_n00_t0,"setup1,setup2",sam_vit_b,474170,585805,ann585805_point_n00_t0,point,0.0,0,0.3156046161565479,0.18647140002576634,22.713914799998747,0.8236590027809143,ok,,2026,results/masks/sam_vit_b/ann585805_point_n00_t0.png,cpu,2026-10-05T07:22:35.103808+00:00
sam_vit_b:ann585805_point_n10_t1,setup3,sam_vit_b,474170,585805,ann585805_point_n10_t1,point,0.1,1,0.5336059289547662,0.1939219000050798,22.713914799998747,0.7417460680007935,ok,,2026,results/masks/sam_vit_b/ann585805_point_n10_t1.png,cpu,2026-10-05T07:22:35.539903+00:00
sam_vit_b:ann585805_point_n10_t2,setup3,sam_vit_b,474170,585805,ann585805_point_n10_t2,point,0.1,2,0.3476461458872219,0.27322149998508394,22.713914799998747,0.7215313911437988,ok,,2026,results/masks/sam_vit_b/ann585805_point_n10_t2.png,cpu,2026-10-05T07:22:36.110893+00:00
sam_vit_b:ann585805_point_n10_t3,setup3,sam_vit_b,474170,585805,ann585805_point_n10_t3,point,0.1,3,0.3151819322459222,0.21483760001137853,22.713914799998747,0.8342387676239014,ok,,2026,results/masks/sam_vit_b/ann585805_point_n10_t3.png,cpu,2026-10-05T07:22:36.768813+00:00
sam_vit_b:ann585805_point_n20_t1,setup3,sam_vit_b,474170,585805,ann585805_point_n20_t1,point,0.2,1,0.46993548387096773,0.177443199994741,22.713914799998747,0.7484121322631836,ok,,2026,results/masks/sam_vit_b/ann585805_point_n20_t1.png,cpu,2026-10-05T07:22:37.223727+00:00
sam_vit_b:ann585805_point_n20_t2,setup3,sam_vit_b,474170,585805,ann585805_point_n20_t2,point,0.2,2,0.04798571587992412,0.19137549999868497,22.713914799998747,0.8994234800338745,ok,,2026,results/masks/sam_vit_b/ann585805_point_n20_t2.png,cpu,2026-10-05T07:22:37.654340+00:00
sam_vit_b:ann585805_point_n20_t3,setup3,sam_vit_b,474170,585805,ann585805_point_n20_t3,point,0.2,3,0.31446540880503143,0.18262760000652634,22.713914799998747,0.8071885108947754,ok,,2026,results/masks/sam_vit_b/ann585805_point_n20_t3.png,cpu,2026-10-05T07:22:38.115115+00:00
sam_vit_b:ann592288_box_n00_t0,"setup1,setup2",sam_vit_b,93965,592288,ann592288_box_n00_t0,box,0.0,0,0.9023273496644517,0.3093063000123948,38.44021269999212,0.9970766305923462,ok,,2026,results/masks/sam_vit_b/ann592288_box_n00_t0.png,cpu,2026-10-05T07:00:02.514124+00:00
sam_vit_b:ann592288_box_n10_t1,setup3,sam_vit_b,93965,592288,ann592288_box_n10_t1,box,0.1,1,0.014586532134239966,0.28176880002138205,38.44021269999212,0.6014635562896729,ok,,2026,results/masks/sam_vit_b/ann592288_box_n10_t1.png,cpu,2026-10-05T07:00:03.148227+00:00
sam_vit_b:ann592288_box_n10_t2,setup3,sam_vit_b,93965,592288,ann592288_box_n10_t2,box,0.1,2,0.00023194552593648005,0.285264099977212,38.44021269999212,0.262067973613739,ok,,2026,results/masks/sam_vit_b/ann592288_box_n10_t2.png,cpu,2026-10-05T07:00:03.829376+00:00
sam_vit_b:ann592288_box_n10_t3,setup3,sam_vit_b,93965,592288,ann592288_box_n10_t3,box,0.1,3,0.016261188668621245,0.40371320000849664,38.44021269999212,0.8677323460578918,ok,,2026,results/masks/sam_vit_b/ann592288_box_n10_t3.png,cpu,2026-10-05T07:00:04.644158+00:00
sam_vit_b:ann592288_box_n20_t1,setup3,sam_vit_b,93965,592288,ann592288_box_n20_t1,box,0.2,1,0.014744761407402572,0.5245969999814406,38.44021269999212,1.021424412727356,ok,,2026,results/masks/sam_vit_b/ann592288_box_n20_t1.png,cpu,2026-10-05T07:00:05.575043+00:00
sam_vit_b:ann592288_box_n20_t2,setup3,sam_vit_b,93965,592288,ann592288_box_n20_t2,box,0.2,2,0.00784748856244623,0.35533469999791123,38.44021269999212,0.988644003868103,ok,,2026,results/masks/sam_vit_b/ann592288_box_n20_t2.png,cpu,2026-10-05T07:00:06.679004+00:00
sam_vit_b:ann592288_box_n20_t3,setup3,sam_vit_b,93965,592288,ann592288_box_n20_t3,box,0.2,3,0.377844390712464,0.3586115000071004,38.44021269999212,0.6089895963668823,ok,,2026,results/masks/sam_vit_b/ann592288_box_n20_t3.png,cpu,2026-10-05T07:00:07.485719+00:00
sam_vit_b:ann592288_point_n00_t0,"setup1,setup2",sam_vit_b,93965,592288,ann592288_point_n00_t0,point,0.0,0,0.8428500496524329,0.400823500007391,38.44021269999212,0.8734948039054871,ok,,2026,results/masks/sam_vit_b/ann592288_point_n00_t0.png,cpu,2026-10-05T07:00:02.077089+00:00
sam_vit_b:ann592288_point_n10_t1,setup3,sam_vit_b,93965,592288,ann592288_point_n10_t1,point,0.1,1,0.8860945767195767,0.2767109000124037,38.44021269999212,0.9525781869888306,ok,,2026,results/masks/sam_vit_b/ann592288_point_n10_t1.png,cpu,2026-10-05T07:00:02.848288+00:00
sam_vit_b:ann592288_point_n10_t2,setup3,sam_vit_b,93965,592288,ann592288_point_n10_t2,point,0.1,2,0.8517918004036928,0.3446105000039097,38.44021269999212,0.8502802848815918,ok,,2026,results/masks/sam_vit_b/ann592288_point_n10_t2.png,cpu,2026-10-05T07:00:03.458490+00:00
sam_vit_b:ann592288_point_n10_t3,setup3,sam_vit_b,93965,592288,ann592288_point_n10_t3,point,0.1,3,0.4829773141248551,0.462991400010651,38.44021269999212,0.6931249499320984,ok,,2026,results/masks/sam_vit_b/ann592288_point_n10_t3.png,cpu,2026-10-05T07:00:04.142341+00:00
sam_vit_b:ann592288_point_n20_t1,setup3,sam_vit_b,93965,592288,ann592288_point_n20_t1,point,0.2,1,0.010626546672032744,0.46663840001565404,38.44021269999212,0.8970451951026917,ok,,2026,results/masks/sam_vit_b/ann592288_point_n20_t1.png,cpu,2026-10-05T07:00:05.076871+00:00
sam_vit_b:ann592288_point_n20_t2,setup3,sam_vit_b,93965,592288,ann592288_point_n20_t2,point,0.2,2,0.0094255234561357,0.5306345999997575,38.44021269999212,0.741809070110321,ok,,2026,results/masks/sam_vit_b/ann592288_point_n20_t2.png,cpu,2026-10-05T07:00:06.128999+00:00
sam_vit_b:ann592288_point_n20_t3,setup3,sam_vit_b,93965,592288,ann592288_point_n20_t3,point,0.2,3,0.008607058300640187,0.3898738000134472,38.44021269999212,0.29951873421669006,ok,,2026,results/masks/sam_vit_b/ann592288_point_n20_t3.png,cpu,2026-10-05T07:00:07.067559+00:00
sam_vit_b:ann595505_box_n00_t0,"setup1,setup2",sam_vit_b,134689,595505,ann595505_box_n00_t0,box,0.0,0,0.8431446858682836,0.5115938000089955,34.49186710000504,0.9788928031921387,ok,,2026,results/masks/sam_vit_b/ann595505_box_n00_t0.png,cpu,2026-10-05T07:04:26.184829+00:00
sam_vit_b:ann595505_box_n10_t1,setup3,sam_vit_b,134689,595505,ann595505_box_n10_t1,box,0.1,1,0.5216792112795505,0.31487850000848994,34.49186710000504,0.8272419571876526,ok,,2026,results/masks/sam_vit_b/ann595505_box_n10_t1.png,cpu,2026-10-05T07:04:27.024394+00:00
sam_vit_b:ann595505_box_n10_t2,setup3,sam_vit_b,134689,595505,ann595505_box_n10_t2,box,0.1,2,0.7868069847870828,0.2908930999983568,34.49186710000504,0.9389061331748962,ok,,2026,results/masks/sam_vit_b/ann595505_box_n10_t2.png,cpu,2026-10-05T07:04:27.738710+00:00
sam_vit_b:ann595505_box_n10_t3,setup3,sam_vit_b,134689,595505,ann595505_box_n10_t3,box,0.1,3,0.4795859689476711,0.2721292999922298,34.49186710000504,0.6465616226196289,ok,,2026,results/masks/sam_vit_b/ann595505_box_n10_t3.png,cpu,2026-10-05T07:04:28.361817+00:00
sam_vit_b:ann595505_box_n20_t1,setup3,sam_vit_b,134689,595505,ann595505_box_n20_t1,box,0.2,1,4.3331937082027354e-05,0.2600378999777604,34.49186710000504,0.5956291556358337,ok,,2026,results/masks/sam_vit_b/ann595505_box_n20_t1.png,cpu,2026-10-05T07:04:28.977473+00:00
sam_vit_b:ann595505_box_n20_t2,setup3,sam_vit_b,134689,595505,ann595505_box_n20_t2,box,0.2,2,0.7276218926704363,0.3598315000126604,34.49186710000504,0.7499004602432251,ok,,2026,results/masks/sam_vit_b/ann595505_box_n20_t2.png,cpu,2026-10-05T07:04:29.600696+00:00
sam_vit_b:ann595505_box_n20_t3,setup3,sam_vit_b,134689,595505,ann595505_box_n20_t3,box,0.2,3,0.35836287463744765,0.2949458999792114,34.49186710000504,0.6538330912590027,ok,,2026,results/masks/sam_vit_b/ann595505_box_n20_t3.png,cpu,2026-10-05T07:04:30.319657+00:00
sam_vit_b:ann595505_point_n00_t0,"setup1,setup2",sam_vit_b,134689,595505,ann595505_point_n00_t0,point,0.0,0,0.8358631770326836,0.32355199998710304,34.49186710000504,0.9631714820861816,ok,,2026,results/masks/sam_vit_b/ann595505_point_n00_t0.png,cpu,2026-10-05T07:04:25.829398+00:00
sam_vit_b:ann595505_point_n10_t1,setup3,sam_vit_b,134689,595505,ann595505_point_n10_t1,point,0.1,1,0.8404345074878717,0.2736985000083223,34.49186710000504,0.9752958416938782,ok,,2026,results/masks/sam_vit_b/ann595505_point_n10_t1.png,cpu,2026-10-05T07:04:26.722444+00:00
sam_vit_b:ann595505_point_n10_t2,setup3,sam_vit_b,134689,595505,ann595505_point_n10_t2,point,0.1,2,0.816837677649608,0.34011520000058226,34.49186710000504,0.7220420837402344,ok,,2026,results/masks/sam_vit_b/ann595505_point_n10_t2.png,cpu,2026-10-05T07:04:27.368242+00:00
sam_vit_b:ann595505_point_n10_t3,setup3,sam_vit_b,134689,595505,ann595505_point_n10_t3,point,0.1,3,0.8429265202702703,0.2778556999983266,34.49186710000504,0.9593777656555176,ok,,2026,results/masks/sam_vit_b/ann595505_point_n10_t3.png,cpu,2026-10-05T07:04:28.057118+00:00
sam_vit_b:ann595505_point_n20_t1,setup3,sam_vit_b,134689,595505,ann595505_point_n20_t1,point,0.2,1,0.8396983548543383,0.2874078000022564,34.49186710000504,0.9931157231330872,ok,,2026,results/masks/sam_vit_b/ann595505_point_n20_t1.png,cpu,2026-10-05T07:04:28.660329+00:00
sam_vit_b:ann595505_point_n20_t2,setup3,sam_vit_b,134689,595505,ann595505_point_n20_t2,point,0.2,2,0.013772622608620801,0.30913300000247546,34.49186710000504,0.7478048205375671,ok,,2026,results/masks/sam_vit_b/ann595505_point_n20_t2.png,cpu,2026-10-05T07:04:29.264402+00:00
sam_vit_b:ann595505_point_n20_t3,setup3,sam_vit_b,134689,595505,ann595505_point_n20_t3,point,0.2,3,0.010112346415085516,0.2988449999829754,34.49186710000504,0.7151452302932739,ok,,2026,results/masks/sam_vit_b/ann595505_point_n20_t3.png,cpu,2026-10-05T07:04:29.995907+00:00
sam_vit_b:ann601827_box_n00_t0,"setup1,setup2",sam_vit_b,128654,601827,ann601827_box_n00_t0,box,0.0,0,0.9241748438893844,0.2758392999821808,72.29212560001179,0.9802795052528381,ok,,2026,results/masks/sam_vit_b/ann601827_box_n00_t0.png,cpu,2026-10-05T07:03:47.372002+00:00
sam_vit_b:ann601827_box_n10_t1,setup3,sam_vit_b,128654,601827,ann601827_box_n10_t1,box,0.1,1,0.9232485497545738,0.31788699998287484,72.29212560001179,0.9743927717208862,ok,,2026,results/masks/sam_vit_b/ann601827_box_n10_t1.png,cpu,2026-10-05T07:03:47.957316+00:00
sam_vit_b:ann601827_box_n10_t2,setup3,sam_vit_b,128654,601827,ann601827_box_n10_t2,box,0.1,2,0.9251456745853878,0.29933510001865216,72.29212560001179,0.952479362487793,ok,,2026,results/masks/sam_vit_b/ann601827_box_n10_t2.png,cpu,2026-10-05T07:03:48.685329+00:00
sam_vit_b:ann601827_box_n10_t3,setup3,sam_vit_b,128654,601827,ann601827_box_n10_t3,box,0.1,3,0.9249665029030817,0.2533840000105556,72.29212560001179,0.9756826162338257,ok,,2026,results/masks/sam_vit_b/ann601827_box_n10_t3.png,cpu,2026-10-05T07:03:49.308673+00:00
sam_vit_b:ann601827_box_n20_t1,setup3,sam_vit_b,128654,601827,ann601827_box_n20_t1,box,0.2,1,0.5954954954954955,0.252444599987939,72.29212560001179,0.8572158813476562,ok,,2026,results/masks/sam_vit_b/ann601827_box_n20_t1.png,cpu,2026-10-05T07:03:49.857643+00:00
sam_vit_b:ann601827_box_n20_t2,setup3,sam_vit_b,128654,601827,ann601827_box_n20_t2,box,0.2,2,0.19700068166325835,0.28692000001319684,72.29212560001179,0.5153616070747375,ok,,2026,results/masks/sam_vit_b/ann601827_box_n20_t2.png,cpu,2026-10-05T07:03:50.411400+00:00
sam_vit_b:ann601827_box_n20_t3,setup3,sam_vit_b,128654,601827,ann601827_box_n20_t3,box,0.2,3,0.8776881720430108,0.24692330000107177,72.29212560001179,0.9052608013153076,ok,,2026,results/masks/sam_vit_b/ann601827_box_n20_t3.png,cpu,2026-10-05T07:03:51.041360+00:00
sam_vit_b:ann601827_point_n00_t0,"setup1,setup2",sam_vit_b,128654,601827,ann601827_point_n00_t0,point,0.0,0,0.8815612382234186,1.2444494999945164,72.29212560001179,0.6895438432693481,ok,,2026,results/masks/sam_vit_b/ann601827_point_n00_t0.png,cpu,2026-10-05T07:03:46.093536+00:00
sam_vit_b:ann601827_point_n10_t1,setup3,sam_vit_b,128654,601827,ann601827_point_n10_t1,point,0.1,1,0.923455684870188,0.2592663000104949,72.29212560001179,0.8366243839263916,ok,,2026,results/masks/sam_vit_b/ann601827_point_n10_t1.png,cpu,2026-10-05T07:03:47.668950+00:00
sam_vit_b:ann601827_point_n10_t2,setup3,sam_vit_b,128654,601827,ann601827_point_n10_t2,point,0.1,2,0.9246208742194469,0.36340820000623353,72.29212560001179,0.9485114812850952,ok,,2026,results/masks/sam_vit_b/ann601827_point_n10_t2.png,cpu,2026-10-05T07:03:48.295607+00:00
sam_vit_b:ann601827_point_n10_t3,setup3,sam_vit_b,128654,601827,ann601827_point_n10_t3,point,0.1,3,0.8699369936993699,0.27722800002084114,72.29212560001179,0.6818200349807739,ok,,2026,results/masks/sam_vit_b/ann601827_point_n10_t3.png,cpu,2026-10-05T07:03:49.010419+00:00
sam_vit_b:ann601827_point_n20_t1,setup3,sam_vit_b,128654,601827,ann601827_point_n20_t1,point,0.2,1,0.9250334672021419,0.2541466999973636,72.29212560001179,0.9469870924949646,ok,,2026,results/masks/sam_vit_b/ann601827_point_n20_t1.png,cpu,2026-10-05T07:03:49.582696+00:00
sam_vit_b:ann601827_point_n20_t2,setup3,sam_vit_b,128654,601827,ann601827_point_n20_t2,point,0.2,2,0.9246544806063308,0.254537300002994,72.29212560001179,0.9486634731292725,ok,,2026,results/masks/sam_vit_b/ann601827_point_n20_t2.png,cpu,2026-10-05T07:03:50.133319+00:00
sam_vit_b:ann601827_point_n20_t3,setup3,sam_vit_b,128654,601827,ann601827_point_n20_t3,point,0.2,3,0.922077922077922,0.28579000002355315,72.29212560001179,0.7619898319244385,ok,,2026,results/masks/sam_vit_b/ann601827_point_n20_t3.png,cpu,2026-10-05T07:03:50.725478+00:00
sam_vit_b:ann613127_box_n00_t0,"setup1,setup2",sam_vit_b,54592,613127,ann613127_box_n00_t0,box,0.0,0,0.7306892247954514,0.690703600004781,51.39727120002499,0.9457260966300964,ok,,2026,results/masks/sam_vit_b/ann613127_box_n00_t0.png,cpu,2026-10-05T06:54:31.004202+00:00
sam_vit_b:ann613127_box_n10_t1,setup3,sam_vit_b,54592,613127,ann613127_box_n10_t1,box,0.1,1,0.6711563261212208,0.5998627999797463,51.39727120002499,0.8825560808181763,ok,,2026,results/masks/sam_vit_b/ann613127_box_n10_t1.png,cpu,2026-10-05T06:54:32.461649+00:00
sam_vit_b:ann613127_box_n10_t2,setup3,sam_vit_b,54592,613127,ann613127_box_n10_t2,box,0.1,2,0.6527617951668585,0.5351790999993682,51.39727120002499,0.8706493377685547,ok,,2026,results/masks/sam_vit_b/ann613127_box_n10_t2.png,cpu,2026-10-05T06:54:33.610289+00:00
sam_vit_b:ann613127_box_n10_t3,setup3,sam_vit_b,54592,613127,ann613127_box_n10_t3,box,0.1,3,0.6401319563970166,0.6728783999860752,51.39727120002499,0.9229387640953064,ok,,2026,results/masks/sam_vit_b/ann613127_box_n10_t3.png,cpu,2026-10-05T06:54:34.914287+00:00
sam_vit_b:ann613127_box_n20_t1,setup3,sam_vit_b,54592,613127,ann613127_box_n20_t1,box,0.2,1,0.6247519138077686,0.6587567000242416,51.39727120002499,0.8575695753097534,ok,,2026,results/masks/sam_vit_b/ann613127_box_n20_t1.png,cpu,2026-10-05T06:54:37.725261+00:00
sam_vit_b:ann613127_box_n20_t2,setup3,sam_vit_b,54592,613127,ann613127_box_n20_t2,box,0.2,2,0.5716530932990427,0.6555823000089731,51.39727120002499,0.910436749458313,ok,,2026,results/masks/sam_vit_b/ann613127_box_n20_t2.png,cpu,2026-10-05T06:54:39.096037+00:00
sam_vit_b:ann613127_box_n20_t3,setup3,sam_vit_b,54592,613127,ann613127_box_n20_t3,box,0.2,3,0.5643706143491336,0.8944876000168733,51.39727120002499,0.908728837966919,ok,,2026,results/masks/sam_vit_b/ann613127_box_n20_t3.png,cpu,2026-10-05T06:54:40.505133+00:00
sam_vit_b:ann613127_point_n00_t0,"setup1,setup2",sam_vit_b,54592,613127,ann613127_point_n00_t0,point,0.0,0,0.7105156313438896,1.3051980000163894,51.39727120002499,0.9053916931152344,ok,,2026,results/masks/sam_vit_b/ann613127_point_n00_t0.png,cpu,2026-10-05T06:54:29.655915+00:00
sam_vit_b:ann613127_point_n10_t1,setup3,sam_vit_b,54592,613127,ann613127_point_n10_t1,point,0.1,1,0.14255243512264487,0.6907308999798261,51.39727120002499,0.37534186244010925,ok,,2026,results/masks/sam_vit_b/ann613127_point_n10_t1.png,cpu,2026-10-05T06:54:31.718546+00:00
sam_vit_b:ann613127_point_n10_t2,setup3,sam_vit_b,54592,613127,ann613127_point_n10_t2,point,0.1,2,0.10211736237144585,0.5058630999992602,51.39727120002499,0.5676034092903137,ok,,2026,results/masks/sam_vit_b/ann613127_point_n10_t2.png,cpu,2026-10-05T06:54:33.081592+00:00
sam_vit_b:ann613127_point_n10_t3,setup3,sam_vit_b,54592,613127,ann613127_point_n10_t3,point,0.1,3,0.0,0.703943700005766,51.39727120002499,0.8559991121292114,ok,,2026,results/masks/sam_vit_b/ann613127_point_n10_t3.png,cpu,2026-10-05T06:54:34.176015+00:00
sam_vit_b:ann613127_point_n20_t1,setup3,sam_vit_b,54592,613127,ann613127_point_n20_t1,point,0.2,1,0.014877479579929988,2.0756306999828666,51.39727120002499,0.7245057225227356,ok,,2026,results/masks/sam_vit_b/ann613127_point_n20_t1.png,cpu,2026-10-05T06:54:35.610762+00:00
sam_vit_b:ann613127_point_n20_t2,setup3,sam_vit_b,54592,613127,ann613127_point_n20_t2,point,0.2,2,0.0,0.6649145999981556,51.39727120002499,0.826988697052002,ok,,2026,results/masks/sam_vit_b/ann613127_point_n20_t2.png,cpu,2026-10-05T06:54:38.414187+00:00
sam_vit_b:ann613127_point_n20_t3,setup3,sam_vit_b,54592,613127,ann613127_point_n20_t3,point,0.2,3,0.0,0.7089442000142299,51.39727120002499,0.8405954837799072,ok,,2026,results/masks/sam_vit_b/ann613127_point_n20_t3.png,cpu,2026-10-05T06:54:39.775942+00:00
sam_vit_b:ann648400_box_n00_t0,"setup1,setup2",sam_vit_b,32570,648400,ann648400_box_n00_t0,box,0.0,0,0.8562587904360056,0.4946300000010524,52.643494799995096,0.9472060203552246,ok,,2026,results/masks/sam_vit_b/ann648400_box_n00_t0.png,cpu,2026-10-05T06:52:40.205909+00:00
sam_vit_b:ann648400_box_n10_t1,setup3,sam_vit_b,32570,648400,ann648400_box_n10_t1,box,0.1,1,0.789458010720667,0.4482156000158284,52.643494799995096,0.928004264831543,ok,,2026,results/masks/sam_vit_b/ann648400_box_n10_t1.png,cpu,2026-10-05T06:52:41.290484+00:00
sam_vit_b:ann648400_box_n10_t2,setup3,sam_vit_b,32570,648400,ann648400_box_n10_t2,box,0.1,2,0.8514431239388794,0.41913329999078996,52.643494799995096,0.9474800825119019,ok,,2026,results/masks/sam_vit_b/ann648400_box_n10_t2.png,cpu,2026-10-05T06:52:42.382408+00:00
sam_vit_b:ann648400_box_n10_t3,setup3,sam_vit_b,32570,648400,ann648400_box_n10_t3,box,0.1,3,0.8512649430080623,0.3639660000044387,52.643494799995096,0.9466750621795654,ok,,2026,results/masks/sam_vit_b/ann648400_box_n10_t3.png,cpu,2026-10-05T06:52:43.205011+00:00
sam_vit_b:ann648400_box_n20_t1,setup3,sam_vit_b,32570,648400,ann648400_box_n20_t1,box,0.2,1,0.5847482871611558,0.4232061000075191,52.643494799995096,0.9256333112716675,ok,,2026,results/masks/sam_vit_b/ann648400_box_n20_t1.png,cpu,2026-10-05T06:52:44.001142+00:00
sam_vit_b:ann648400_box_n20_t2,setup3,sam_vit_b,32570,648400,ann648400_box_n20_t2,box,0.2,2,0.8482352941176471,0.5613960999762639,52.643494799995096,0.9182539582252502,ok,,2026,results/masks/sam_vit_b/ann648400_box_n20_t2.png,cpu,2026-10-05T06:52:44.991432+00:00
sam_vit_b:ann648400_box_n20_t3,setup3,sam_vit_b,32570,648400,ann648400_box_n20_t3,box,0.2,3,0.4933441999456669,0.39277019997825846,52.643494799995096,0.7712885141372681,ok,,2026,results/masks/sam_vit_b/ann648400_box_n20_t3.png,cpu,2026-10-05T06:52:46.482585+00:00
sam_vit_b:ann648400_point_n00_t0,"setup1,setup2",sam_vit_b,32570,648400,ann648400_point_n00_t0,point,0.0,0,0.770516717325228,0.6522472000215203,52.643494799995096,0.8017865419387817,ok,,2026,results/masks/sam_vit_b/ann648400_point_n00_t0.png,cpu,2026-10-05T06:52:39.507880+00:00
sam_vit_b:ann648400_point_n10_t1,setup3,sam_vit_b,32570,648400,ann648400_point_n10_t1,point,0.1,1,0.823980290172461,0.5512114000157453,52.643494799995096,0.8223709464073181,ok,,2026,results/masks/sam_vit_b/ann648400_point_n10_t1.png,cpu,2026-10-05T06:52:40.721929+00:00
sam_vit_b:ann648400_point_n10_t2,setup3,sam_vit_b,32570,648400,ann648400_point_n10_t2,point,0.1,2,0.7444388270980788,0.59309970002505,52.643494799995096,0.8135759234428406,ok,,2026,results/masks/sam_vit_b/ann648400_point_n10_t2.png,cpu,2026-10-05T06:52:41.764842+00:00
sam_vit_b:ann648400_point_n10_t3,setup3,sam_vit_b,32570,648400,ann648400_point_n10_t3,point,0.1,3,0.01762246117084827,0.3688857000088319,52.643494799995096,0.8031801581382751,ok,,2026,results/masks/sam_vit_b/ann648400_point_n10_t3.png,cpu,2026-10-05T06:52:42.819740+00:00
sam_vit_b:ann648400_point_n20_t1,setup3,sam_vit_b,32570,648400,ann648400_point_n20_t1,point,0.2,1,0.8488964346349746,0.39637080000829883,52.643494799995096,0.7994542121887207,ok,,2026,results/masks/sam_vit_b/ann648400_point_n20_t1.png,cpu,2026-10-05T06:52:43.585223+00:00
sam_vit_b:ann648400_point_n20_t2,setup3,sam_vit_b,32570,648400,ann648400_point_n20_t2,point,0.2,2,0.00016560509554140127,0.5154819000163116,52.643494799995096,0.860541582107544,ok,,2026,results/masks/sam_vit_b/ann648400_point_n20_t2.png,cpu,2026-10-05T06:52:44.442766+00:00
sam_vit_b:ann648400_point_n20_t3,setup3,sam_vit_b,32570,648400,ann648400_point_n20_t3,point,0.2,3,0.008134920634920636,0.8893718000035733,52.643494799995096,0.7309995889663696,ok,,2026,results/masks/sam_vit_b/ann648400_point_n20_t3.png,cpu,2026-10-05T06:52:45.574385+00:00
sam_vit_b:ann657044_box_n00_t0,"setup1,setup2",sam_vit_b,361147,657044,ann657044_box_n00_t0,box,0.0,0,0.8950512794981579,0.4176404000027105,21.93417380002211,0.9374749660491943,ok,,2026,results/masks/sam_vit_b/ann657044_box_n00_t0.png,cpu,2026-10-05T07:16:56.663652+00:00
sam_vit_b:ann657044_box_n10_t1,setup3,sam_vit_b,361147,657044,ann657044_box_n10_t1,box,0.1,1,0.8192349945071408,0.17602380001335405,21.93417380002211,0.9275977611541748,ok,,2026,results/masks/sam_vit_b/ann657044_box_n10_t1.png,cpu,2026-10-05T07:16:57.341396+00:00
sam_vit_b:ann657044_box_n10_t2,setup3,sam_vit_b,361147,657044,ann657044_box_n10_t2,box,0.1,2,0.09563642635391514,0.2706151000165846,21.93417380002211,0.7404264807701111,ok,,2026,results/masks/sam_vit_b/ann657044_box_n10_t2.png,cpu,2026-10-05T07:16:57.758573+00:00
sam_vit_b:ann657044_box_n10_t3,setup3,sam_vit_b,361147,657044,ann657044_box_n10_t3,box,0.1,3,0.8190954773869347,0.24460399997769855,21.93417380002211,0.7493788599967957,ok,,2026,results/masks/sam_vit_b/ann657044_box_n10_t3.png,cpu,2026-10-05T07:16:58.344277+00:00
sam_vit_b:ann657044_box_n20_t1,setup3,sam_vit_b,361147,657044,ann657044_box_n20_t1,box,0.2,1,0.8165055317452407,0.2591037999955006,21.93417380002211,0.9073253870010376,ok,,2026,results/masks/sam_vit_b/ann657044_box_n20_t1.png,cpu,2026-10-05T07:16:58.878486+00:00
sam_vit_b:ann657044_box_n20_t2,setup3,sam_vit_b,361147,657044,ann657044_box_n20_t2,box,0.2,2,0.05159044152555784,0.3059536000073422,21.93417380002211,0.4421446919441223,ok,,2026,results/masks/sam_vit_b/ann657044_box_n20_t2.png,cpu,2026-10-05T07:16:59.545154+00:00
sam_vit_b:ann657044_box_n20_t3,setup3,sam_vit_b,361147,657044,ann657044_box_n20_t3,box,0.2,3,0.5790215421783773,0.3329797000042163,21.93417380002211,0.6003210544586182,ok,,2026,results/masks/sam_vit_b/ann657044_box_n20_t3.png,cpu,2026-10-05T07:17:00.500408+00:00
sam_vit_b:ann657044_point_n00_t0,"setup1,setup2",sam_vit_b,361147,657044,ann657044_point_n00_t0,point,0.0,0,0.8091190880911909,0.3885178999917116,21.93417380002211,0.9367092847824097,ok,,2026,results/masks/sam_vit_b/ann657044_point_n00_t0.png,cpu,2026-10-05T07:16:56.241703+00:00
sam_vit_b:ann657044_point_n10_t1,setup3,sam_vit_b,361147,657044,ann657044_point_n10_t1,point,0.1,1,0.8100379924015197,0.20280840000486933,21.93417380002211,0.9331720471382141,ok,,2026,results/masks/sam_vit_b/ann657044_point_n10_t1.png,cpu,2026-10-05T07:16:57.111063+00:00
sam_vit_b:ann657044_point_n10_t2,setup3,sam_vit_b,361147,657044,ann657044_point_n10_t2,point,0.1,2,0.8100620124024805,0.19175800000084564,21.93417380002211,0.9448047280311584,ok,,2026,results/masks/sam_vit_b/ann657044_point_n10_t2.png,cpu,2026-10-05T07:16:57.540192+00:00
sam_vit_b:ann657044_point_n10_t3,setup3,sam_vit_b,361147,657044,ann657044_point_n10_t3,point,0.1,3,0.8072807280728073,0.2590644000156317,21.93417380002211,0.9371664524078369,ok,,2026,results/masks/sam_vit_b/ann657044_point_n10_t3.png,cpu,2026-10-05T07:16:58.055290+00:00
sam_vit_b:ann657044_point_n20_t1,setup3,sam_vit_b,361147,657044,ann657044_point_n20_t1,point,0.2,1,0.7993601919424173,0.23804070000187494,21.93417380002211,0.9410020112991333,ok,,2026,results/masks/sam_vit_b/ann657044_point_n20_t1.png,cpu,2026-10-05T07:16:58.612273+00:00
sam_vit_b:ann657044_point_n20_t2,setup3,sam_vit_b,361147,657044,ann657044_point_n20_t2,point,0.2,2,0.17915407854984894,0.34933869997621514,21.93417380002211,0.50839763879776,ok,,2026,results/masks/sam_vit_b/ann657044_point_n20_t2.png,cpu,2026-10-05T07:16:59.165051+00:00
sam_vit_b:ann657044_point_n20_t3,setup3,sam_vit_b,361147,657044,ann657044_point_n20_t3,point,0.2,3,0.0017985611510791368,0.5784618000034243,21.93417380002211,0.7496962547302246,ok,,2026,results/masks/sam_vit_b/ann657044_point_n20_t3.png,cpu,2026-10-05T07:16:59.883727+00:00
sam_vit_b:ann658626_box_n00_t0,"setup1,setup2",sam_vit_b,261732,658626,ann658626_box_n00_t0,box,0.0,0,0.7284500202347228,0.314774899976328,23.356448900012765,0.9041941165924072,ok,,2026,results/masks/sam_vit_b/ann658626_box_n00_t0.png,cpu,2026-10-05T07:12:43.901568+00:00
sam_vit_b:ann658626_box_n10_t1,setup3,sam_vit_b,261732,658626,ann658626_box_n10_t1,box,0.1,1,0.7449392712550608,0.24625930000911467,23.356448900012765,0.922049343585968,ok,,2026,results/masks/sam_vit_b/ann658626_box_n10_t1.png,cpu,2026-10-05T07:12:44.571412+00:00
sam_vit_b:ann658626_box_n10_t2,setup3,sam_vit_b,261732,658626,ann658626_box_n10_t2,box,0.1,2,0.7670178282009724,0.41036670000175945,23.356448900012765,0.878038763999939,ok,,2026,results/masks/sam_vit_b/ann658626_box_n10_t2.png,cpu,2026-10-05T07:12:45.085553+00:00
sam_vit_b:ann658626_box_n10_t3,setup3,sam_vit_b,261732,658626,ann658626_box_n10_t3,box,0.1,3,0.6549210206561361,0.168011400004616,23.356448900012765,0.8744962811470032,ok,,2026,results/masks/sam_vit_b/ann658626_box_n10_t3.png,cpu,2026-10-05T07:12:45.745311+00:00
sam_vit_b:ann658626_box_n20_t1,setup3,sam_vit_b,261732,658626,ann658626_box_n20_t1,box,0.2,1,0.7519125683060109,0.1849913999903947,23.356448900012765,0.9152330160140991,ok,,2026,results/masks/sam_vit_b/ann658626_box_n20_t1.png,cpu,2026-10-05T07:12:46.122410+00:00
sam_vit_b:ann658626_box_n20_t2,setup3,sam_vit_b,261732,658626,ann658626_box_n20_t2,box,0.2,2,0.05546935608999224,0.22634069999912754,23.356448900012765,0.691205620765686,ok,,2026,results/masks/sam_vit_b/ann658626_box_n20_t2.png,cpu,2026-10-05T07:12:46.538816+00:00
sam_vit_b:ann658626_box_n20_t3,setup3,sam_vit_b,261732,658626,ann658626_box_n20_t3,box,0.2,3,0.2040485829959514,0.18955020001158118,23.356448900012765,0.548368513584137,ok,,2026,results/masks/sam_vit_b/ann658626_box_n20_t3.png,cpu,2026-10-05T07:12:47.030028+00:00
sam_vit_b:ann658626_point_n00_t0,"setup1,setup2",sam_vit_b,261732,658626,ann658626_point_n00_t0,point,0.0,0,0.6463339494762785,0.2372033999999985,23.356448900012765,0.8619585037231445,ok,,2026,results/masks/sam_vit_b/ann658626_point_n00_t0.png,cpu,2026-10-05T07:12:43.638369+00:00
sam_vit_b:ann658626_point_n10_t1,setup3,sam_vit_b,261732,658626,ann658626_point_n10_t1,point,0.1,1,0.5796119494918386,0.27347039998858236,23.356448900012765,0.6328626871109009,ok,,2026,results/masks/sam_vit_b/ann658626_point_n10_t1.png,cpu,2026-10-05T07:12:44.240152+00:00
sam_vit_b:ann658626_point_n10_t2,setup3,sam_vit_b,261732,658626,ann658626_point_n10_t2,point,0.1,2,0.642791551882461,0.19350250001298264,23.356448900012765,0.8158484697341919,ok,,2026,results/masks/sam_vit_b/ann658626_point_n10_t2.png,cpu,2026-10-05T07:12:44.837213+00:00
sam_vit_b:ann658626_point_n10_t3,setup3,sam_vit_b,261732,658626,ann658626_point_n10_t3,point,0.1,3,0.6470951792336218,0.17631929999333806,23.356448900012765,0.8668853044509888,ok,,2026,results/masks/sam_vit_b/ann658626_point_n10_t3.png,cpu,2026-10-05T07:12:45.550081+00:00
sam_vit_b:ann658626_point_n20_t1,setup3,sam_vit_b,261732,658626,ann658626_point_n20_t1,point,0.2,1,0.680604696043744,0.16358359999139793,23.356448900012765,0.8430184125900269,ok,,2026,results/masks/sam_vit_b/ann658626_point_n20_t1.png,cpu,2026-10-05T07:12:45.934460+00:00
sam_vit_b:ann658626_point_n20_t2,setup3,sam_vit_b,261732,658626,ann658626_point_n20_t2,point,0.2,2,0.617802676626206,0.19034200001624413,23.356448900012765,0.5315454602241516,ok,,2026,results/masks/sam_vit_b/ann658626_point_n20_t2.png,cpu,2026-10-05T07:12:46.327052+00:00
sam_vit_b:ann658626_point_n20_t3,setup3,sam_vit_b,261732,658626,ann658626_point_n20_t3,point,0.2,3,0.6499844575691638,0.18628259998513386,23.356448900012765,0.8741872310638428,ok,,2026,results/masks/sam_vit_b/ann658626_point_n20_t3.png,cpu,2026-10-05T07:12:46.822046+00:00
sam_vit_b:ann683127_box_n00_t0,"setup1,setup2",sam_vit_b,419312,683127,ann683127_box_n00_t0,box,0.0,0,0.9126577013725219,0.18028569998568855,24.76973870000802,0.967889666557312,ok,,2026,results/masks/sam_vit_b/ann683127_box_n00_t0.png,cpu,2026-10-05T07:20:01.003041+00:00
sam_vit_b:ann683127_box_n10_t1,setup3,sam_vit_b,419312,683127,ann683127_box_n10_t1,box,0.1,1,0.8458247066942719,0.16123200001311488,24.76973870000802,0.8486491441726685,ok,,2026,results/masks/sam_vit_b/ann683127_box_n10_t1.png,cpu,2026-10-05T07:20:01.599861+00:00
sam_vit_b:ann683127_box_n10_t2,setup3,sam_vit_b,419312,683127,ann683127_box_n10_t2,box,0.1,2,0.39622436801562333,0.15614489998552017,24.76973870000802,0.7536947727203369,ok,,2026,results/masks/sam_vit_b/ann683127_box_n10_t2.png,cpu,2026-10-05T07:20:01.990558+00:00
sam_vit_b:ann683127_box_n10_t3,setup3,sam_vit_b,419312,683127,ann683127_box_n10_t3,box,0.1,3,0.9156106391867428,0.17004450000240467,24.76973870000802,0.6209759712219238,ok,,2026,results/masks/sam_vit_b/ann683127_box_n10_t3.png,cpu,2026-10-05T07:20:02.354108+00:00
sam_vit_b:ann683127_box_n20_t1,setup3,sam_vit_b,419312,683127,ann683127_box_n20_t1,box,0.2,1,0.5517337031900139,0.15871429999242537,24.76973870000802,0.5113902688026428,ok,,2026,results/masks/sam_vit_b/ann683127_box_n20_t1.png,cpu,2026-10-05T07:20:02.752783+00:00
sam_vit_b:ann683127_box_n20_t2,setup3,sam_vit_b,419312,683127,ann683127_box_n20_t2,box,0.2,2,0.020680384655154586,0.14998339998419397,24.76973870000802,0.876982569694519,ok,,2026,results/masks/sam_vit_b/ann683127_box_n20_t2.png,cpu,2026-10-05T07:20:03.160052+00:00
sam_vit_b:ann683127_box_n20_t3,setup3,sam_vit_b,419312,683127,ann683127_box_n20_t3,box,0.2,3,0.2746650426309379,0.16999709999072365,24.76973870000802,0.4563641846179962,ok,,2026,results/masks/sam_vit_b/ann683127_box_n20_t3.png,cpu,2026-10-05T07:20:03.585018+00:00
sam_vit_b:ann683127_point_n00_t0,"setup1,setup2",sam_vit_b,419312,683127,ann683127_point_n00_t0,point,0.0,0,0.4407563025210084,0.20997619998524897,24.76973870000802,0.8751809597015381,ok,,2026,results/masks/sam_vit_b/ann683127_point_n00_t0.png,cpu,2026-10-05T07:20:00.766296+00:00
sam_vit_b:ann683127_point_n10_t1,setup3,sam_vit_b,419312,683127,ann683127_point_n10_t1,point,0.1,1,0.44249894943269363,0.35791980000794865,24.76973870000802,0.8464058637619019,ok,,2026,results/masks/sam_vit_b/ann683127_point_n10_t1.png,cpu,2026-10-05T07:20:01.209624+00:00
sam_vit_b:ann683127_point_n10_t2,setup3,sam_vit_b,419312,683127,ann683127_point_n10_t2,point,0.1,2,0.44360375507916494,0.15516009999555536,24.76973870000802,0.8498861789703369,ok,,2026,results/masks/sam_vit_b/ann683127_point_n10_t2.png,cpu,2026-10-05T07:20:01.788110+00:00
sam_vit_b:ann683127_point_n10_t3,setup3,sam_vit_b,419312,683127,ann683127_point_n10_t3,point,0.1,3,0.3988552282563172,0.1593773000058718,24.76973870000802,0.8023377656936646,ok,,2026,results/masks/sam_vit_b/ann683127_point_n10_t3.png,cpu,2026-10-05T07:20:02.171348+00:00
sam_vit_b:ann683127_point_n20_t1,setup3,sam_vit_b,419312,683127,ann683127_point_n20_t1,point,0.2,1,0.5081967213114754,0.1638027000008151,24.76973870000802,0.7869205474853516,ok,,2026,results/masks/sam_vit_b/ann683127_point_n20_t1.png,cpu,2026-10-05T07:20:02.547557+00:00
sam_vit_b:ann683127_point_n20_t2,setup3,sam_vit_b,419312,683127,ann683127_point_n20_t2,point,0.2,2,0.4445845593386577,0.16620459998375736,24.76973870000802,0.8466254472732544,ok,,2026,results/masks/sam_vit_b/ann683127_point_n20_t2.png,cpu,2026-10-05T07:20:02.934808+00:00
sam_vit_b:ann683127_point_n20_t3,setup3,sam_vit_b,419312,683127,ann683127_point_n20_t3,point,0.2,3,0.40281847355936934,0.1553563000052236,24.76973870000802,0.8051767349243164,ok,,2026,results/masks/sam_vit_b/ann683127_point_n20_t3.png,cpu,2026-10-05T07:20:03.371329+00:00
